n,add_ns,gmp_add_ns,sub_ns,gmp_sub_ns,add_ns_per_limb,gmp_add_ns_per_limb,sub_ns_per_limb,gmp_sub_ns_per_limb,reps
1,1.151322577,1.901836994,1.145100699,2.074324505,1.151322576720,1.901836993877,1.145100699329,2.074324504503,1200000
2,1.133174556,2.281469580,1.134678109,2.093011047,0.566587278042,1.140734790203,0.567339054435,1.046505523297,600000
3,1.324690065,2.090418192,1.341978290,2.467186824,0.441563354942,0.696806063879,0.447326096703,0.822395608077,400000
4,1.733770000,2.090136066,1.709687634,2.071055719,0.433442500000,0.522534016440,0.427421908594,0.517763929814,300000
5,1.733623053,2.089299256,1.710351868,2.290440456,0.346724610628,0.417859851168,0.342070373534,0.458088091300,240000
6,1.741322760,2.482672587,1.719157808,2.294656160,0.290220460053,0.413778764440,0.286526301404,0.382442693386,200000
7,1.748926688,2.295760927,1.726023881,3.209388198,0.249846669733,0.327965846752,0.246574840190,0.458484028280,171428
8,2.109953333,2.458488881,1.512496250,2.448417698,0.263744166667,0.307311110074,0.189062031266,0.306052212289,150000
9,1.883040716,2.459782959,1.891305489,2.650382114,0.209226746264,0.273309217692,0.210145054344,0.294486901610,133333
10,2.083181947,2.835742915,2.080532662,2.650172497,0.208318194697,0.283574291500,0.208053266223,0.265017249713,120000
11,2.282305817,2.659202156,2.303410028,3.040269502,0.207482346981,0.241745650540,0.209400911674,0.276388136568,109090
12,2.838068097,2.842891571,2.676792928,2.842777861,0.236505674716,0.236907630924,0.223066077357,0.236898155092,100000
13,2.844247289,2.887328979,2.679746068,3.039269852,0.218788253009,0.222102229122,0.206134312886,0.233789988584,92307
14,2.835407893,3.218680729,2.669046452,3.105605787,0.202529135218,0.229905766353,0.190646175178,0.221828984758,85714
15,2.841038909,3.272737500,2.675841208,3.419311293,0.189402593940,0.218182500000,0.178389413863,0.227954086203,80000
16,2.664395798,3.456351323,2.661729416,3.404847935,0.166524737361,0.216021957658,0.166358088471,0.212802995960,75000
17,2.856066294,3.587661142,3.046292886,3.599396524,0.168003899626,0.211038890694,0.179193699181,0.211729207273,70588
18,3.064554836,3.833278334,3.234457727,3.787040648,0.170253046423,0.212959907469,0.179692095918,0.210391147109,66666
19,3.320772044,3.956415737,3.312894799,3.916384306,0.174777476014,0.208232407188,0.174362884176,0.206125489791,63157
20,3.866404453,4.148680855,3.811552178,4.157281650,0.193320222659,0.207434042766,0.190577608906,0.207864082524,60000
21,3.884916885,4.305771385,3.808753019,4.326678099,0.184996042161,0.205036732599,0.181369191361,0.206032290427,57142
22,3.888096504,4.579481915,3.827452202,4.528458563,0.176731659270,0.208158268849,0.173975100111,0.205839025601,54545
23,3.870680237,4.696467928,3.821962438,4.734954768,0.168290445083,0.204194257727,0.166172279901,0.205867598629,52173
24,3.560481533,4.898650135,3.623812666,4.934706529,0.148353397191,0.204110422291,0.150992194426,0.205612772056,50000
25,4.055594901,5.096150642,4.004291667,5.115254025,0.162223796034,0.203846025662,0.160171666667,0.204610161018,48000
26,4.257664724,5.359228769,4.201382269,5.361426467,0.163756335533,0.206124183442,0.161591625724,0.206208710260,46153
27,4.535482855,5.507064753,4.476172262,5.523860952,0.167980846475,0.203965361212,0.165784157842,0.204587442657,44444
28,5.082711153,5.712182374,4.753470683,5.739827345,0.181525398307,0.204006513355,0.169766810105,0.204993833744,42857
29,5.092093181,5.868124698,4.783513376,5.839555394,0.175589420021,0.202349127515,0.164948737116,0.201363979120,41379
30,5.101337333,6.181240938,4.720448921,6.057042870,0.170044577761,0.206041364598,0.157348297381,0.201901428988,40000
31,5.105948291,6.277783518,4.717757975,6.230431413,0.164708009402,0.202509145757,0.152185741127,0.200981658486,38709
32,4.408815765,6.480267719,4.235700381,6.470966194,0.137775492654,0.202508366220,0.132365636916,0.202217693559,37500
33,4.696763905,6.629364861,4.523068463,6.610267833,0.142326178949,0.200889844277,0.137062680698,0.200311146442,36363
34,4.933484419,6.854135977,4.773292541,6.851481502,0.145102482920,0.201592234628,0.140390957097,0.201514161837,35294
35,5.147731249,7.047363509,5.066081479,7.067288902,0.147078035693,0.201353243117,0.144745185117,0.201922540053,34285
36,5.947742613,7.208014638,5.679394121,7.256502565,0.165215072580,0.200222628820,0.157760947810,0.201569515695,33333
37,5.932387853,7.445691383,5.718373262,7.450007708,0.160334806828,0.201234902237,0.154550628697,0.201351559668,32432
38,5.893501805,7.677790090,5.733897017,7.767516226,0.155092152765,0.202047107638,0.150892026761,0.204408321738,31578
39,5.979494346,7.920484825,5.752258694,7.893380561,0.153320367834,0.203089354483,0.147493812655,0.202394373356,30769
40,5.587780407,8.159601413,5.370233333,8.160022665,0.139694510183,0.203990035326,0.134255833333,0.204000566629,30000
41,5.959136258,8.379445830,5.620609539,8.316728167,0.145344786781,0.204376727562,0.137088037547,0.202847028470,29268
42,6.192070824,8.630319149,5.894060827,8.576372607,0.147430257707,0.205483789260,0.140334781587,0.204199347794,28571
43,6.463754614,8.726315035,6.312800115,8.747751944,0.150319874733,0.202937558956,0.146809304992,0.203436091710,27906
44,7.198885508,8.925902841,7.046641244,8.891483668,0.163611034271,0.202861428214,0.160150937358,0.202079174263,27272
45,7.201530038,9.081673979,7.029620187,9.035546890,0.160034000850,0.201814977313,0.156213781927,0.200789930881,26666
46,7.198129838,9.372848875,7.013531125,9.394649086,0.156481083441,0.203757584241,0.152468067944,0.204231501866,26086
47,7.199569219,9.557274329,7.018407551,9.498884060,0.153182323803,0.203346262327,0.149327820234,0.202103916163,25531
48,6.978482582,9.757058306,6.721586819,9.746210152,0.145385053794,0.203272048042,0.140033058733,0.203046044825,25000
49,7.189595329,9.927448659,6.909473254,9.900477610,0.146726435276,0.202600993037,0.141009658253,0.202050563459,24489
50,7.360731545,10.143904675,7.128348261,10.172692436,0.147214630895,0.202878093492,0.142566965216,0.203453848717,24000
51,7.468029061,10.297157184,7.192647684,10.123008286,0.146431942365,0.201905042814,0.141032307526,0.198490358540,23529
52,8.182133264,10.598613518,7.776612798,10.549204836,0.157348716616,0.203819490735,0.149550246123,0.202869323769,23076
53,8.157297417,10.809795089,7.765243499,10.587575610,0.153911272012,0.203958397910,0.146514028276,0.199765577555,22641
54,8.049813257,10.907217423,7.733645280,10.873307239,0.149070615862,0.201985507826,0.143215653339,0.201357541462,22222
55,8.111487880,11.029143564,7.711176282,10.957697420,0.147481597814,0.200529882984,0.140203205126,0.199230862176,21818
56,7.837329726,11.245519881,7.687432918,11.242592506,0.139952316530,0.200812855009,0.137275587822,0.200760580468,21428
57,8.273547713,11.548221663,7.918035901,11.416330214,0.145149959876,0.202600380052,0.138912910541,0.200286494986,21052
58,8.402300517,11.729518101,8.044075005,11.642663831,0.144867250295,0.202233070714,0.138690948359,0.200735583301,20689
59,8.670729909,11.812496927,8.334021632,11.799400167,0.146961523883,0.200211812329,0.141254603936,0.199989833342,20338
60,9.310956713,12.035348233,8.844138965,12.019344197,0.155182611883,0.200589137210,0.147402316088,0.200322403279,20000
61,9.270223577,12.253048780,8.907048839,12.254408701,0.151970878315,0.200869652139,0.146017194078,0.200891945910,19672
62,9.314808119,12.485329063,8.892515882,12.465647278,0.150238840636,0.201376275208,0.143427675523,0.201058827058,19354
63,9.325406824,12.679073919,8.912322150,12.655118110,0.148022330542,0.201255141564,0.141465430960,0.200874890639,19047
64,8.569440742,12.783631032,8.321228603,12.896880832,0.133897511596,0.199744234871,0.130019196928,0.201513762997,18750
65,8.911129163,12.972273367,8.498618859,13.124431449,0.137094294820,0.199573436420,0.130747982451,0.201914329985,18461
66,9.027171223,13.295265849,8.630134726,13.176829604,0.136775321556,0.201443421958,0.130759617067,0.199648933387,18181
67,9.086752638,13.267455489,8.755316180,13.185218265,0.135623173698,0.198021723719,0.130676360898,0.196794302463,17910
68,9.831794233,13.503541277,9.440049864,13.396646462,0.144585209303,0.198581489370,0.138824262706,0.197009506799,17647
69,9.838861742,13.735042244,9.730570246,13.782798666,0.142592199158,0.199058583244,0.141022757189,0.199750705307,17391
70,9.844431487,13.665131195,9.584820908,13.850545221,0.140634735527,0.195216159933,0.136926012967,0.197864931733,17142
71,9.783174584,14.146811783,9.614315291,14.064285292,0.137791191329,0.199250870180,0.135412891427,0.198088525237,16901
72,9.623544942,14.500479789,9.353594144,14.398812380,0.133660346414,0.201395552624,0.129911029775,0.199983505278,16666
73,10.094094033,14.760610483,9.643087403,14.584529312,0.138275260729,0.202200143600,0.132097087718,0.199788072762,16438
74,10.340404539,14.915890732,9.895580349,14.937245716,0.139735196469,0.201566090972,0.133724058769,0.201854671834,16216
75,10.591914521,15.003935778,10.108000000,15.028055486,0.141225526952,0.200052477041,0.134773333333,0.200374073148,16000
76,11.213331645,15.296973917,10.782793112,15.285614790,0.147543837437,0.201275972598,0.141878856739,0.201126510400,15789
77,11.212508018,15.440951953,10.808338679,15.381166207,0.145616987246,0.200531843549,0.140368034788,0.199755405285,15584
78,11.195190120,15.629078383,10.749122579,15.626965562,0.143528078465,0.200372799781,0.137809263833,0.200345712334,15384
79,11.173171855,15.947216006,10.764500625,15.792286429,0.141432555132,0.201863493751,0.136259501588,0.199902359859,15189
80,11.091575580,16.058843129,10.723036928,16.155481506,0.138644694748,0.200735539118,0.134037961605,0.201943518827,15000
81,11.192198677,16.303535285,10.968612892,16.145999190,0.138175292312,0.201278213400,0.135414973979,0.199333323338,14814
82,11.317206505,16.464039342,11.016187419,16.465737515,0.138014713480,0.200780967580,0.134343749011,0.200801677006,14634
83,11.431554204,16.504011620,11.150792004,16.550708607,0.137729568717,0.198843513492,0.134346891613,0.199406127795,14457
84,12.288444040,16.914047736,11.884418946,16.888297872,0.146291000477,0.201357711139,0.141481177933,0.201051165147,14285
85,12.241110639,17.007364396,11.849210284,17.046590668,0.144013066340,0.200086639953,0.139402473930,0.200548125502,14117
86,12.258563853,17.338442805,11.860295171,17.321129182,0.142541440147,0.201609800058,0.137910408968,0.201408478866,13953
87,12.188066410,17.278031456,11.864588619,17.382391304,0.140092717362,0.198598062714,0.136374581828,0.199797601199,13793
88,11.994720246,17.592405249,11.698600015,17.576204091,0.136303639164,0.199913696010,0.132938636530,0.199729591939,13636
89,12.362167371,17.798220904,11.911564122,17.843295758,0.138900756976,0.199980010162,0.133837799119,0.200486469190,13483
90,12.459086477,17.867886331,12.023697038,18.020839580,0.138434294191,0.198532070347,0.133596633754,0.200231550891,13333
91,12.702934263,18.236925875,12.290134223,18.220065216,0.139592684213,0.200405778851,0.135056420034,0.200220496876,13186
92,13.472679899,18.408031882,13.025986968,18.450670755,0.146442172814,0.200087303068,0.141586814872,0.200550769077,13043
93,13.504803967,18.604694399,12.981871707,18.667028116,0.145212945883,0.200050477411,0.139590018360,0.200720732425,12903
94,13.468703486,18.787532305,13.024514411,18.842521535,0.143284079639,0.199867364945,0.138558663947,0.200452356754,12765
95,13.522203752,19.035776476,12.984650684,18.986703601,0.142338986864,0.200376594486,0.136680533520,0.199860037906,12631
96,12.833746501,19.230424698,12.395680000,19.238685431,0.133684859390,0.200316923938,0.129121666667,0.200402973240,12500
97,13.047603653,19.397769517,12.541077631,19.360668983,0.134511377867,0.199977005327,0.129289460118,0.199594525596,12371
98,13.187969311,19.716862553,12.692420778,19.678154349,0.134571115420,0.201192475031,0.129514497730,0.200797493354,12244
99,13.392067942,19.933267343,12.899150656,19.782927835,0.135273413555,0.201346134778,0.130294451066,0.199827553889,12121
100,14.189369324,19.850345805,13.722948771,19.937198068,0.141893693243,0.198503458045,0.137229487713,0.199371980676,12000
101,14.188777656,20.193301355,13.729782042,20.183982502,0.140482947092,0.199933676781,0.135938436055,0.199841410910,11881
102,14.132341691,20.429821580,13.740139408,20.500509771,0.138552369524,0.200292368434,0.134707249102,0.200985389908,11764
103,14.191628067,20.556738197,13.746354435,20.566071735,0.137782796763,0.199579982499,0.133459751793,0.199670599369,11650
104,13.907500433,20.797712900,13.329057977,20.837432877,0.133725965702,0.199978008650,0.128164019012,0.200359931511,11538
105,14.162571054,20.859655263,13.609463833,20.991690720,0.134881629084,0.198663383456,0.129613941264,0.199920863999,11428
106,14.350666549,21.261172938,13.836423023,21.385213320,0.135383646688,0.200577103185,0.130532292666,0.201747295475,11320
107,14.687355092,21.447079804,14.105305395,21.423172906,0.137265000858,0.200439998167,0.131825284061,0.200216569211,11214
108,15.595430833,21.588092454,15.037233564,21.537548341,0.144402137342,0.199889744948,0.139233644113,0.199421743895,11111
109,15.509990917,21.691874716,15.039578794,21.549836601,0.142293494655,0.199008024920,0.137977787105,0.197704922948,11009
110,15.588817599,22.097983501,14.974518790,22.133131757,0.141716523623,0.200890759103,0.136131989001,0.201210288703,10909
111,15.588735781,22.109467456,15.064250716,22.189569077,0.140439061090,0.199184391492,0.135713970419,0.199906027722,10810
112,15.130073715,22.406754361,14.767780474,22.397201493,0.135089943881,0.200060306798,0.131855182805,0.199975013326,10714
113,15.287597702,22.513032841,14.836344815,22.547645951,0.135288475241,0.199230379123,0.131295086855,0.199536689832,10619
114,15.381526486,22.903256432,14.975876152,22.787939221,0.134925670927,0.200905758177,0.131367334663,0.199894203695,10526
115,15.517442975,22.980162913,14.987829420,22.870210728,0.134934286738,0.199827503594,0.130328951480,0.198871397635,10434
116,16.427784755,23.168438346,15.867459397,23.202976996,0.141618834096,0.199727916772,0.136788443075,0.200025663758,10344
117,16.465678627,23.299805068,15.943453251,23.350911395,0.140732295959,0.199143633062,0.136268831209,0.199580439272,10256
118,16.444979841,23.589952812,15.859769889,23.634299754,0.139364235938,0.199914854336,0.134404829567,0.200290675884,10169
119,16.446449821,23.774078478,15.910767400,23.686527213,0.138205460685,0.199782172084,0.133703927734,0.199046447170,10084
120,16.054389122,23.975507348,15.741555067,23.983613110,0.133786576018,0.199795894565,0.131179625558,0.199863442579,10000
121,16.472034667,24.114694618,15.930867681,24.051098569,0.136132517909,0.199294996843,0.131660063481,0.198769409660,9917
122,16.580707461,24.402114251,16.086010573,24.336245429,0.135907438204,0.200017329925,0.131852545684,0.199477421547,9836
123,16.737241238,24.498104702,16.158364084,24.469425382,0.136075132016,0.199171582946,0.131368813688,0.198938417736,9756
124,17.675134242,24.679235537,17.061163343,24.711363636,0.142541405178,0.199026093042,0.137590026962,0.199285190616,9677
125,17.692724055,24.937239800,17.002187500,24.790235270,0.141541792443,0.199497918401,0.136017500000,0.198321882157,9600
126,17.765848027,25.158673523,16.962624672,25.220193115,0.140998793864,0.199672012087,0.134624005333,0.200160262818,9523
127,17.712063492,25.445385267,17.031428571,25.265072985,0.139465066867,0.200357364305,0.134105736783,0.198937582559,9448
128,17.006931855,25.596822350,16.443164854,25.483582090,0.132866655114,0.199975174611,0.128462225421,0.199090485075,9375
129,17.196839389,25.585124678,16.662653193,25.622246104,0.133308832476,0.198334299826,0.129167854208,0.198622062824,9302
130,17.376882245,26.040407323,16.790425647,26.085732843,0.133668324959,0.200310825563,0.129157120363,0.200659483405,9230
131,17.562991266,26.237092021,17.003928844,26.027598996,0.134068635621,0.200283145195,0.129800983544,0.198683961805,9160
132,18.428005720,26.253847845,17.849967026,26.340594059,0.139606103939,0.198892786706,0.135227022922,0.199549954995,9090
133,18.422177911,26.449628727,17.867339022,26.642912557,0.138512615870,0.198869388922,0.134340894906,0.200322650803,9022
134,18.435476669,26.628166499,17.775879397,26.639437563,0.137578184096,0.198717660442,0.132655816395,0.198801772857,8955
135,18.142423220,26.854974705,17.577100439,26.533273381,0.134388320146,0.198925738555,0.130200743990,0.196542765787,8888
136,17.786353848,26.713379404,17.264392566,26.723669309,0.130782013587,0.196421907383,0.126944062983,0.196497568450,8823
137,18.106013922,26.957777017,17.441602923,26.969292237,0.132160685563,0.196772095015,0.127310970239,0.196856147719,8759
138,18.425137994,27.114788004,17.589608001,27.294814304,0.133515492714,0.196483971044,0.127460927543,0.197788509448,8695
139,18.831635016,27.402407965,17.930615082,27.280504746,0.135479388606,0.197139625646,0.128997230803,0.196262624075,8633
140,20.033469388,38.366542231,27.704044760,28.577689707,0.143096209913,0.274046730218,0.197886034003,0.204126355053,8571
141,19.398120963,27.573778195,18.626879699,27.658407703,0.137575325979,0.195558710606,0.132105529782,0.196158919880,8510
142,19.420953057,27.865555161,18.653145695,27.933767002,0.136767275047,0.196236303954,0.131360180953,0.196716669027,8450
143,19.322457728,27.836170973,18.633754169,27.845228166,0.135122082014,0.194658538271,0.130305973207,0.194721875289,8391
144,18.903813864,28.111550918,18.383775351,28.294844125,0.131276485168,0.195219103594,0.127665106604,0.196491973088,8333
145,19.044460553,28.292320695,18.569669162,27.871466538,0.131341107264,0.195119453072,0.128066683876,0.192217010606,8275
146,19.195985401,28.688564477,18.726631822,28.658803502,0.131479352065,0.196497016965,0.128264601521,0.196293174671,8219
147,19.442920137,28.715509854,18.797037581,28.639157585,0.132264762838,0.195343604451,0.127871003953,0.194824201261,8163
148,20.111028959,28.903858006,19.524349649,28.998643650,0.135885330802,0.195296337876,0.131921281410,0.195936781418,8108
149,20.193572404,28.974056604,19.547326634,29.144700918,0.135527331567,0.194456755730,0.131190111640,0.195602019586,8053
150,20.230826880,29.073694729,19.561054868,29.445083094,0.134872179199,0.193824631526,0.130407032454,0.196300553959,8000
151,20.242237586,29.488866524,19.580596451,29.515776241,0.134054553552,0.195290506782,0.129672824182,0.195468716830,7947
152,20.029367089,29.593061535,19.384829682,29.745316456,0.131772151899,0.194691194306,0.127531774225,0.195692871419,7894
153,20.306281055,29.984584023,19.634625191,29.514842655,0.132720791209,0.195977673356,0.128330883603,0.192907468334,7843
154,20.548076923,30.183369691,19.670600308,30.120205260,0.133429070929,0.195995907083,0.127731170830,0.195585748440,7792
155,20.628471774,30.044415752,19.890796437,30.130990828,0.133086914669,0.193834940336,0.128327718951,0.194393489213,7741
156,21.373652072,30.436370727,20.647142857,30.399532407,0.137010590207,0.195104940555,0.132353479853,0.194868797480,7692
157,21.422291994,30.635269492,20.664530473,30.553956835,0.136447719705,0.195129105047,0.131621213207,0.194611190029,7643
158,21.450933965,30.843470247,20.668201552,30.871875822,0.135765404840,0.195211837009,0.130811402231,0.195391619128,7594
159,21.401641514,30.505693856,20.629899364,30.965160948,0.134601518959,0.191859709786,0.129747794745,0.194749439927,7547
160,20.816413536,31.148800000,20.002133049,31.336710211,0.130102584599,0.194680000000,0.125013331556,0.195854438816,7500
161,21.004291845,31.328060062,20.196833490,31.407293203,0.130461440034,0.194584223986,0.125446170745,0.195076355297,7453
162,21.254218982,31.771794872,20.354281861,31.753068105,0.131198882605,0.196122190567,0.125643715192,0.196006593242,7407
163,21.490363735,31.849633252,20.568539631,31.806543579,0.131842722301,0.195396523017,0.126187359698,0.195132169194,7361
164,22.231630702,32.019254404,21.339890710,32.140770071,0.135558723793,0.195239356122,0.130121284819,0.195980305311,7317
165,22.190181518,32.096042869,21.395959318,32.214020619,0.134485948595,0.194521471933,0.129672480717,0.195236488597,7272
166,22.154250173,32.321576763,21.392536282,32.387913152,0.133459338390,0.194708293756,0.128870700494,0.195107910552,7228
167,22.148477687,32.433064292,21.425549680,32.452685778,0.132625614890,0.194209965818,0.128296704670,0.194327459748,7185
168,21.911151532,32.665873460,21.140979021,32.846067730,0.130423521024,0.194439722978,0.125839160839,0.195512307918,7142
169,22.249436620,32.929084002,21.368880135,33.121463758,0.131653471123,0.194846650898,0.126443077722,0.195984992650,7100
170,22.449115357,33.314305949,21.564491009,33.350184084,0.132053619749,0.195966505582,0.126849947115,0.196177553434,7058
171,22.835874056,33.386434882,21.788439636,33.422304515,0.133543123135,0.195242309250,0.127417775646,0.195452073187,7017
172,23.602407912,47.243014759,34.220504009,47.246275072,0.137223301812,0.274668690457,0.198956418658,0.274687645765,6976
173,34.743223760,48.172866205,33.702044931,48.156096858,0.200827883006,0.278455874019,0.194809508271,0.278358941375,6936
174,34.685788787,48.025785890,22.802723059,34.480289855,0.199343613721,0.276010263737,0.131050132524,0.198162585374,6896
175,23.673859163,34.311580481,22.659524851,34.279533867,0.135279195218,0.196066174175,0.129482999146,0.195883050671,6857
176,23.161900572,34.408004691,22.413479853,33.547706288,0.131601707795,0.195500026656,0.127349317349,0.190611967543,6818
177,23.276492262,34.558273169,22.555784819,34.685002212,0.131505606002,0.195244481182,0.127433812539,0.195960464475,6779
178,23.331012002,34.855237813,22.708845755,34.817427386,0.131073101134,0.195815942770,0.127577785140,0.195603524640,6741
179,23.619856887,35.010880906,22.618791946,34.770389146,0.131954507750,0.195591513443,0.126361966180,0.194247984054,6703
180,24.316751573,35.162291885,23.430543054,35.016639185,0.135093064296,0.195346066030,0.130169683635,0.194536884359,6666
181,24.346345139,35.424219575,23.479053647,35.284378770,0.134510194140,0.195713920302,0.129718528435,0.194941319169,6629
182,24.317727273,35.564366945,23.626401940,35.623939394,0.133613886114,0.195408609586,0.129815395275,0.195735930736,6593
183,24.344922232,35.385072353,23.552591463,35.565462582,0.133032361926,0.193361051111,0.128702685592,0.194346790065,6557
184,24.035840098,36.028518859,23.316482843,36.051195586,0.130629565750,0.195807167713,0.126720015452,0.195930410791,6521
185,24.485133261,35.944050555,23.557437635,36.039155234,0.132352071683,0.194292165161,0.127337500728,0.194806244506,6486
186,24.677714109,36.341338705,23.640886547,36.411099054,0.132675882305,0.195383541423,0.127101540574,0.195758597067,6451
187,24.800374007,36.556887160,23.797880630,36.388914837,0.132622320891,0.195491375185,0.127261393741,0.194593127472,6417
188,25.800563998,36.646211647,24.597652582,36.765037594,0.137237042543,0.194926657696,0.130838577565,0.195558710606,6382
189,25.720743424,36.879842520,24.608811959,36.801952141,0.136088589546,0.195131441903,0.130205354281,0.194719323498,6349
190,25.684718923,37.114575091,24.563103721,37.214692844,0.135182731175,0.195339868900,0.129279493270,0.195866804440,6315
191,25.758510977,37.155240973,24.621935689,37.138880051,0.134861314015,0.194530057453,0.128910658059,0.194444398172,6282
192,25.124800000,37.530860249,24.004160000,37.606937340,0.130858333333,0.195473230466,0.125021666667,0.195869465313,6250
193,25.199903583,37.506027970,24.371722696,37.653320470,0.130569448619,0.194331751139,0.126278355937,0.195094924713,6217
194,25.515503876,37.859890110,24.481092437,37.891437803,0.131523215856,0.195154072731,0.126191198129,0.195316689706,6185
195,25.765097403,37.954855473,24.624593892,37.938119214,0.132128704629,0.194640284475,0.126279968678,0.194554457507,6153
196,26.581740977,38.075755102,25.495757180,38.041149575,0.135621127432,0.194264056643,0.130080393776,0.194087497834,6122
197,26.372684047,38.180236376,26.231779383,38.091043307,0.133871492622,0.193808306475,0.133156240522,0.193355549782,6091
198,26.353513692,38.414509481,25.261056106,38.518549052,0.133098553999,0.194012674145,0.127581091442,0.194538126525,6060
199,26.451848168,38.517401392,25.981947665,38.387636725,0.132923860143,0.193554780865,0.130562551079,0.192902697112,6030
200,26.064311896,38.750708215,25.105210588,38.766283525,0.130321559480,0.193753541076,0.125526052938,0.193831417625,6000
201,26.461178046,39.066320549,25.358051557,39.172719665,0.131647651968,0.194359803728,0.126159460481,0.194889152564,5970
202,26.702525253,39.177994616,25.459104679,39.575803466,0.132190719072,0.193950468398,0.126035171676,0.195919819140,5940
203,27.133975334,39.535859269,25.813493405,39.548158162,0.133664903122,0.194757927435,0.127160066037,0.194818513111,5911
204,27.803395586,39.674485807,26.447707980,39.623747240,0.136291154832,0.194482773562,0.129645627351,0.194234055096,5882
205,27.779863481,39.867872994,26.553809361,39.553166069,0.135511529177,0.194477429240,0.129530777371,0.192942273509,5853
206,27.916952642,40.057481126,26.531330472,40.291252144,0.135519187585,0.194453791872,0.128792866369,0.195588602641,5825
207,27.912728527,40.262795106,26.460465116,40.335631788,0.134844099165,0.194506256551,0.127828333895,0.194858124578,5797
208,27.419421845,40.589752467,26.361433270,40.518967608,0.131824143487,0.195143040705,0.126737659951,0.194802728884,5769
209,27.587928335,40.721294363,26.685594844,40.589208007,0.131999657107,0.194838729011,0.127682271981,0.194206736875,5741
210,27.611305565,40.901398601,26.735083115,40.985317252,0.131482407454,0.194768564769,0.127309919593,0.195168177392,5714
211,27.802180411,41.215855159,26.699279817,41.024762908,0.131763888206,0.195335806441,0.126536871172,0.194430155964,5687
212,28.669724771,41.268714689,27.462394068,41.520756050,0.135234550805,0.194663748534,0.129539594659,0.195852622878,5660
213,28.799751465,41.483596382,27.464501242,41.645327186,0.135210100773,0.194758668462,0.128941320387,0.195517968008,5633
214,28.845770258,41.935650624,27.578919208,41.536707056,0.134793318964,0.195960984224,0.128873454244,0.194096761945,5607
215,28.810137919,41.838617231,27.526033280,41.855710705,0.134000641482,0.194598219679,0.128028061766,0.194677724211,5581
216,28.437511239,42.247480202,27.352327881,42.156570196,0.131655144625,0.195590186118,0.126631147596,0.195169306463,5555
217,28.631464738,42.300578035,27.462470610,42.400542005,0.131942233815,0.194933539330,0.126555164099,0.195394202790,5529
218,28.841436865,42.533030853,27.591718126,42.368803341,0.132300169106,0.195105646115,0.126567514338,0.194352308905,5504
219,29.178818812,42.430943259,27.917760759,42.637474913,0.133236615578,0.193748599354,0.127478359628,0.194691666271,5479
220,30.006042849,43.034988093,28.687980945,42.761808861,0.136391103860,0.195613582241,0.130399913388,0.194371858460,5454
221,29.946583164,43.131002760,28.658994660,42.955841766,0.135504901197,0.195162908416,0.129678708870,0.194370324735,5429
222,30.035146134,43.279770710,28.598743765,43.003142910,0.135293451054,0.194953922117,0.128823170113,0.193707850946,5405
223,29.966177290,43.323736999,28.575616998,43.426128972,0.134377476639,0.194276847527,0.128141780258,0.194736004360,5381
224,29.304753029,43.650382249,28.036200784,43.669526296,0.130824790308,0.194867777896,0.125161610642,0.194953242394,5357
225,29.625492034,43.750702379,28.254218223,43.782983508,0.131668853483,0.194447566128,0.125574303212,0.194591037814,5333
226,29.650112867,43.942959337,28.398568469,44.151977401,0.131195189676,0.194437873174,0.125657382605,0.195362731863,5309
227,29.905931243,44.295218295,28.747402229,44.204798791,0.131744190497,0.195133120243,0.126640538455,0.194734796435,5286
228,30.730221969,44.252230025,29.467224017,44.499145624,0.134781675304,0.194088728178,0.129242210600,0.195171691332,5263
229,30.910823171,44.666857252,29.522675305,44.771695594,0.134981760571,0.195051778392,0.128919979497,0.195509587747,5240
230,30.808127276,44.819417848,29.554747320,44.896723510,0.133948379462,0.194867034120,0.128498901392,0.195203145697,5217
231,30.882115385,44.790993072,29.553908356,45.028098537,0.133688811189,0.193900402907,0.127938997211,0.194926833495,5194
232,30.489082126,45.166248310,29.009665571,45.368339768,0.131418457438,0.194682104787,0.125041661945,0.195553188657,5172
233,30.904401784,46.024835080,29.423666343,45.550446255,0.132636917528,0.197531481028,0.126281829800,0.195495477491,5150
234,31.087439143,45.575993765,29.616358325,45.658028059,0.132852304030,0.194769204122,0.126565633868,0.195119778031,5128
235,31.491774383,45.776125245,29.739929605,45.777973396,0.134007550566,0.194792022318,0.126552891936,0.194799886791,5106
236,32.243562021,46.088246855,30.522209119,46.755896226,0.136625262800,0.195289181590,0.129331394574,0.198118204349,5084
237,32.109004739,46.114488749,30.617054876,45.979072063,0.135481032655,0.194575901892,0.129185885551,0.194004523473,5063
238,32.118008727,46.308225966,30.601506741,46.425569871,0.134949616499,0.194572378010,0.128577759415,0.195065419627,5042
239,31.934752337,46.269759108,30.312251392,46.272998805,0.133618210617,0.193597318444,0.126829503733,0.193610873662,5020
240,31.587859425,46.504198321,30.385691447,46.842651757,0.131616080937,0.193767493003,0.126607047695,0.195177715655,5000
241,31.703354087,46.937399679,30.502108857,46.762640449,0.131549187084,0.194760994519,0.126564767042,0.194035852487,4979
242,31.869731801,47.169016922,30.545729251,47.193626462,0.131693106615,0.194913293065,0.126222021697,0.195014985381,4958
243,32.325167038,47.231220895,30.626566923,47.167881733,0.133025378757,0.194367164177,0.126035254826,0.194106509191,4938
244,32.980886539,47.491573604,31.476829268,47.549501931,0.135167567784,0.194637596738,0.129003398641,0.194875007915,4918
245,32.929255861,47.423061224,31.620106036,49.075667958,0.134405125965,0.193563515202,0.129061657289,0.200308848810,4897
246,33.103603604,47.050347933,31.507380074,47.830671581,0.134567494324,0.191261576963,0.128078780788,0.194433624312,4878
247,33.020567668,47.726768092,31.440148087,48.010078157,0.133686508776,0.193225781749,0.127288048936,0.194372786061,4858
248,32.616990492,48.082989265,31.289049587,50.509714758,0.131520122951,0.193883021230,0.126165522527,0.203668204670,4838
249,32.923762171,48.242380261,31.430734135,48.293056995,0.132223944462,0.193744499041,0.126227847933,0.193948020060,4819
250,33.247712146,48.621436004,31.624791667,48.561849229,0.132990848586,0.194485744017,0.126499166667,0.194247396918,4800
251,33.460622519,48.642991435,31.755020921,48.644797326,0.133309253065,0.193796778626,0.126514027572,0.193803973408,4780
252,34.270627756,49.071173630,32.473761545,48.927448102,0.135994554586,0.194726879484,0.128864133115,0.194156540089,4761
253,34.245151771,49.167754157,32.501578615,49.084281500,0.135356331109,0.194338949237,0.128464737609,0.194009017787,4743
254,34.383996613,49.549143944,32.536770921,49.665044435,0.135370065406,0.195075369859,0.128097523313,0.195531671004,4724
255,34.403438031,49.531946508,32.494052676,49.655633355,0.134915443257,0.194242927483,0.127427657554,0.194727973939,4705
256,33.571580969,49.493071840,31.983358225,49.862657283,0.131138988159,0.193332311874,0.124934993066,0.194776005012,4687
257,33.750481078,49.990582192,32.263225530,50.097519247,0.131324829096,0.194515884015,0.125537842530,0.194931981507,4669
258,33.942881683,50.045962199,32.421730728,50.274349602,0.131561556913,0.193976597672,0.125665622976,0.194861820164,4651
259,34.321690384,50.348200819,32.515210356,50.357050453,0.132516179088,0.194394597756,0.125541352726,0.194428766227,4633
260,35.070175439,50.589954536,33.479342418,50.566356354,0.134885290148,0.194576748214,0.128766701609,0.194485985978,4615
261,35.159391965,50.729030856,33.489139878,50.976071351,0.134710314043,0.194364102897,0.128310880760,0.195310618203,4597
262,35.176047120,51.147065241,33.420226678,51.099061750,0.134259721834,0.195217806264,0.127558117093,0.195034586832,4580
263,35.106313021,51.403416557,33.563102542,51.210780018,0.133484079926,0.195450253069,0.127616359474,0.194717794743,4562
264,34.757202551,51.589050132,33.200351494,51.552353718,0.131656070269,0.195413068682,0.125758907174,0.195274067112,4545
265,35.152063562,51.687334510,33.412530333,51.568086515,0.132649296461,0.195046545321,0.126085020125,0.194596552887,4528
266,35.192162940,51.858599291,33.587023915,51.959034544,0.132301364436,0.194957140191,0.126267007199,0.195334716330,4511
267,35.677792612,51.880560498,33.662216288,51.936888889,0.133624691432,0.194309215349,0.126075716436,0.194520183104,4494
268,36.541480821,52.193311037,34.494870651,52.095333780,0.136348809032,0.194751160585,0.128712203922,0.194385573805,4477
269,36.511315259,52.458454647,34.441360788,51.913530466,0.135729796501,0.195012842555,0.128034798468,0.192987102104,4460
270,36.498424842,52.701482480,34.570658279,52.642857143,0.135179351268,0.195190675851,0.128039475108,0.194973544974,4444
271,36.478103837,52.880297565,34.469512195,52.779481398,0.134605549216,0.195130249319,0.127193771938,0.194758233941,4428
272,35.900792752,53.009732911,34.447213412,53.028526149,0.131988208647,0.194888723937,0.126644166955,0.194957816724,4411
273,35.900454545,53.188125569,34.358927760,53.362229807,0.131503496503,0.194828298786,0.125856878242,0.195466043248,4395
274,36.221031022,53.257181943,34.585293446,53.482334169,0.132193543876,0.194369277163,0.126223698708,0.195191000617,4379
275,36.395140958,53.642334096,34.645080092,53.482592762,0.132345967120,0.195063033077,0.125982109424,0.194482155499,4363
276,37.184615385,53.557904412,35.429556424,53.635402299,0.134726867336,0.194050378303,0.128367958057,0.194331167749,4347
277,37.188609638,53.644603321,35.313824885,53.750864254,0.134254908440,0.193662827874,0.127486732436,0.194046441352,4332
278,37.171025226,53.649236465,35.426388889,53.867715079,0.133708723833,0.192982864981,0.127433053557,0.193768759276,4316
279,37.169920967,54.170346270,35.412927226,54.334416338,0.133225523179,0.194158947204,0.126928054574,0.194747011964,4301
280,36.880280047,54.522266263,35.147216399,54.246092839,0.131715285881,0.194722379509,0.125525772853,0.193736045853,4285
281,37.195081967,54.505736362,35.415614773,54.277153558,0.132366839741,0.193970592034,0.126034216275,0.193157130100,4270
282,37.495652174,54.755925839,35.456424712,55.081651807,0.132963305581,0.194169949784,0.125732002526,0.195325006407,4255
283,37.801226126,55.080329800,35.680028295,55.034149788,0.133573237194,0.194630140635,0.126077838499,0.194466960382,4240
284,38.525756144,55.275650118,36.510648367,55.372637051,0.135654070928,0.194632570839,0.128558621011,0.194974074123,4225
285,38.536874555,55.226388230,36.528028504,55.501659554,0.135217103703,0.193776800806,0.128168521065,0.194742665103,4210
286,38.631366016,55.663017611,36.497974744,55.730000000,0.135074706350,0.194625935702,0.127615296307,0.194860139860,4195
287,38.518775413,55.707048984,36.560754357,55.971571906,0.134211761019,0.194101215974,0.127389388002,0.195022898628,4181
288,37.826743350,56.275953009,36.002400384,56.096836050,0.131342858855,0.195402614614,0.125008334667,0.194780680729,4166
289,37.978605769,56.250240616,36.155528846,56.397062365,0.131413860793,0.194637510782,0.125105636146,0.195145544514,4152
290,38.147200772,56.403911154,36.311503142,58.608170172,0.131542071628,0.194496245359,0.125212079799,0.202097138523,4137
291,38.591426496,56.559621910,36.862227603,59.024472983,0.132616585895,0.194362961889,0.126674321659,0.202833240491,4123
292,39.302404664,59.366796305,37.511073254,59.002677050,0.134597276245,0.203310946251,0.128462579636,0.202063962501,4109
293,39.272970997,56.642996584,37.659340659,59.555013418,0.134037443675,0.193320807453,0.128530172899,0.203259431460,4095
294,39.583659491,57.885707293,37.625612145,57.645374449,0.134638297589,0.196890160861,0.127978272602,0.196072702209,4081
295,39.322596508,57.569815951,37.471368887,59.804764244,0.133296937317,0.195151918478,0.127021589446,0.202728014385,4067
296,38.968472906,59.652527744,37.157622102,60.289726534,0.131650246305,0.201528809944,0.125532507100,0.203681508560,4054
297,39.362917182,60.325012358,37.226980198,59.648775662,0.132535074686,0.203114519724,0.125343367670,0.200837628490,4040
298,39.444775379,61.031753907,37.415178571,59.935747953,0.132365018049,0.204804543313,0.125554290508,0.201126670984,4026
299,39.889579707,59.935009960,37.729945192,60.653549191,0.133409965574,0.200451538328,0.126187107665,0.202854679567,4013
300,40.603792415,60.901024744,38.428642839,60.895578316,0.135345974717,0.203003415813,0.128095476131,0.202985261054,4000
301,40.588822355,60.604744070,38.358660335,61.416187859,0.134846585898,0.201344664684,0.127437409751,0.204040491226,4000
302,40.619011976,61.478641019,38.390750000,61.359530938,0.134500039656,0.203571659004,0.127121688742,0.203177254762,4000
303,40.559750000,61.681659170,38.543434848,61.594202899,0.133860561056,0.203569832246,0.127206055603,0.203281197685,4000
304,40.036481759,61.867015968,38.308672832,61.346326837,0.131698953155,0.203509920948,0.126015371157,0.201797127752,4000
305,40.586327345,61.538077403,38.427572428,61.494261477,0.133069925722,0.201764188207,0.125992040746,0.201620529433,4000
306,40.521457086,62.813593203,38.536365909,62.728385807,0.132423062372,0.205273180403,0.125935836302,0.204994724860,4000
307,40.559161258,61.155305868,38.723165252,61.657927591,0.132114531785,0.199202950709,0.126134088769,0.200840155018,4000
308,41.729223858,62.868565717,39.765808548,62.711360799,0.135484493046,0.204118719861,0.129109768013,0.203608314282,4000
309,41.629092727,62.643695381,39.803299175,62.850723914,0.134721982935,0.202730405763,0.128813265939,0.203400401017,4000
310,41.777528090,63.173120160,39.621162965,62.676580855,0.134766219645,0.203784258580,0.127810203112,0.202182518886,4000
311,41.661427146,63.227193202,39.766350474,63.141716567,0.133959572816,0.203302872031,0.127866078695,0.203028027546,4000
312,41.564262541,63.344327836,39.573852295,62.750874563,0.133218790194,0.203026691782,0.126839270178,0.201124597957,4000
313,41.559250000,63.274451098,39.508614232,63.601049213,0.132777156550,0.202154795840,0.126225604576,0.203198240297,4000
314,41.671157685,64.052723638,39.686298977,63.990254873,0.132710693263,0.203989565727,0.126389487187,0.203790620613,4000
315,41.947079381,63.606946527,39.861277445,63.998001998,0.133165331368,0.201926814371,0.126543737921,0.203168260311,4000
316,42.869597802,64.727976042,40.574282147,64.538711289,0.135663284182,0.204835367221,0.128399627048,0.204236428129,4000
317,42.671157685,64.555750000,40.461576846,64.353911522,0.134609330235,0.203645899054,0.127639043679,0.203009184612,4000
318,42.903774056,64.270277015,40.559610097,64.255372314,0.134917528480,0.202107789356,0.127545943703,0.202060919226,4000
319,42.691117764,64.821250000,40.544591556,64.869261477,0.133827955375,0.203201410658,0.127099033092,0.203351916856,4000
320,42.002997003,65.124001996,39.906367041,64.744005994,0.131259365634,0.203512506238,0.124707397004,0.202325018731,4000
321,42.231844273,65.004243635,40.198852295,65.682750000,0.131563377796,0.202505431883,0.125230069456,0.204619158879,4000
322,42.466317365,65.295482905,40.446914814,65.184223665,0.131882973184,0.202781002810,0.125611536689,0.202435477219,4000
323,42.703324169,65.114135864,40.619690155,65.188014981,0.132208433960,0.201591751901,0.125757554659,0.201820479818,4000
324,43.536231884,65.430926805,41.356160960,65.438390402,0.134371086062,0.201947304953,0.127642472098,0.201970340748,4000
325,43.476154806,65.363159210,41.356964553,64.777555611,0.133772784020,0.201117412954,0.127252198625,0.199315555726,4000
326,43.571999002,65.948090841,41.341250000,66.015492254,0.133656438656,0.202294757181,0.126813650307,0.202501509981,4000
327,43.688888889,66.066450162,41.328842315,65.828628529,0.133605164798,0.202038073891,0.126387896989,0.201310790607,4000
328,43.061127745,66.229078191,40.973250000,66.234031936,0.131283926050,0.201917921315,0.124918445122,0.201933024196,4000
329,43.486027944,66.582063452,41.206388820,66.968257936,0.132176376730,0.202377092561,0.125247382430,0.203550935974,4000
330,43.693500000,66.766541823,41.373063468,66.799250936,0.132404545455,0.202322854008,0.125372919601,0.202421972534,4000
331,44.006996502,66.673663168,41.861104172,67.210631395,0.132951651063,0.201431006551,0.126468592664,0.203053267055,4000
332,44.782022472,67.054222889,42.391814325,67.241947566,0.134885609855,0.201970550869,0.127686187726,0.202535986643,4000
333,44.787750000,67.180114914,42.428250000,66.798103319,0.134497747748,0.201742086828,0.127412162162,0.200594904862,4000
334,44.866017964,67.241697878,42.400750000,67.316853933,0.134329395102,0.201322448735,0.126948353293,0.201547466864,4000
335,44.789618168,67.518731269,42.162209448,67.326418395,0.133700352741,0.201548451548,0.125857341635,0.200974383270,4000
336,44.704073982,66.986526946,42.022721598,68.021457086,0.133047839231,0.199364663530,0.125067623804,0.202444812755,4000
337,44.933283358,67.920789605,42.351000000,67.366791511,0.133333185040,0.201545369748,0.125670623145,0.199901458488,4000
338,44.776805799,68.506869848,42.631118881,68.435596605,0.132475756800,0.202683046886,0.126127570654,0.202472179305,4000
339,44.937015746,68.583250000,42.773033708,69.067682318,0.132557568572,0.202310471976,0.126174140731,0.203739475863,4000
340,45.905000000,68.628649863,43.371849264,68.834873845,0.135014705882,0.201848970185,0.127564262541,0.202455511308,4000
341,46.992000000,68.224081939,43.403692615,68.209540460,0.137806451613,0.200070621521,0.127283556055,0.200027977887,4000
342,45.853542914,70.006240639,43.562656016,68.977011494,0.134074686884,0.204696610056,0.127376187181,0.201687168112,4000
343,46.046703297,69.573496381,43.739705515,69.480898876,0.134246948387,0.202838181870,0.127521007333,0.202568218299,4000
344,45.098500000,69.120599251,43.465400949,70.141108891,0.131100290698,0.200931974567,0.126352909736,0.203898572358,4000
345,46.280109945,70.516346394,44.038471147,70.188905547,0.134145246217,0.204395206939,0.127647742454,0.203446103035,4000
346,46.603198401,71.187312687,44.169000000,70.233532934,0.134691324858,0.205743678287,0.127656069364,0.202987089405,4000
347,46.687562438,70.959540460,44.355911022,71.191712431,0.134546289445,0.204494352909,0.127826832917,0.205163436402,4000
348,47.840909091,71.165167416,45.277403246,71.239081607,0.137473876698,0.204497607518,0.130107480592,0.204710004618,4000
349,47.870508982,71.761119440,45.291250000,71.575318511,0.137164782183,0.205619253411,0.129774355301,0.205086872525,4000
350,47.767366317,72.045454545,45.316117764,72.478542914,0.136478189477,0.205844155844,0.129474622184,0.207081551183,4000
351,47.811485643,72.298775918,45.357660585,71.890831876,0.136215058812,0.205979418570,0.129224104230,0.204817184832,4000
352,47.143928036,71.961759560,44.717891054,72.143998003,0.133931613739,0.204436816932,0.127039463223,0.204954539783,4000
353,47.441779110,71.006739890,45.003493014,72.499126529,0.134395974817,0.201152237649,0.127488648765,0.205379961837,4000
354,47.495758483,73.106037924,45.089727568,72.748751249,0.134168809274,0.206514231424,0.127372111774,0.205504947030,4000
355,47.724068983,72.822516226,45.327254559,73.064701474,0.134433997135,0.205133848523,0.127682407209,0.205816060490,4000
356,48.620594851,72.147029456,46.161507738,73.176205949,0.136574704638,0.202660195101,0.129667156569,0.205551140305,4000
357,48.650449102,72.527840200,46.150561798,73.069378587,0.136275767792,0.203159216246,0.129273282347,0.204676130497,4000
358,48.600449214,73.650250000,46.235778443,73.001498501,0.135755444731,0.205726955307,0.129150219115,0.203914800284,4000
359,48.655688623,73.701149425,46.226410384,73.786017478,0.135531166080,0.205295680850,0.128764374330,0.205532082112,4000
360,48.206293706,74.054404792,45.749688046,73.591204398,0.133906371406,0.205706679977,0.127082466794,0.204420012216,4000
361,48.732750000,73.866316842,46.020250000,74.148027958,0.134993767313,0.204615836126,0.127479916898,0.205396199330,4000
362,48.823544114,74.355983013,46.231692077,74.377933100,0.134871668823,0.205403267991,0.127711856566,0.205463903592,4000
363,49.107142857,74.519500000,46.446580130,73.867533117,0.135281385281,0.205287878788,0.127952011377,0.203491826768,4000
364,49.973033708,73.867533117,47.235264735,74.863205192,0.137288554142,0.202932783288,0.129767210811,0.205668146132,4000
365,49.930000000,74.436172870,47.248437891,73.925361957,0.136794520548,0.203934720193,0.129447775043,0.202535238239,4000
366,49.965534466,75.334748938,47.225106064,74.834041490,0.136517853731,0.205832647372,0.129030344438,0.204464594234,4000
367,50.020469296,75.192105921,47.278651685,75.194701325,0.136295556665,0.204883122399,0.128824663993,0.204890194345,4000
368,49.457021489,75.371250000,47.114078882,75.008241758,0.134394080134,0.204813179348,0.128027388265,0.203826743908,4000
369,49.574818886,75.866383616,47.230942264,75.383366633,0.134349102672,0.205599955600,0.127997133508,0.204290966486,4000
370,49.759810047,75.830377217,47.437421934,75.857856608,0.134485973101,0.204946965452,0.128209248469,0.205021234074,4000
371,49.897750000,75.769787765,47.390609391,75.921118323,0.134495283019,0.204231233869,0.127737491619,0.204639132945,4000
372,50.821794551,75.831418581,48.233766234,76.159720489,0.136617727289,0.203847899412,0.129660661919,0.204730431422,4000
373,50.816795801,76.054195804,48.208333333,76.676485272,0.136238058448,0.203898648269,0.129244861483,0.205566984644,4000
374,50.833874594,76.341238143,48.257114329,76.749750250,0.135919450786,0.204120957601,0.129029717456,0.205213235962,4000
375,50.834041490,76.461634591,48.232842526,76.864635365,0.135557443972,0.203897692244,0.128620913402,0.204972360972,4000
376,50.503624094,76.878401998,48.035723208,76.668750000,0.134318149186,0.204463835100,0.127754582999,0.203906250000,4000
377,50.816795801,77.299525356,48.220834374,76.097627965,0.134792561806,0.205038528796,0.127906722478,0.201850472056,4000
378,50.993508115,77.523619095,48.363068466,77.598053892,0.134903460621,0.205088939405,0.127944625571,0.205285856858,4000
379,51.482138396,77.425324675,48.688733450,77.486756622,0.135836776771,0.204288455608,0.128466315171,0.204450545176,4000
380,52.142964072,77.204346740,49.457021489,77.759060235,0.137218326505,0.203169333526,0.130150056551,0.204629105881,4000
381,52.160379715,77.217087185,49.542114471,78.138611389,0.136903883767,0.202669520170,0.130031796513,0.205088218868,4000
382,52.192000000,78.059485129,49.266616692,78.164917541,0.136628272251,0.204344201908,0.128970200763,0.204620202988,4000
383,52.156265602,77.699450824,49.425399202,78.609750000,0.136178239169,0.202870628783,0.129048039691,0.205247389034,4000
384,51.455022489,78.666583417,48.851324338,78.435628743,0.133997454398,0.204860894314,0.127216990463,0.204259449850,4000
385,51.655422289,79.105066134,49.033500000,78.447250000,0.134169928023,0.205467704245,0.127359740260,0.203759090909,4000
386,51.907934132,79.514856429,49.260359461,78.768057986,0.134476513295,0.205997037382,0.127617511556,0.204062326387,4000
387,52.093336661,78.945096082,49.361500000,79.084644195,0.134608105067,0.203992496336,0.127549095607,0.204353085775,4000
388,52.957760560,79.206396802,50.290636704,79.647954092,0.136489073608,0.204140197942,0.129615043052,0.205278232195,4000
389,52.983528825,78.985279441,50.348238821,78.240518962,0.136204444279,0.203046990851,0.129429919848,0.201132439491,4000
390,52.908818386,79.789855072,50.243006993,79.021239380,0.135663636888,0.204589371981,0.128828223059,0.202618562514,4000
391,52.807634731,79.604546590,50.238023952,79.587618572,0.135057889336,0.203592190767,0.128485994762,0.203548896604,4000
392,52.612750000,80.318011491,50.072981755,80.000249750,0.134216198980,0.204892886458,0.127737198353,0.204082269771,4000
393,53.043206793,79.915063702,50.167914172,79.817250000,0.134969991840,0.203346218072,0.127653725628,0.203097328244,4000
394,53.210880958,80.490509491,50.363205192,79.852647353,0.135052997356,0.204290633225,0.127825393889,0.202671693788,4000
395,53.580339321,80.425574426,50.715568862,80.635705368,0.135646428662,0.203609049179,0.128393845221,0.204141026249,4000
396,54.438171371,80.157921039,51.485528942,80.445359281,0.137470129726,0.202418992524,0.130013961975,0.203144846670,4000
397,54.392714571,81.260858712,51.492130902,80.547928108,0.137009356602,0.204687301541,0.129703100508,0.202891506569,4000
398,54.336913087,81.569180819,51.578500000,81.178865851,0.136524907254,0.204947690500,0.129594221106,0.203966999625,4000
399,54.428750000,81.570359281,51.498377839,81.447638090,0.136412907268,0.204436990680,0.129068616137,0.204129418773,4000
400,53.906593407,80.743814046,51.229635182,81.899600400,0.134766483516,0.201859535116,0.128074087956,0.204749000999,4000
401,53.967299051,81.695326168,51.268280509,82.210079840,0.134581793146,0.203728992939,0.127851073589,0.205012667931,4000
402,54.241758242,82.269163546,51.426110834,82.117132867,0.134929746870,0.204649660561,0.127925648840,0.204271474794,4000
403,54.402694611,81.840069860,51.710822294,81.710572357,0.134994279431,0.203077096427,0.128314695520,0.202755762672,4000
404,55.275500000,82.178705324,52.419121318,82.569357661,0.136820544554,0.203412636940,0.129750300292,0.204379598170,4000
405,55.238951311,82.664583854,52.416291854,82.526460310,0.136392472372,0.204110083590,0.129422942850,0.203769037801,4000
406,55.330089820,83.143500000,52.507500000,83.007240949,0.136281009410,0.204786945813,0.129328817734,0.204451332386,4000
407,55.255250000,83.129837703,52.483387459,82.949275362,0.135762285012,0.204250215486,0.128951811940,0.203806573372,4000
408,55.017473789,83.265433642,52.173989016,83.032209738,0.134846749484,0.204081945200,0.127877424060,0.203510317985,4000
409,55.379215588,83.017982018,52.162337662,83.220529471,0.135401505106,0.202977951144,0.127536277903,0.203473177190,4000
410,54.934880240,83.461750000,52.595309381,82.431034483,0.133987512779,0.203565243902,0.128281242393,0.201051303616,4000
411,54.874875125,82.506246877,51.921019745,82.424219725,0.133515511253,0.200745126220,0.126328515195,0.200545546777,4000
412,56.040239940,83.234074444,53.068500000,83.872500000,0.136019999854,0.202024452534,0.128807038835,0.203574029126,4000
413,56.239750000,83.410044978,53.302644711,83.806894829,0.136173728814,0.201961367984,0.129062093730,0.202922263508,4000
414,56.462018991,84.422394401,53.397752809,84.232191952,0.136381688383,0.203918827057,0.128980079249,0.203459400850,4000
415,56.513621595,84.409090909,53.389250000,85.028478641,0.136177401433,0.203395399781,0.128648795181,0.204887900340,4000
416,55.788605697,83.978260870,52.994502749,85.215034965,0.134107225234,0.201870819398,0.127390631607,0.204843834051,4000
417,56.020469296,84.308250000,53.085079840,84.775780275,0.134341652988,0.202178057554,0.127302349737,0.203299233273,4000
418,56.181432493,85.413939545,53.363613676,85.051211591,0.134405340893,0.204339568290,0.127664147550,0.203471798065,4000
419,56.435891027,85.133583021,53.583478912,85.717070732,0.134691864027,0.203182775707,0.127884197880,0.204575347810,4000
420,57.263118441,85.274837743,54.272091862,85.747255489,0.136340758192,0.203035327960,0.129219266339,0.204160132117,4000
421,57.077345309,85.743128436,54.301349325,84.584000000,0.135575642065,0.203665388209,0.128981827376,0.200912114014,4000
422,57.246315264,86.248501499,54.385153712,86.304750000,0.135654775506,0.204380335305,0.128874771828,0.204513625592,4000
423,57.260858712,85.950549451,54.252495010,86.315671082,0.135368460312,0.203192788299,0.128256489385,0.204055960005,4000
424,56.849937578,86.683829043,53.462671660,85.384922616,0.134080041458,0.204442993025,0.126091206746,0.201379534472,4000
425,56.242514970,84.624187906,52.927894212,84.466266867,0.132335329341,0.199115736250,0.124536221674,0.198744157333,4000
426,56.231345146,85.218695326,53.164253620,85.271182204,0.131998462784,0.200043885742,0.124798717417,0.200167094377,4000
427,56.683829043,84.723733466,53.662921348,84.850861854,0.132749014152,0.198416237626,0.125674288872,0.198713962186,4000
428,57.242439390,84.108560020,54.313500000,85.072177822,0.133744017267,0.196515327149,0.126900700935,0.198766770613,4000
429,57.014970060,84.789355322,54.036186673,85.778360820,0.132902028112,0.197644184901,0.125958477094,0.199949559020,4000
430,57.551224388,85.854786303,54.314921270,85.213483146,0.133840056716,0.199662293729,0.126313770395,0.198170891037,4000
431,57.491889194,85.604348913,54.260304771,86.200199950,0.133391854278,0.198617978916,0.125893978588,0.200000463921,4000
432,56.710079840,85.422366450,54.111638362,86.351574213,0.131273332964,0.197736959376,0.125258422133,0.199887903271,4000
433,56.827345309,85.592657343,54.196803197,86.169872596,0.131240982239,0.197673573540,0.125165827244,0.199006634170,4000
434,57.013479780,86.493126718,54.434847728,86.257307020,0.131367464932,0.199292918706,0.125425916425,0.198749555345,4000
435,57.430142464,86.834582709,54.548338746,86.432209738,0.132023316010,0.199619730365,0.125398479876,0.198694735029,4000
436,58.326927876,87.494760479,55.253932584,86.933250000,0.133777357514,0.200676056145,0.126729203175,0.199388188073,4000
437,58.119291240,86.750624064,55.107588617,86.287000000,0.132996089795,0.198514013876,0.126104321778,0.197453089245,4000
438,58.364158960,86.898000000,55.322604790,87.377528090,0.133251504475,0.198397260274,0.126307316873,0.199492073265,4000
439,58.139720559,87.306693307,55.180139721,87.281039221,0.132436721091,0.198876294548,0.125695079090,0.198817856994,4000
440,57.720599251,87.466433741,55.133966508,87.684565435,0.131183180116,0.198787349411,0.125304469337,0.199283103260,4000
441,57.812500000,87.847500000,55.968047928,87.677072927,0.131094104308,0.199200680272,0.126911673306,0.198814224324,4000
442,58.094334914,88.030461923,55.516862353,87.970757311,0.131435146864,0.199163941001,0.125603760980,0.199028862694,4000
443,58.444610778,87.437453184,55.351310861,88.248876685,0.131929143969,0.197375740821,0.124946525647,0.199207396580,4000
444,59.366857999,87.821089455,56.004990020,88.667166417,0.133709139636,0.197795246521,0.126137364910,0.199700825263,4000
445,59.374438342,87.853573213,56.455408444,87.964062890,0.133425704140,0.197423760030,0.126866086390,0.197672051438,4000
446,59.407185629,89.137500000,56.222915627,88.773226773,0.133199967777,0.199859865471,0.126060348938,0.199043109357,4000
447,59.359780439,89.192115768,56.166708261,88.999251310,0.132795929394,0.199534934605,0.125652591187,0.199103470493,4000
448,58.915021245,89.473644766,55.915376935,89.491635456,0.131506743850,0.199717957068,0.124811109229,0.199758114856,4000
449,58.899700599,89.498375406,56.078710645,89.104540918,0.131179734073,0.199328230303,0.124896905667,0.198451093359,4000
450,59.063686314,89.894079440,56.222305389,89.994002999,0.131252636253,0.199764620979,0.124938456420,0.199986673330,4000
451,59.598950525,89.145213697,56.345059880,89.548838371,0.132148449057,0.197661227709,0.124933613925,0.198556182641,4000
452,60.179640719,89.348901099,57.283574638,89.871500000,0.133140798050,0.197674559953,0.126733572208,0.198830752212,4000
453,60.404946290,88.400099900,57.052395210,89.618690655,0.133344252296,0.195143708389,0.125943477284,0.197833754205,4000
454,60.219615673,90.699975019,57.319191415,90.833041740,0.132642325270,0.199779680658,0.126253725584,0.200072779162,4000
455,60.202095808,90.274612694,57.053419870,90.835332334,0.132312298480,0.198405742184,0.125392131583,0.199638093041,4000
456,60.174444722,90.244444444,56.966025481,90.657835541,0.131961501583,0.197904483431,0.124925494476,0.198811042853,4000
457,60.177189918,90.650337416,57.055181024,90.655250000,0.131678752555,0.198359600472,0.124847223247,0.198370350109,4000
458,60.367107562,91.042967774,57.322669333,91.491254373,0.131805911707,0.198783772433,0.125158666665,0.199762564133,4000
459,60.787175649,91.513743128,57.590069860,91.040209790,0.132433933875,0.199376346685,0.125468561787,0.198344683639,4000
460,61.449962566,91.028750000,58.113829256,91.484128968,0.133586875142,0.197888586957,0.126334411426,0.198878541234,4000
461,61.744813797,91.237762238,58.376655836,91.223388306,0.133936689363,0.197912716351,0.126630489883,0.197881536455,4000
462,61.560159760,92.175206198,58.306290564,91.213090182,0.133247099048,0.199513433330,0.126204092130,0.197430931131,4000
463,61.502370851,92.015984016,58.067365269,92.197401299,0.132834494279,0.198738626384,0.125415475744,0.199130456370,4000
464,60.920119820,92.240750000,57.959321188,91.709322669,0.131293361682,0.198794719828,0.124912330146,0.197649402305,4000
465,61.016966068,92.714071856,58.233899151,92.895328504,0.131219281866,0.199385100766,0.125234191723,0.199774900008,4000
466,61.787553112,92.892580565,58.351884203,93.047964027,0.132591315690,0.199340301641,0.125218635628,0.199673742547,4000
467,61.549650699,92.819500000,58.494752624,93.176955761,0.131797967235,0.198756959315,0.125256429601,0.199522389210,4000
468,62.612677814,93.324668833,59.169660679,92.812000000,0.133787773106,0.199411685540,0.126430898886,0.198316239316,4000
469,62.615692154,92.778555361,59.101821812,93.174456386,0.133508938495,0.197822079661,0.126016677637,0.198666218307,4000
470,62.387322186,94.178455386,59.293529853,94.011726547,0.132738983375,0.200379692311,0.126156446495,0.200024950100,4000
471,62.357374594,93.514985015,59.094560878,93.348000000,0.132393576634,0.198545615743,0.125466158977,0.198191082803,4000
472,62.005992509,93.733699725,58.731652521,94.599350162,0.131368628198,0.198588346875,0.124431467206,0.200422352039,4000
473,62.406936128,93.646015488,59.281039221,94.428892777,0.131938554181,0.197983119426,0.125329892644,0.199638251114,4000
474,62.506986028,94.203699075,59.157185629,94.449137716,0.131871278540,0.198741981171,0.124804189090,0.199259784210,4000
475,62.673907615,94.174500000,59.651337166,94.962528104,0.131945068664,0.198262105263,0.125581762454,0.199921111798,4000
476,63.601796407,94.977777778,60.114770459,94.906296852,0.133617219343,0.199533146592,0.126291534578,0.199382976579,4000
477,64.071606786,95.274250000,60.882837872,96.099650350,0.134322026806,0.199736373166,0.127636976670,0.201466772221,4000
478,64.784181637,96.807144642,61.176455886,96.708645677,0.135531760746,0.202525407200,0.127984217335,0.202319342421,4000
479,65.110472382,97.208697826,61.266966068,97.010747313,0.135930004973,0.202940914041,0.127905983440,0.202527656186,4000
480,64.356786427,96.411882177,61.013750000,96.868032992,0.134076638390,0.200858087868,0.127111979167,0.201808402066,4000
481,64.322685301,97.549112722,61.102045908,97.772591113,0.133726996467,0.202804808153,0.127031280474,0.203269420194,4000
482,64.514221557,97.834791302,61.416541729,97.800899326,0.133846932691,0.202976745440,0.127420211056,0.202906430136,4000
483,65.067949038,98.186127745,61.585767790,97.948538596,0.134716250597,0.203283908374,0.127506765611,0.202792005375,4000
484,65.933583021,98.375998004,62.414688983,98.329420579,0.136226411201,0.203256194223,0.128955968974,0.203159959875,4000
485,65.950524738,98.088822355,62.478032951,98.075943043,0.135980463377,0.202244994547,0.128820686496,0.202218439263,4000
486,65.590466683,98.383154211,62.210132269,98.372906773,0.134959807990,0.202434473686,0.128004387384,0.202413388422,4000
487,65.959560659,98.829377967,62.468632842,98.912337662,0.135440576302,0.202935067693,0.128272346698,0.203105416144,4000
488,65.205390567,98.975536695,62.070482379,99.044955045,0.133617603620,0.202818722736,0.127193611433,0.202960973453,4000
489,65.558023459,99.135114885,62.298052921,98.801898576,0.134065487646,0.202730296289,0.127398881228,0.202048872344,4000
490,66.191616766,99.160089910,62.442115768,99.074462769,0.135084932176,0.202367530429,0.127432889323,0.202192781160,4000
491,66.544250000,99.111944028,62.694305694,99.457906570,0.135528004073,0.201857319813,0.127686976974,0.202561927841,4000
492,67.319590205,99.329250000,63.616941529,100.005748563,0.136828435376,0.201888719512,0.129302726685,0.203263716591,4000
493,67.220169745,99.189655172,63.518721917,99.460674157,0.136349228692,0.201196055116,0.128841220927,0.201745789366,4000
494,67.236953808,100.238380810,63.594452774,100.078250000,0.136107193943,0.202911702044,0.128733710068,0.202587550607,4000
495,67.001497006,100.095976006,63.516741629,100.636681659,0.135356559608,0.202214092941,0.128316649756,0.203306427594,4000
496,66.673902196,100.511366475,63.304966309,100.736211630,0.134423189911,0.202643884022,0.127630980462,0.203097200866,4000
497,66.851435705,100.719140430,63.528603547,100.548701299,0.134509930997,0.202654206096,0.127824152007,0.202311270219,4000
498,67.264617691,100.687000000,63.596302773,100.393803098,0.135069513436,0.202182730924,0.127703419223,0.201593982125,4000
499,67.543092680,100.925000000,63.801500000,101.049737566,0.135356899159,0.202254509018,0.127858717435,0.202504484099,4000
500,68.125561658,100.667000000,64.494376406,101.162418791,0.136251123315,0.201334000000,0.128988752812,0.202324837581,4000
501,67.771457086,101.352235823,64.437172121,100.588911089,0.135272369433,0.202299871902,0.128617110022,0.200776269639,4000
502,67.860743699,100.198450387,64.213679481,102.043673571,0.135180764340,0.199598506748,0.127915696177,0.203274250142,4000
503,68.137965509,102.019245189,64.514371407,101.966266867,0.135463152105,0.202821561011,0.128259187688,0.202716236315,4000
504,67.493762475,102.151424288,64.357750000,102.574462769,0.133916195387,0.202681397397,0.127693948413,0.203520759462,4000
505,68.115000000,102.280469530,64.472145891,102.470529471,0.134881188119,0.202535583229,0.127667615625,0.202911939546,4000
506,68.570287141,101.402448164,64.798600700,102.308518611,0.135514401465,0.200400095186,0.128060475691,0.202190748243,4000
507,68.469061876,102.325674326,65.204500000,102.021717424,0.135047459322,0.201825787625,0.128608481262,0.201226267108,4000
508,69.495378466,102.678990757,65.613233458,102.488000000,0.136801926114,0.202123997553,0.129159908382,0.201748031496,4000
509,69.488261738,103.015230961,65.548612847,103.451459945,0.136519178268,0.202387487154,0.128779200092,0.203244518556,4000
510,69.435846231,103.850112416,65.251746507,103.539115221,0.136148718099,0.203627671403,0.127944600994,0.203017872983,4000
511,69.131237525,103.555000000,65.405540304,103.779305174,0.135286179109,0.202651663405,0.127995186506,0.203090616778,4000
512,68.736631684,104.017495626,65.136545182,103.828835582,0.134251233758,0.203159171145,0.127219814809,0.202790694497,4000
