n,current_add_ns,stream_add_ns,current_sub_ns,stream_sub_ns,current_add_ns_per_limb,stream_add_ns_per_limb,current_sub_ns_per_limb,stream_sub_ns_per_limb,reps
1,1.128776667,1.592468673,1.155749351,1.547119387,1.128776666667,1.592468672943,1.155749351044,1.547119387003,1200000
2,1.162419772,1.619352774,1.156821667,1.555603703,0.581209885885,0.809676387109,0.578410833333,0.777801851651,600000
3,1.348869128,1.633083417,1.349144127,1.544714106,0.449623042609,0.544361139097,0.449714709047,0.514904701906,400000
4,1.767243103,1.605766571,1.734160422,1.544073972,0.441810775856,0.401441642639,0.433540105597,0.386018492902,300000
5,1.765741667,1.608858333,1.734196097,1.544086765,0.353148333333,0.321771666667,0.346839219346,0.308817353044,240000
6,1.766038509,1.602230967,1.734194303,1.545690901,0.294339751570,0.267038494423,0.289032383867,0.257615150136,200000
7,1.765824151,1.603749592,1.734129368,1.544987896,0.252260592975,0.229107084525,0.247732766904,0.220712556612,171428
8,1.542052773,1.360699453,1.548958042,1.355408153,0.192756596579,0.170087431585,0.193619755210,0.169426019133,150000
9,1.936261165,5.288808394,1.917650412,2.537368843,0.215140129443,0.587645377057,0.213072267972,0.281929871491,133333
10,2.119572011,5.264151258,2.100258333,2.526545612,0.211957201070,0.526415125784,0.210025833333,0.252654561212,120000
11,2.302000073,5.260868768,2.281952096,2.525276135,0.209272733939,0.478260797105,0.207450190538,0.229570557771,109090
12,2.898604056,5.215227086,2.674446511,2.516224513,0.241550337986,0.434602257198,0.222870542589,0.209685376105,100000
13,2.883043723,5.239313647,2.687678059,2.514657451,0.221772594091,0.403024126685,0.206744466063,0.193435188549,92307
14,2.881553466,5.233210065,2.687499271,2.528266449,0.205825247573,0.373800718944,0.191964233631,0.180590460636,85714
15,2.869473921,5.265017624,2.687048471,2.525811209,0.191298261402,0.351001174912,0.179136564758,0.168387413963,80000
16,2.685315058,2.518233090,2.697572097,2.528156997,0.167832191142,0.157389568139,0.168598256070,0.158009812287,75000
17,3.083052384,6.369171058,2.876506835,3.611168563,0.181356022591,0.374657121050,0.169206284398,0.212421680151,70588
18,3.260713054,6.365395287,3.076199619,3.605066975,0.181150725203,0.353633071525,0.170899978833,0.200281498593,66666
19,3.330937188,6.374083633,3.294705342,3.615227510,0.175312483594,0.335478085940,0.173405544324,0.190275132116,63157
20,3.918610852,6.368740314,3.643495217,3.607383333,0.195930542594,0.318437015682,0.182174760841,0.180369166667,60000
21,3.899709506,6.365869877,3.667640831,3.626811087,0.185700452658,0.303136660817,0.174649563376,0.172705289857,57142
22,3.913753597,6.445018883,3.678246045,3.594038169,0.177897890792,0.292955403779,0.167193002045,0.163365371314,54545
23,3.915593376,6.366535697,3.649278473,3.606359124,0.170243190272,0.276805899877,0.158664281435,0.156798222772,52173
24,3.723802096,3.705311788,3.492101264,3.603775471,0.155158420660,0.154387991147,0.145504219325,0.150157311310,50000
25,4.128817231,7.444657403,4.043076154,4.754936677,0.165152689247,0.297786296119,0.161723046159,0.190197467089,48000
26,4.319880419,7.442638934,4.253910820,4.745260741,0.166149246867,0.286255343616,0.163611954627,0.182510028481,46153
27,4.583882652,7.409070458,4.473821577,4.733394834,0.169773431557,0.274410016964,0.165697095453,0.175310919776,44444
28,5.191508223,7.403289781,4.744850111,4.698632694,0.185411007982,0.264403206453,0.169458932529,0.167808310500,42857
29,5.197312776,7.417621188,4.785859269,4.733467031,0.179217681945,0.255780040964,0.165029629975,0.163223001059,41379
30,5.168083192,7.434328284,4.762480938,4.711253875,0.172269439723,0.247810942786,0.158749364599,0.157041795820,40000
31,5.184213245,7.395221490,4.760997030,4.710267338,0.167232685328,0.238555531948,0.153580549341,0.151944107685,38709
32,4.424785368,4.853002346,4.281684132,4.636026667,0.138274542740,0.151656323326,0.133802629123,0.144875833333,37500
33,4.737248756,8.248968817,4.652965275,5.858592525,0.143552992600,0.249968752031,0.140998947713,0.177533106829,36363
34,4.988553295,8.263663408,4.772562461,5.846495949,0.146722155741,0.243048923777,0.140369484149,0.171955763213,35294
35,5.273665792,8.147231213,4.997287523,5.819435938,0.150676165479,0.232778034668,0.142779643503,0.166269598223,34285
36,5.864363058,8.266432664,5.594631074,5.799754042,0.162898973841,0.229623129565,0.155406418716,0.161104278939,33333
37,5.975827835,8.331154818,5.655186236,5.804272767,0.161508860405,0.225166346444,0.152842871238,0.156872236933,32432
38,5.894468543,8.224259119,5.664903892,5.735475700,0.155117593242,0.216427871541,0.149076418206,0.150933571066,31578
39,5.811840010,8.114126020,5.534416640,5.713055628,0.149021538728,0.208054513322,0.141908118964,0.146488605840,30769
40,5.496800000,5.972867571,5.248808452,5.799873338,0.137420000000,0.149321689277,0.131220211312,0.144996833439,30000
41,5.802015371,9.317824691,5.493201694,6.906510452,0.141512570036,0.227264016850,0.133980529133,0.168451474445,29268
42,6.000664847,9.242240806,5.788983763,6.926148892,0.142872972550,0.220053352528,0.137832946729,0.164908306958,28571
43,6.311478934,9.436474382,6.116186586,6.922131441,0.146778579856,0.219452892603,0.142236897358,0.160979800960,27906
44,7.063178351,9.264655204,6.822297991,6.872612632,0.160526780714,0.210560345546,0.155052227066,0.156195741646,27272
45,7.019832046,9.276334046,6.804395110,6.882615379,0.155996267693,0.206140756574,0.151208780220,0.152947008419,26666
46,7.051291881,9.261672928,6.767859880,6.883595247,0.153288953928,0.201340715826,0.147127388705,0.149643374940,26086
47,7.081189049,9.276746554,6.818317084,6.911301692,0.150663596797,0.197377586253,0.145070576248,0.147048972164,25531
48,6.833693305,7.133258679,6.571897124,6.986640534,0.142368610511,0.148609555804,0.136914523419,0.145555011133,25000
49,7.024738733,10.164706843,6.710750888,7.957782133,0.143362014956,0.207442996797,0.136954099757,0.162403716999,24489
50,7.150349942,10.195234723,6.840783170,7.947934022,0.143006998834,0.203904694464,0.136815663403,0.158958680440,24000
51,7.320543871,10.197543457,7.050905074,7.962567981,0.143540075899,0.199951832490,0.138253040657,0.156128783940,23529
52,7.991421144,10.192720971,7.544273090,7.949040170,0.153681175843,0.196013864818,0.145082174800,0.152866157113,23076
53,7.980875403,10.215165835,7.578127070,7.945555703,0.150582554774,0.192738978017,0.142983529616,0.149916145335,22641
54,8.018358531,10.193107172,7.541691041,7.924866154,0.148488120950,0.188761243922,0.139660945200,0.146756780625,22222
55,8.012144265,10.192623139,7.542692149,7.965401888,0.145675350267,0.185320420702,0.137139857255,0.144825488873,21818
56,7.785407725,8.179251447,7.454269715,7.967204702,0.139025137952,0.146058061548,0.133111959203,0.142271512542,21428
57,8.045737355,11.195156695,7.827949838,8.980908961,0.141153286922,0.196406257810,0.137332453307,0.157559806340,21052
58,8.265803209,11.207209819,7.981489537,8.998356773,0.142513848431,0.193227755505,0.137611888561,0.155144082301,20689
59,8.492430201,11.252752654,8.870839274,8.990415807,0.143939494925,0.190724621260,0.150353208039,0.152379928925,20338
60,9.188050000,11.175800000,8.630292427,8.984751525,0.153134166667,0.186263333333,0.143838207115,0.149745858747,20000
61,9.204990091,11.195873145,8.695736139,8.979667565,0.150901476901,0.183538904016,0.142553051453,0.147207664995,19672
62,9.215473608,11.208759426,8.667734270,9.018181818,0.148636671098,0.180786442350,0.139802165646,0.145454545455,19354
63,9.192945623,11.197805659,8.672457227,9.003621667,0.145919771786,0.177742946970,0.137658051220,0.142914629635,19047
64,8.447702314,9.187276702,8.178293333,8.974193548,0.131995348651,0.143551198475,0.127785833333,0.140221774194,18750
65,8.679703158,12.177649034,8.333640253,10.019657749,0.133533894739,0.187348446669,0.128209850054,0.154148580760,18461
66,8.874051259,12.170268933,8.513558110,10.039489605,0.134455322113,0.184398014129,0.128993304699,0.152113478865,18181
67,9.055378775,12.169709150,8.713129396,10.042582878,0.135154907092,0.181637449997,0.130046707403,0.149889296680,17910
68,9.776764473,12.180927017,9.416194470,10.042426646,0.143775948127,0.179131279665,0.138473448083,0.147682744787,17647
69,9.777138914,12.210759239,9.544937036,10.061745429,0.141697665427,0.176967525203,0.138332420817,0.145822397528,17391
70,9.808737751,12.172021692,9.481420988,10.066483933,0.140124825012,0.173886024175,0.135448871259,0.143806913329,17142
71,9.873898385,12.244662606,9.481450802,10.106825979,0.139068991342,0.172460036700,0.133541560588,0.142349661675,16901
72,9.624235153,10.266058898,9.140877182,10.117724709,0.133669932680,0.142584151356,0.126956627534,0.140523954292,16666
73,9.881987955,13.257391410,9.478012286,11.338422237,0.135369698020,0.181608101509,0.129835784745,0.155320852563,16438
74,10.083338470,13.405695266,9.746733235,11.315286428,0.136261330677,0.181158044139,0.131712611280,0.152909276052,16216
75,10.393365817,13.416385452,9.971508903,11.275875000,0.138578210895,0.178885139358,0.132953452046,0.150345000000,16000
76,11.042858952,13.251155722,10.608018241,11.293283535,0.145300775679,0.174357312126,0.139579187376,0.148595835985,15789
77,11.124863651,13.342976267,10.581965110,11.240636224,0.144478748714,0.173285406063,0.137428118316,0.145982288620,15584
78,11.038284043,13.290867728,16.642053949,16.382716049,0.141516462088,0.170395740106,0.213359666008,0.210034821146,15384
79,11.009343949,13.270711325,10.510467413,11.150803054,0.139358784170,0.167983687653,0.133043891301,0.141149405750,15189
80,10.825559701,11.364636097,10.418449643,11.166799947,0.135319496269,0.142057951213,0.130230620543,0.139584999334,15000
81,10.941418641,14.320666847,10.602726782,12.234710409,0.135079242478,0.176798356132,0.130897861504,0.151045807519,14814
82,11.067992347,14.406012983,10.805726391,12.279076124,0.134975516422,0.175683085153,0.131777151105,0.149744830782,14634
83,11.184263293,14.387844005,10.900926438,12.278000553,0.134750160151,0.173347518132,0.131336463109,0.147927717507,14457
84,11.959047952,14.393952121,11.552305647,12.274508432,0.142369618481,0.171356572869,0.137527448178,0.146125100380,14285
85,11.971464986,14.541734513,11.472100269,12.232932011,0.140840764543,0.171079229568,0.134965885519,0.143916847192,14117
86,11.974414104,14.546933219,11.536208008,12.291168254,0.139237373308,0.169150386264,0.134141953582,0.142920561098,13953
87,12.020292796,14.385434783,11.482781121,12.282008550,0.138164285012,0.165349825087,0.131985989895,0.141172512070,13793
88,11.756449721,12.543508540,11.322214076,12.272420620,0.133596019562,0.142539869778,0.128661523594,0.139459325231,13636
89,12.072673341,15.584396322,11.666543054,13.403663601,0.135648015065,0.175105576647,0.131084753418,0.150602961812,13483
90,12.202309538,15.771786411,11.839517278,13.407887831,0.135581217090,0.175242071230,0.131550191973,0.148976531454,13333
91,12.404063377,15.766623702,11.986660603,13.412799515,0.136308388753,0.173259601116,0.131721545091,0.147393401261,13186
92,13.258237548,15.578063923,12.659639709,13.410268199,0.144111277694,0.169326781769,0.137604779442,0.145763784774,13043
93,13.234345939,15.766036566,12.624399690,13.412120273,0.142304795046,0.169527274908,0.135746233228,0.144216347019,12903
94,13.251350716,15.571831427,12.606077218,13.395991545,0.140971816133,0.165657781141,0.134107204450,0.142510548347,12765
95,13.276339745,15.582324551,12.618403355,13.411685536,0.139750944685,0.164024468958,0.132825298470,0.141175637217,12631
96,12.553315735,13.701063915,12.064614154,13.480566219,0.130763705570,0.142719415780,0.125673064108,0.140422564779,12500
97,12.716917111,16.750565611,12.231210603,14.547239958,0.131102238258,0.172686243411,0.126094954669,0.149971545958,12371
98,12.879042796,16.735858297,12.429189454,14.550277506,0.131418804046,0.170774064258,0.126828463816,0.148472219446,12244
99,13.165951831,16.759050054,12.634781892,14.540402375,0.132989412435,0.169283333875,0.127624059512,0.146872751259,12121
100,13.960750000,16.763241173,13.354019159,14.538660223,0.139607500000,0.167632411726,0.133540191587,0.145386602233,12000
101,14.001682510,16.738680357,13.380131225,14.536726967,0.138630519904,0.165729508484,0.132476546780,0.143927989770,11881
102,13.971964999,16.946111347,13.384615385,14.539010709,0.136980049007,0.166138346541,0.131221719457,0.142539320675,11764
103,13.933413420,16.745794713,13.368542990,14.555460238,0.135275858449,0.162580531198,0.129791679510,0.141315147946,11650
104,13.587124166,14.761219893,13.151420651,14.722183709,0.130645424673,0.141934806659,0.126455967802,0.141559458739,11538
105,13.775697664,17.926415259,13.332546345,15.647773988,0.131197120612,0.170727764376,0.126976631856,0.149026418929,11428
106,14.065006183,18.061296591,13.696220417,15.799876412,0.132688737572,0.170389590478,0.129209626574,0.149055437853,11320
107,14.372169727,18.157993228,13.977446960,15.886442642,0.134319343245,0.169700871286,0.130630345423,0.148471426560,11214
108,15.495412844,18.157397408,14.851551957,15.891077532,0.143476044852,0.168124050076,0.137514369971,0.147139606777,11111
109,15.505540418,18.138253450,14.847620777,15.932243415,0.142252664384,0.166405994950,0.136216704379,0.146167370781,11009
110,15.573417606,18.375309321,14.925769795,15.972519923,0.141576523687,0.167048266553,0.135688816316,0.145204726573,10909
111,15.573303753,18.234054354,14.907284156,15.971143174,0.140300033811,0.164270759945,0.134299857262,0.143884172741,10810
112,15.169807800,16.166122259,14.652117142,15.871094114,0.135444712500,0.144340377308,0.130822474485,0.141706197450,10714
113,15.036252354,19.145762712,14.546695538,16.706646583,0.133064180124,0.169431528424,0.128731818916,0.147846429934,10619
114,15.120892688,19.207823032,14.584330484,16.731193009,0.132639409540,0.168489675723,0.127932723547,0.146764850957,10526
115,15.232088123,19.128281280,14.824200038,16.751389688,0.132452940197,0.166332880695,0.128906087290,0.145664258153,10434
116,16.302251425,24.899081682,23.787108620,23.493914219,0.140536650218,0.214647255879,0.205061281207,0.202533743271,10344
117,16.307789802,19.173815559,15.679754482,16.787016278,0.139382818821,0.163878765458,0.134014995570,0.143478771610,10256
118,16.399174528,19.166453643,15.820835381,16.788102262,0.138976055325,0.162427573243,0.134074876109,0.142272053064,10169
119,16.317334391,19.213917526,15.758572844,16.851154494,0.137120457068,0.161461491813,0.132424981886,0.141606340287,10084
120,16.159668066,17.053794621,15.462407518,16.998100380,0.134663900553,0.142114955171,0.128853395987,0.141650836499,10000
121,16.336054010,20.373337364,15.793405929,18.030229746,0.135008710830,0.168374688958,0.130524015939,0.149010163191,9917
122,16.429602521,20.533191014,16.103017373,18.034566897,0.134668873124,0.168304844373,0.131991945678,0.147824318829,9836
123,16.595860232,20.394346000,15.988119623,17.904956985,0.134925692940,0.165807691059,0.129984712383,0.145568755974,9756
124,17.540939597,20.168680921,16.706155753,17.954141706,0.141459190301,0.162650652592,0.134727062524,0.144791465373,9677
125,17.622631689,20.335484543,16.656080800,17.845641079,0.140981053508,0.162683876340,0.133248646397,0.142765128632,9600
126,17.603652776,20.290678144,16.712561654,17.971551543,0.139711529971,0.161037128127,0.132639378206,0.142631361454,9523
127,17.625635055,20.485608466,16.786484772,18.031216931,0.138784527992,0.161304003666,0.132177045445,0.141978086073,9448
128,16.727670006,18.047436307,16.082711575,17.864605544,0.130684921925,0.140995596152,0.125646184182,0.139567230810,9375
129,16.845220193,21.376423813,16.243472655,18.842393640,0.130583102274,0.165708711726,0.125918392674,0.146065066976,9302
130,17.000324746,21.395149940,16.404957783,18.888383674,0.130771728812,0.164578076465,0.126191982947,0.145295259033,9230
131,17.212150960,21.268928649,16.568777293,18.761780105,0.131390465342,0.162358233965,0.126479215974,0.143219695456,9160
132,17.947414741,21.291666667,17.280325525,18.762234686,0.135965263193,0.161300505051,0.130911557009,0.142138141561,9090
133,17.950570764,21.360443213,24.293563753,18.821495845,0.134966697471,0.160604836190,0.182658374084,0.141515006352,9022
134,18.033258929,21.361545333,17.317416044,18.808413301,0.134576559168,0.159414517408,0.129234448088,0.140361293288,8955
135,17.963121205,21.323737771,17.320814123,18.762290471,0.133060157076,0.157953613121,0.128302326841,0.138979929418,8888
136,17.665231188,19.028675054,23.549359628,30.295603898,0.129891405792,0.139916728337,0.173157056090,0.222761793365,8823
137,29.453362256,33.202625571,29.417227610,32.654680365,0.214988045664,0.242354931174,0.214724289123,0.238355331134,8759
138,18.199402024,22.569983912,17.808762649,20.015179393,0.131879724811,0.163550608056,0.129049004706,0.145037531832,8695
139,18.557291667,22.539191849,17.859921278,20.141303090,0.133505695444,0.162152459345,0.128488642288,0.144901461079,8633
140,19.562682216,22.649609512,18.683069030,20.130495627,0.139733444398,0.161782925083,0.133450493070,0.143789254477,8571
141,19.630787309,22.767081475,18.709957727,20.142890689,0.139225441908,0.161468662940,0.132694735650,0.142857380775,8510
142,19.659881657,22.782284768,18.752454169,20.259846245,0.138449870823,0.160438625128,0.132059536402,0.142674973555,8450
143,19.739845146,22.894605216,18.871532325,20.306584117,0.138040875146,0.160102134379,0.131968757519,0.142004084735,8391
144,19.243943392,20.500659393,18.714662827,20.300083923,0.133638495776,0.142365690232,0.129962936298,0.140972805019,8333
145,19.355952668,23.889667674,18.807464670,21.375362319,0.133489328748,0.164756328784,0.129706652894,0.147416291854,8275
146,19.542259516,23.900911854,18.912583587,21.394919169,0.133851092575,0.163704875713,0.129538243744,0.146540542251,8219
147,19.703463468,23.890085679,19.014441317,21.407765801,0.134037166451,0.162517589655,0.129349940931,0.145631059871,8163
148,20.526075700,23.891079349,19.749353050,21.370639714,0.138689700673,0.161426211820,0.133441574662,0.144396214284,8108
149,20.529550534,23.891620112,19.763193841,21.397244974,0.137782218348,0.160346443703,0.132638884838,0.143605670966,8053
150,20.536625000,23.886056972,19.762838935,21.400699913,0.136910833333,0.159240379810,0.131752259569,0.142671332750,8000
151,20.514785454,23.897661554,19.730590160,21.387749969,0.135859506315,0.158262659298,0.130666159999,0.141640728269,7947
152,20.393590068,21.601240978,19.582647245,21.406404253,0.134168355713,0.142113427484,0.128833205560,0.140831606925,7894
153,20.581155170,24.905314133,19.938543925,22.531489036,0.134517354054,0.162779830933,0.130317280552,0.147264634224,7843
154,20.737524054,24.933282012,28.716247433,22.650974859,0.134659247103,0.161904428648,0.186469139177,0.147084252331,7792
155,21.131895104,25.020002581,20.221835075,22.609661586,0.136334807123,0.161419371490,0.130463452100,0.145868784427,7741
156,22.069664674,25.067212689,20.930326271,22.599558097,0.141472209447,0.160687260824,0.134168758145,0.144868962162,7692
157,21.935947712,24.909459636,21.024310548,22.631372549,0.139719412181,0.158658978575,0.133912806036,0.144148869739,7643
158,22.049763033,24.714755825,20.775641870,22.417127072,0.139555462235,0.156422505219,0.131491404238,0.141880551087,7594
159,21.836777954,24.803524112,20.850669140,22.643585330,0.137338226128,0.155997006996,0.131136283900,0.142412486354,7547
160,21.074503532,22.612280234,20.409600000,22.340794031,0.131715647075,0.141326751465,0.127560000000,0.139629962697,7500
161,21.271009248,25.514688129,20.316382665,23.359651475,0.132118069864,0.158476323781,0.126188712203,0.145091002947,7453
162,21.376416622,25.722784298,20.692577598,23.511740891,0.131953189023,0.158782619123,0.127731960480,0.145134203029,7407
163,21.754819441,25.717329353,20.874830301,23.518543676,0.133465149943,0.157775026704,0.128066443567,0.144285544025,7361
164,22.494056565,25.842234667,21.708526920,23.527049180,0.137158881495,0.157574601630,0.132369066585,0.143457616953,7317
165,22.606318681,25.860225399,21.700481100,23.613586359,0.137007992008,0.156728638779,0.131518067271,0.143112644598,7272
166,22.587341072,25.868861530,21.674820343,23.599087263,0.136068319713,0.155836515241,0.130571206884,0.142163176284,7228
167,22.590118302,25.892782645,21.764427757,23.597579636,0.135270169473,0.155046602665,0.130325914712,0.141302872069,7185
168,22.213795998,23.860839161,21.480414102,23.628391608,0.132224976180,0.142028804529,0.127859607749,0.140645188145,7142
169,22.548232643,26.963103788,21.844507042,24.699985921,0.133421494931,0.159544992830,0.129257438120,0.146153762849,7100
170,22.691197283,26.830549264,21.937154989,24.686066270,0.133477631075,0.157826760376,0.129042088173,0.145212154530,7058
171,23.082371384,26.713370355,22.009824861,24.389608541,0.134984627975,0.156218540085,0.128712426089,0.142629289713,7017
172,23.630176243,26.453516688,22.698107798,24.468709724,0.137384745599,0.153799515629,0.131965743013,0.142259940254,6976
173,23.718155620,26.572149344,22.627484875,24.490196078,0.137099165431,0.153596238983,0.130794710258,0.141561827043,6936
174,23.695185615,26.594171379,22.419915930,24.350094189,0.136179227672,0.152840065396,0.128850091551,0.139943070053,6896
175,23.700787402,26.583831027,22.647632921,24.484914735,0.135433070866,0.151907605868,0.129415045261,0.139913798488,6857
176,23.295161290,26.045854087,23.137056582,25.262162954,0.132358870968,0.147987807314,0.131460548759,0.143535016786,6818
177,23.728893473,28.021819254,22.881840979,25.914984529,0.134061545044,0.158315363017,0.129275937737,0.146412341973,6779
178,24.038683859,28.049829453,23.041209606,25.798991248,0.135048785727,0.157583311532,0.129444997785,0.144938153076,6741
179,23.986129754,27.915784767,23.086152929,25.799433765,0.134000724882,0.155954104842,0.128972921391,0.144130914891,6703
180,24.829882988,27.935662867,23.800269703,25.802428422,0.137943794379,0.155198127041,0.132223720574,0.143346824564,6666
181,24.606147356,27.613656919,23.444913338,25.426202322,0.135945565501,0.152561640436,0.129529907947,0.140476255921,6629
182,24.495526914,27.498256783,23.486134263,25.300833965,0.134590807222,0.151089322986,0.129044693751,0.139015571237,6593
183,24.379478579,27.348581885,23.339734797,25.290637389,0.133221194421,0.149445802649,0.127539534407,0.138200204314,6557
184,24.132965686,25.568188783,23.145003066,25.287969349,0.131157422208,0.138957547735,0.125788060139,0.137434616025,6521
185,24.355613738,28.433764633,23.511169311,26.400863398,0.131651966151,0.153696025045,0.127087401683,0.142707369719,6486
186,24.480402789,28.424965154,23.623547637,26.410753021,0.131615068756,0.152822393302,0.127008320632,0.141993295814,6451
187,24.856474988,28.316780822,23.616666667,26.348800997,0.132922326141,0.151426635411,0.126292335116,0.140902679126,6417
188,25.664892784,28.310641628,24.357545398,26.282894737,0.136515387151,0.150588519295,0.129561411689,0.139802631579,6382
189,25.727186910,28.295340050,24.357097891,26.303540519,0.136122682064,0.149710793917,0.128873533815,0.139172172060,6349
190,25.625731920,28.296583360,24.381962025,26.275431103,0.134872273261,0.148929386104,0.128326115923,0.138291742646,6315
191,25.692381104,28.302958015,24.357415659,26.263919822,0.134515084313,0.148183026258,0.127525736434,0.137507433622,6282
192,24.859382499,26.679673757,23.979539642,26.447410486,0.129475950515,0.138956634149,0.124893435635,0.137746929614,6250
193,25.222704615,29.617585597,24.067020251,27.331083253,0.130687588678,0.153458992731,0.124699586791,0.141611830326,6217
194,25.353112369,29.641125121,24.256381260,27.358274079,0.130686146230,0.152789304749,0.125032893093,0.141022031334,6185
195,25.866471735,29.624370431,24.596847579,27.450162338,0.132648572999,0.151919848362,0.126137679891,0.140770063270,6153
196,26.532745386,29.687877305,25.469637610,27.473246330,0.135371149930,0.151468761758,0.129947130664,0.140169624130,6122
197,26.503856885,29.641227638,25.319560584,27.494664259,0.134537344594,0.150463084458,0.128525688242,0.139566823648,6091
198,26.749009901,29.839294544,25.552879063,27.754660947,0.135096009601,0.150703507799,0.129054944762,0.140175055288,6060
199,26.893010931,30.048873426,25.630341173,27.763428382,0.135140758446,0.150999363950,0.128795684284,0.139514715487,6030
200,26.414516398,28.175804033,25.360000000,27.923742924,0.132072581988,0.140879020163,0.126800000000,0.139618714619,6000
201,26.741584324,31.277386935,25.814194844,28.974874372,0.133042708081,0.155608890222,0.128428830071,0.144153603840,5970
202,27.012619889,31.277114512,25.987052295,28.993097643,0.133725841034,0.154837200552,0.128648773739,0.143530186352,5940
203,27.519601217,31.290666216,26.144378698,28.955397871,0.135564538013,0.154141212886,0.128790042848,0.142637427937,5911
204,28.351681957,31.283092608,26.883191851,28.957873280,0.138978833123,0.153348493178,0.131780352209,0.141950359216,5882
205,28.336921237,31.303754266,26.930339764,28.955244277,0.138228884083,0.152701240323,0.131367511046,0.141245094036,5853
206,28.289022298,31.285493827,26.946682668,28.983713355,0.137325350963,0.151871329258,0.130809139163,0.140697637646,5825
207,28.313749139,31.282732448,26.941946598,28.843728463,0.136781396804,0.151124311342,0.130154331390,0.139341683397,5797
208,27.679840527,29.296828972,26.788015241,29.002424662,0.133076156380,0.140850139291,0.128788534811,0.139434733953,5769
209,28.005919220,32.719484590,26.911636806,30.079839972,0.133999613493,0.156552557847,0.128763812471,0.143922679293,5741
210,28.186384319,32.707044223,27.098951049,30.204299196,0.134220877711,0.155747829634,0.129042624043,0.143829996172,5714
211,28.492975061,32.738702303,27.260365425,30.215665613,0.135037796500,0.155159726557,0.129196044669,0.143202206696,5687
212,29.376235876,32.707243816,27.990292976,30.205970677,0.138567150357,0.154279451963,0.132029683847,0.142480993757,5660
213,29.381831086,32.730530424,28.029270889,30.206602769,0.137942868948,0.153664462084,0.131592821074,0.141815036474,5633
214,29.431883024,32.693884828,27.963808165,30.216028495,0.137532163665,0.152775162747,0.130672000773,0.141196394837,5607
215,29.359305033,32.732462419,27.991400932,30.233249731,0.136554907131,0.152244011253,0.130192562472,0.140619766192,5581
216,29.056515479,30.491635186,27.685508551,30.266558675,0.134520904994,0.141164977714,0.128173650698,0.140122956830,5555
217,29.278561099,33.973807803,28.073699422,31.361844485,0.134924244696,0.156561326283,0.129371886737,0.144524628961,5529
218,29.605994550,33.952804502,28.401561932,31.311502177,0.135807314451,0.155746809641,0.130282394185,0.143630743932,5504
219,29.879927007,46.557218471,45.006383367,30.911973756,0.136438022864,0.212590038678,0.205508599848,0.141150565097,5479
220,30.239273927,33.485065054,28.751190040,31.024734335,0.137451245125,0.152204841155,0.130687227456,0.141021519704,5454
221,30.577716390,33.621114585,28.665255797,30.905077263,0.138360707649,0.152131740205,0.129707039805,0.139841978564,5429
222,30.188899167,33.461182994,28.603253836,30.907897170,0.135986032286,0.150726049525,0.128843485749,0.139224762029,5405
223,30.137316756,33.254963815,28.454629801,30.718267980,0.135144918190,0.149125398274,0.127599236778,0.137750080627,5381
224,29.341172079,30.999440299,28.228960627,30.758112645,0.130987375353,0.138390358475,0.126022145656,0.137313002877,5357
225,29.501872659,34.381790933,28.170192848,31.706091846,0.131119434041,0.152807959702,0.125200857101,0.140915963761,5333
226,32.087963835,34.426473357,28.381561618,31.714258806,0.141982140863,0.152329528129,0.125582131053,0.140328578787,5309
227,31.147181233,34.430001889,38.720173946,45.276338188,0.137212252130,0.151674017133,0.170573453506,0.199455234308,5286
228,43.623576310,34.604443600,29.561017271,45.870250760,0.191331475043,0.151773875441,0.129653584521,0.201185310350,5263
229,43.095292548,41.203890902,39.617703167,44.048799085,0.188189050428,0.179929654595,0.173003070597,0.192352834432,5240
230,42.351522114,39.082535427,29.455311005,32.044461479,0.184137052668,0.169924067074,0.128066569586,0.139323745563,5217
231,36.686489607,38.939003271,29.947479800,32.511149558,0.158815972326,0.168567113728,0.129642769697,0.140740907177,5194
232,30.813513514,32.679682969,29.471031286,32.529195669,0.132816868593,0.140860702454,0.127030307268,0.140212050297,5172
233,30.972836632,36.763929334,29.630017452,33.415858860,0.132930629321,0.157785104438,0.127167456876,0.143415703262,5150
234,31.380070203,35.805068226,29.842679128,33.311137072,0.134102864115,0.153013112077,0.127532816785,0.142355286631,5128
235,31.593187157,36.026815424,30.218028940,33.213531482,0.134439094287,0.153305597548,0.128587357192,0.141334176520,5106
236,32.391005499,35.882422336,30.742144540,33.180959874,0.137250023300,0.152044162440,0.130263324324,0.140597287602,5084
237,32.375987362,35.891171242,30.737080868,33.230966469,0.136607541611,0.151439541107,0.129692324337,0.140215048394,5063
238,32.357298475,35.871459695,30.717033512,33.236868186,0.135955035609,0.150720418887,0.129063166016,0.139650706665,5042
239,32.386069652,35.865139442,30.717213930,33.238645418,0.135506567581,0.150063344947,0.128523907658,0.139073830202,5020
240,31.993809904,33.650009994,30.691769876,33.100239617,0.133307541267,0.140208374975,0.127882374484,0.137917665069,5000
241,31.999598635,36.918956871,30.439406100,34.017244837,0.132778417574,0.153190692409,0.126304589625,0.141150393513,4979
242,31.865632554,36.554950595,30.458811682,33.994354839,0.131676167580,0.151053514855,0.125862858189,0.140472540656,4958
243,32.096173314,36.575070822,30.487246964,33.981368975,0.132083017755,0.150514694739,0.125461921661,0.139841024590,4938
244,33.003253355,36.383052225,31.256707317,33.794595693,0.135259235062,0.149110869775,0.128101259496,0.138502441364,4918
245,32.880155165,36.389795918,31.231020408,33.809096472,0.134204714961,0.148529779259,0.127473552686,0.137996312129,4897
246,32.883353834,36.421926230,31.213876381,33.818833163,0.133672170055,0.148056610689,0.126885676348,0.137474931556,4878
247,32.794244604,36.556561086,31.181949013,33.851996706,0.132770221070,0.148002271603,0.126242708555,0.137052618245,4858
248,32.509094667,34.098140496,31.090514569,34.033223277,0.131085059142,0.137492501999,0.125364978101,0.137230739020,4838
249,32.857646815,37.601824969,31.433402490,34.903834197,0.131958420943,0.151011345257,0.126238564215,0.140176040951,4819
250,32.877291667,37.392470882,31.410907577,34.894813581,0.131509166667,0.149569883527,0.125643630308,0.139579254322,4800
251,33.388471178,37.452873563,31.524655244,34.927451390,0.133021797522,0.149214635710,0.125596236034,0.139153192790,4780
252,34.264946507,37.521720881,32.419991600,35.079488255,0.135972009949,0.148895717783,0.128650760318,0.139204318472,4761
253,34.215954536,37.451306914,32.320269701,34.926448894,0.135240927019,0.148028881083,0.127748101584,0.138049205113,4743
254,34.315633594,37.546359018,32.446466356,35.042503701,0.135100919662,0.147820311094,0.127741993529,0.137962612994,4724
255,34.328028856,37.554022501,32.466779877,34.906137184,0.134619721005,0.147270676473,0.127320705400,0.136886812487,4705
256,33.484751546,35.334896611,32.044524925,35.083972720,0.130799810727,0.138026939885,0.125173925490,0.137046768436,4687
257,33.768391788,38.624118024,32.152448151,36.096939867,0.131394520575,0.150288396982,0.125106802142,0.140455018939,4669
258,33.980240550,38.598453940,32.158358401,35.972694044,0.131706358720,0.149606410621,0.124644800005,0.139429046683,4651
259,34.257709726,38.599697885,32.600301659,36.127076591,0.132269149522,0.149033582568,0.125869890576,0.139486782205,4633
260,35.014935065,38.610690327,33.175286734,35.995452577,0.134672827173,0.148502655103,0.127597256671,0.138444048373,4615
261,35.066927423,38.433876221,33.164169381,36.020869565,0.134356043766,0.147256230734,0.127065783069,0.138010994503,4597
262,35.080026167,38.601831662,33.317567568,36.168737737,0.133893229643,0.147335235350,0.127166288426,0.138048617317,4580
263,35.053610503,38.592341357,33.198905908,35.977870289,0.133283690127,0.146738940520,0.126231581400,0.136797985891,4562
264,34.584797891,36.429733890,32.985048373,36.164540255,0.131003022315,0.137991416252,0.124943365049,0.136986894906,4545
265,34.922160970,39.684919408,33.271164021,37.229649239,0.131781739510,0.149754412861,0.125551562344,0.140489242411,4528
266,35.169949104,39.661276030,33.657725560,39.399778516,0.132217853774,0.149102541467,0.126532802856,0.148119468105,4511
267,35.335483871,39.504222222,33.553531764,37.030687125,0.132342636221,0.147955888473,0.125668658291,0.138691712078,4494
268,36.302746149,39.410176300,34.266919812,37.206519312,0.135458008018,0.147052896642,0.127861641091,0.138830295942,4477
269,36.271038496,39.457232423,34.411250560,37.247198566,0.134836574334,0.146681161423,0.127922864536,0.138465422177,4460
270,36.389788574,39.625983367,34.549606299,37.118625028,0.134776994719,0.146762901359,0.127961504812,0.137476388993,4444
271,36.301218412,39.675999097,34.418867073,37.264393768,0.133952835467,0.146405900726,0.127006889568,0.137506988075,4428
272,35.924173834,37.594202899,34.193752829,37.078977144,0.132074168509,0.138213981245,0.125712326578,0.136319768912,4411
273,35.950022717,40.527512506,34.156086462,38.186575654,0.131685064897,0.148452426761,0.125113869824,0.139877566499,4395
274,36.125513464,40.959808175,34.878449259,38.683934277,0.131844939650,0.149488351005,0.127293610434,0.141182241885,4379
275,36.793956044,41.264712617,35.154216315,38.927197802,0.133796203796,0.150053500427,0.127833513874,0.141553446553,4363
276,37.904707233,41.283448276,35.778874856,38.889322618,0.137335895772,0.149577711144,0.129633604552,0.140903342818,4347
277,37.761827833,41.445724821,35.917722978,39.029303184,0.136324288205,0.149623555312,0.129666869955,0.140900011495,4332
278,37.933086363,41.441258094,35.792457196,38.902269569,0.136449950945,0.149069273721,0.128749846028,0.139936221472,4316
279,37.899489322,41.451126074,35.907295539,39.055039480,0.135840463520,0.148570344351,0.128699984011,0.139982220358,4301
280,37.584945234,39.380652681,35.828791055,39.079254079,0.134231947265,0.140645188145,0.127959968054,0.139568764569,4285
281,37.792377835,42.612163743,35.877689429,39.767414680,0.134492447811,0.151644710828,0.127678610069,0.141521048682,4270
282,37.600328561,42.189303308,35.900915708,39.951609114,0.133334498445,0.149607458537,0.127308211730,0.141672372746,4255
283,38.117688679,42.399292453,36.323917137,39.920612485,0.134691479432,0.149820821388,0.128353064090,0.141062234930,4240
284,39.154882951,42.370712089,36.898533586,39.962884161,0.137869306166,0.149192648201,0.129924414034,0.140714380848,4225
285,39.304079696,42.594209777,37.065748873,40.154849419,0.137909051566,0.149453367638,0.130055259202,0.140894208488,4210
286,39.243269002,42.595476190,37.040466556,40.107406525,0.137214227279,0.148935231435,0.129512120824,0.140235687152,4195
287,39.262251972,42.611601814,37.091429936,40.131484580,0.136802271680,0.148472480189,0.129238431831,0.139830956726,4181
288,38.527677930,40.439404848,36.653320547,40.143576222,0.133776659478,0.140414600165,0.127268474120,0.139387417439,4166
289,38.804807692,43.704523580,36.836503732,41.251983650,0.134272690977,0.151226725192,0.127461950631,0.142740427854,4152
290,38.963034549,43.698359073,36.994692400,41.252113016,0.134355291550,0.150683996805,0.127567904829,0.142248665573,4137
291,39.328810274,43.694619486,37.187681862,41.245209799,0.135150550769,0.150153331568,0.127792721176,0.141736116147,4123
292,40.071463296,43.689294404,37.935083880,41.248844563,0.137231038685,0.149620871246,0.129914670823,0.141263166313,4109
293,40.091020010,43.705365854,38.043223443,41.237920937,0.136829419829,0.149165071173,0.129840353049,0.140743757464,4095
294,40.074155653,43.727606461,37.966242661,41.238013699,0.136306651882,0.148733355310,0.129136879801,0.140265352716,4081
295,40.066601130,43.712530713,37.984524687,41.238025055,0.135818986883,0.148178070212,0.128761100633,0.139789915442,4067
296,39.562623274,41.600689316,37.707953706,41.241685144,0.133657511061,0.140542869309,0.127391735493,0.139330017379,4054
297,39.860643564,44.882905138,38.010630408,42.362669963,0.134210921092,0.151120892722,0.127981920565,0.142635252400,4040
298,40.091224591,44.864629906,38.151650534,42.362013390,0.134534310708,0.150552449348,0.128025672932,0.142154407347,4026
299,40.625560538,44.842995770,38.469286247,42.362527992,0.135871439927,0.149976574482,0.128659820225,0.141680695626,4013
300,41.358782435,44.852184769,39.196606786,42.310172457,0.137862608117,0.149507282563,0.130655355955,0.141033908190,4000
301,41.353661585,44.862103422,39.122000000,42.337827715,0.137387580015,0.149043532965,0.129973421927,0.140657234935,4000
302,41.417478152,44.849762915,39.062234441,42.279830255,0.137143967392,0.148509148725,0.129345147157,0.139999437929,4000
303,41.407139291,44.811033450,39.119011976,42.306137725,0.136657225383,0.147891199504,0.129105650086,0.139624216913,4000
304,40.894631710,42.699475393,39.053905665,42.345904096,0.134521814837,0.140458800636,0.128466794951,0.139295737158,4000
305,40.924575425,45.985268414,39.072927073,43.408682635,0.134178935818,0.150771371851,0.128107957616,0.142323549622,4000
306,41.205397301,46.008243817,39.214750000,43.468562874,0.134658161116,0.150353737965,0.128152777778,0.142054127040,4000
307,41.399000000,45.546157685,38.960549313,42.908682635,0.134850162866,0.148358819820,0.126907326754,0.139767695879,4000
308,41.646176912,45.374968773,39.613732834,43.039970022,0.135214860102,0.147321327186,0.128616015695,0.139740162411,4000
309,41.887640449,45.520369908,39.443862275,42.825012481,0.135558706956,0.147315112969,0.127650039726,0.138592273402,4000
310,41.828835582,45.580314764,39.678892216,43.044716463,0.134931727685,0.147033273432,0.127996426502,0.138853924073,4000
311,41.865384615,45.773839241,39.888833375,43.240000000,0.134615384615,0.147182762833,0.128259914389,0.139035369775,4000
312,41.736565859,43.642126279,39.780859570,43.484515485,0.133771044418,0.139878609869,0.127502755033,0.139373447066,4000
313,42.107223194,47.125468633,40.116354557,44.334414774,0.134527869630,0.150560602661,0.128167266955,0.141643497681,4000
314,42.322669333,47.137965509,40.301622971,44.589513109,0.134785571123,0.150120909263,0.128349117743,0.142004818817,4000
315,42.660834791,47.148564295,40.226297405,44.397250000,0.135431221560,0.149677981888,0.127702531445,0.140943650794,4000
316,43.578250000,47.081148564,41.146743199,44.493006993,0.137905854430,0.148990976469,0.130211212656,0.140800655041,4000
317,43.562109473,47.133683158,41.195951012,44.545908184,0.137419903699,0.148686697661,0.129955681427,0.140523369664,4000
318,43.639840040,47.102897103,41.208750000,44.529103173,0.137232201384,0.148122317934,0.129587264151,0.140028626329,4000
319,43.569680320,47.117162128,41.153211697,44.557942058,0.136582069968,0.147702702597,0.129006933220,0.139680069147,4000
320,42.896930372,44.970764618,40.837371971,44.620189905,0.134052907412,0.140533639430,0.127616787409,0.139438093453,4000
321,43.061127745,48.278721279,41.009737828,45.674075924,0.134146815403,0.150401000868,0.127756192610,0.142286840885,4000
322,43.268712575,48.262868566,41.075481130,45.694055944,0.134374883773,0.149884684987,0.127563605993,0.141907006037,4000
323,43.548813983,48.282326510,41.311377246,45.643784324,0.134826049481,0.149480887029,0.127899000760,0.141312025769,4000
324,44.343235147,48.252121817,42.138722555,45.652760430,0.136861836874,0.148926301905,0.130057785663,0.140903581573,4000
325,44.320919770,48.274588118,42.039230385,45.712965276,0.136372060831,0.148537194209,0.129351478107,0.140655277772,4000
326,44.339830085,48.247876062,42.040000000,45.657428215,0.136011748727,0.147999619822,0.128957055215,0.140053460781,4000
327,44.334500000,48.257549289,42.026993252,45.653769346,0.135579510703,0.147576603329,0.128522915143,0.139613973535,4000
328,43.967057649,46.020734449,41.769153981,45.672659176,0.134045907467,0.140307117223,0.127344981648,0.139245912122,4000
329,44.279151061,49.399400150,42.088572854,46.779165626,0.134587085292,0.150150152431,0.127928792870,0.142185913756,4000
330,44.424750000,49.402795109,42.284357821,46.754118822,0.134620454545,0.149705439723,0.128134417640,0.141679147945,4000
331,44.798000000,49.357392607,42.530586767,46.762415772,0.135341389728,0.149115989750,0.128491198690,0.141276180581,4000
332,45.697250000,49.375031211,43.181454636,46.801648763,0.137642319277,0.148719973527,0.130064622399,0.140968821577,4000
333,45.691213180,49.377528090,43.233532934,46.746630055,0.137210850391,0.148280865135,0.129830429232,0.140380270435,4000
334,45.735816046,49.412484395,43.201896681,46.754184362,0.136933580976,0.147941570043,0.129346996050,0.139982587909,4000
335,45.672659176,49.379250000,43.224750000,46.750000000,0.136336296048,0.147400746269,0.129029104478,0.139552238806,4000
336,45.164711754,47.147029456,42.996257485,46.808595702,0.134418784983,0.140318540047,0.127965052039,0.139311296733,4000
337,45.326010984,50.519000000,43.127250000,47.891250000,0.134498548913,0.149908011869,0.127974035608,0.142110534125,4000
338,45.451097804,50.493256743,43.231037924,47.866250000,0.134470703563,0.149388333560,0.127902479066,0.141616124260,4000
339,45.738315421,50.508364544,43.284502121,47.858283433,0.134921284428,0.148992225794,0.127682897113,0.141174877384,4000
340,46.567108223,50.501249375,44.094250000,47.839200999,0.136962083009,0.148533086398,0.129688970588,0.140703532349,4000
341,46.541593805,50.043163673,43.956304619,47.660750000,0.136485612330,0.146754145668,0.128904119118,0.139767595308,4000
342,46.568363273,50.302894212,43.863750000,47.865235837,0.136164804893,0.147084485999,0.128256578947,0.139956829934,4000
343,46.534616346,50.475774226,44.083582834,47.873907615,0.135669435411,0.147159691620,0.128523565115,0.139574074681,4000
344,46.185878244,48.241258741,43.908682635,47.843750000,0.134261273964,0.140236217271,0.127641519287,0.139080668605,4000
345,46.439810190,51.574962519,44.192163714,48.949288034,0.134608145478,0.149492644982,0.128093228155,0.141881994301,4000
346,46.634865135,51.600199900,44.407296352,48.917082917,0.134782847211,0.149133525723,0.128344787144,0.141378852362,4000
347,46.996004994,51.554445554,44.403649088,48.942600449,0.135435172893,0.148571889206,0.127964406593,0.141044958067,4000
348,47.890192164,51.568500000,45.206250000,48.956532601,0.137615494723,0.148185344828,0.129903017241,0.140679691381,4000
349,47.913173653,51.598452708,45.247314514,48.943764059,0.137287030523,0.147846569363,0.129648465656,0.140240011630,4000
350,47.877184224,51.602698651,45.157224857,48.958083832,0.136791954925,0.147436281859,0.129020642447,0.139880239521,4000
351,47.859285179,51.606000000,45.218422366,48.931534233,0.136351239825,0.147025641026,0.128827414149,0.139406080436,4000
352,47.231652521,49.409545227,44.860778443,49.007738392,0.134180831026,0.140368026214,0.127445393304,0.139226529524,4000
353,47.386806597,52.674238642,44.963572854,50.045454545,0.134240245316,0.149218806351,0.127375560494,0.141771825908,4000
354,47.567574319,52.709612984,45.123626374,50.022954092,0.134371678868,0.148897211819,0.127467871112,0.141307779920,4000
355,47.836790802,52.733466434,45.326010984,50.022750000,0.134751523387,0.148544975870,0.127678904179,0.140909154930,4000
356,48.663084229,52.698476143,46.033699451,50.055403045,0.136694056823,0.148029427368,0.129308144525,0.140605064732,4000
357,48.656257807,52.665169661,46.171492761,50.035250000,0.136292038674,0.147521483643,0.129331912495,0.140154761905,4000
358,48.653423288,52.672904192,46.125031195,50.058000000,0.135903417007,0.147131017295,0.128840869261,0.139826815642,4000
359,48.638430785,52.690791116,46.159970052,50.068181818,0.135483094108,0.146771005893,0.128579303767,0.139465687516,4000
360,48.212000000,50.453070394,45.799350325,50.075462269,0.133922222222,0.140147417762,0.127220417569,0.139098506302,4000
361,48.571428571,53.781218781,46.110916812,51.185675069,0.134546893550,0.148978445377,0.127731071502,0.141788573597,4000
362,48.731134433,53.701298701,46.324931370,51.120000000,0.134616393461,0.148346129009,0.127969423674,0.141215469613,4000
363,49.168957761,53.766558360,46.511482776,51.147750000,0.135451674272,0.148117240662,0.128130806545,0.140902892562,4000
364,49.968063872,53.773976024,47.281148564,51.143570537,0.137274900748,0.147730703363,0.129893265287,0.140504314662,4000
365,49.998002497,53.801098078,47.253873063,51.153231844,0.136980828759,0.147400268708,0.129462665927,0.140145840669,4000
366,49.995257114,53.760549313,47.210828343,51.190369261,0.136599063154,0.146886746758,0.128991334271,0.139864396889,4000
367,49.955250000,53.762724551,47.206242197,51.142500000,0.136117847411,0.146492437468,0.128627362935,0.139352861035,4000
368,49.494626343,51.579960020,47.035241190,51.190963555,0.134496267238,0.140162934837,0.127813155407,0.139105879225,4000
369,49.650361867,54.843289178,47.101123596,52.281679580,0.134553826197,0.148626799940,0.127645321397,0.141684768510,4000
370,49.752808989,54.838451935,47.342750000,52.239450687,0.134467051321,0.148212032257,0.127953378378,0.141187704558,4000
371,49.957781664,54.899950100,47.462403198,52.311860175,0.134657093433,0.147978302156,0.127931005923,0.141002318530,4000
372,50.847000000,54.894500000,48.136828964,52.298600700,0.136685483871,0.147565860215,0.129400077860,0.140587636289,4000
373,50.921789105,54.896431245,48.130272024,52.251437141,0.136519541838,0.147175418888,0.129035581834,0.140084281879,4000
374,50.860528942,54.847402597,48.114721320,52.295528354,0.135990719097,0.146650809084,0.128648987486,0.139827615919,4000
375,50.902024494,54.882734531,48.124968758,52.264103844,0.135738731984,0.146353958749,0.128333250021,0.139370943585,4000
376,50.571036205,52.709862672,48.024250000,52.293603198,0.134497436715,0.140185804978,0.127724069149,0.139078731911,4000
377,50.741194104,55.960259935,48.280359820,53.365067466,0.134592026802,0.148435702745,0.128064614907,0.141551903094,4000
378,50.904523869,55.932634731,48.523976024,53.354468298,0.134668052564,0.147969933150,0.128370306942,0.141149387031,4000
379,51.290250000,55.938092861,48.680638723,53.341750000,0.135330474934,0.147593912561,0.128444957052,0.140743403694,4000
380,52.168957761,55.957282038,49.341914521,53.357802747,0.137286730949,0.147256005364,0.129847143477,0.140415270386,4000
381,52.245565826,55.967524357,49.202695956,53.356732451,0.137127469359,0.146896389388,0.129140934268,0.140043917193,4000
382,52.213929106,55.956271864,49.272409488,53.350299401,0.136685678289,0.146482387079,0.128985365152,0.139660469637,4000
383,52.230289421,56.027445110,49.194756554,53.340914771,0.136371512849,0.146285757467,0.128445839567,0.139271317941,4000
384,51.456793207,53.770000000,48.816045989,53.402746567,0.134002065643,0.140026041667,0.127125119762,0.139069652518,4000
385,51.723500000,57.095452274,48.944555445,54.425680739,0.134346753247,0.148299876036,0.127128715440,0.141365404518,4000
386,51.900449102,57.135432284,49.068965517,54.475905119,0.134457122025,0.148019254621,0.127121672324,0.141129287872,4000
387,52.133433283,57.512250000,49.484886335,54.445942572,0.134711713910,0.148610465116,0.127867923347,0.140687190108,4000
388,52.992003998,57.284250000,50.115692154,54.463688545,0.136577329892,0.147639819588,0.129164155036,0.140370331302,4000
389,53.042446941,57.351236573,50.213143428,54.466184178,0.136355904733,0.147432484762,0.129082630921,0.140015897629,4000
390,52.973276723,57.407648088,50.153250000,54.486756622,0.135828914675,0.147199097661,0.128598076923,0.139709632363,4000
391,53.004993758,57.484500000,50.228043912,54.459540460,0.135562643882,0.147019181586,0.128460470364,0.139282712173,4000
392,52.607750000,54.909840160,49.980259870,54.519480519,0.134203443878,0.140076122857,0.127500662934,0.139080307448,4000
393,52.885614386,58.165792759,50.113108614,55.613193403,0.134568993348,0.148004561728,0.127514271283,0.141509397973,4000
394,53.067216392,58.190761548,50.325593009,55.568215892,0.134688366477,0.147692288193,0.127729931494,0.141036080944,4000
395,53.407796102,58.193951512,50.593656344,55.561267781,0.135209610385,0.147326459524,0.128085205933,0.140661437421,4000
396,54.334916271,58.194402799,51.238701623,55.600049900,0.137209384523,0.146955562623,0.129390660664,0.140404166415,4000
397,54.291604198,58.201899050,51.263289244,55.545727136,0.136754670524,0.146604279724,0.129126673158,0.139913670369,4000
398,54.144105894,58.196455317,51.295409182,55.587868198,0.136040467071,0.146222249540,0.128882937642,0.139668010547,4000
399,54.319430569,58.204846365,51.425037481,55.598500000,0.136138923733,0.145876807933,0.128884805717,0.139344611529,4000
400,53.783628650,55.985029940,51.197450637,55.568215892,0.134459071625,0.139962574850,0.127993626593,0.138920539730,4000
401,53.965319361,59.301099450,51.201548452,56.659930140,0.134576856263,0.147883041023,0.127684659480,0.141296583890,4000
402,54.105171122,59.293250000,51.287034724,56.699050949,0.134589977915,0.147495646766,0.127579688368,0.141042415296,4000
403,54.287784162,59.301274044,51.480658847,56.664083979,0.134709141841,0.147149563386,0.127743570340,0.140605667442,4000
404,55.158960260,59.316774838,52.188952762,56.676330917,0.136532079851,0.146823700093,0.129180576143,0.140287947815,4000
405,55.195054945,59.281647940,52.207000000,56.656335916,0.136284086284,0.146374439358,0.128906172840,0.139892187447,4000
406,55.156460885,59.301797304,52.269182704,56.653846154,0.135853351933,0.146063540158,0.128741829321,0.139541492990,4000
407,55.137612388,59.278000000,52.186220669,56.704840319,0.135473249110,0.145646191646,0.128221672405,0.139323931989,4000
408,54.660179641,56.573140290,51.610750000,56.172956761,0.133971028531,0.138659657572,0.126496936275,0.137678815590,4000
409,54.564000000,59.644372348,51.608500000,56.954295704,0.133408312958,0.145829761243,0.126182151589,0.139252556734,4000
410,54.421789105,59.649525711,51.963759060,57.256750000,0.132736070989,0.145486648077,0.126740875757,0.139650609756,4000
411,55.052723638,59.884394507,52.436890777,57.541593805,0.133948232696,0.145704122888,0.127583675857,0.140003877870,4000
412,56.313686314,60.182067932,53.168455203,57.539750000,0.136683704645,0.146072980418,0.129049648552,0.139659587379,4000
413,56.592203898,60.174737893,52.799051423,57.235896156,0.137027128082,0.145701544535,0.127842739523,0.138585704978,4000
414,55.732534930,59.611541344,52.542114471,56.679311205,0.134619649590,0.143989230299,0.126913319979,0.136906548805,4000
415,55.443250000,59.325918520,52.442500000,56.728203847,0.133598192771,0.142954020531,0.126367469880,0.136694467101,4000
416,54.692153923,57.122938531,51.857784431,56.744063984,0.131471523853,0.137314756083,0.124658135652,0.136403999962,4000
417,54.812531203,60.132150887,51.953511622,57.549288745,0.131444918953,0.144201800688,0.124588756888,0.138007886678,4000
418,54.899750000,60.122255489,52.091227193,57.487262737,0.131339114833,0.143833147103,0.124620160749,0.137529336692,4000
419,55.207584830,60.119470132,52.218921618,57.562187812,0.131760345657,0.143483222273,0.124627497894,0.137379923179,4000
420,55.984761429,60.167207387,52.981250000,57.497252747,0.133297051021,0.143255255684,0.126145833333,0.136898220827,4000
421,55.972756811,60.102096855,53.006739890,57.550974513,0.132951916415,0.142760325071,0.125906745582,0.136700652049,4000
422,56.226636682,60.382426360,53.175706073,57.566150774,0.133238475549,0.143086318390,0.126008782165,0.136412679559,4000
423,56.252495010,60.139720559,53.045409182,57.537425150,0.132984621773,0.142174280281,0.125402858585,0.136022281678,4000
424,55.805139721,58.188952762,53.064403395,57.531203195,0.131615895567,0.137238096136,0.125151894799,0.135686799989,4000
425,56.090364453,61.470411985,53.215696076,58.889443474,0.131977328125,0.144636263494,0.125213402532,0.138563396409,4000
426,56.280000000,61.226136932,53.121038183,58.637090727,0.132112676056,0.143723326130,0.124697272730,0.137645752881,4000
427,56.643267549,61.482405790,53.571178821,58.877500000,0.132654022364,0.143986898805,0.125459435178,0.137886416862,4000
428,57.508495752,61.504491018,54.111055653,58.811829299,0.134365644281,0.143702081818,0.126427700123,0.137410816119,4000
429,57.528457314,61.212431353,54.072854291,58.550337247,0.134098968098,0.142686320170,0.126043949397,0.136480972604,4000
430,57.276765660,61.210539461,54.066216892,58.612693653,0.133201780605,0.142350091769,0.125735388120,0.136308589891,4000
431,57.261542301,61.256057957,54.170122408,58.597801649,0.132857406731,0.142125424493,0.125684738766,0.135957776447,4000
432,56.985007496,59.051922117,53.966308959,58.587103224,0.131909739575,0.136694264159,0.124922011480,0.135618294500,4000
433,56.967564870,62.234281437,54.155805243,59.724206845,0.131564814943,0.143728132649,0.125071143749,0.137931193637,4000
434,57.317852684,62.301123596,54.145209581,59.641518861,0.132068784987,0.143550976027,0.124758547421,0.137422854518,4000
435,57.195255930,62.256736527,54.266000000,59.644105894,0.131483346966,0.143118934545,0.124749425287,0.137112887113,4000
436,58.074369853,62.287606197,54.908614232,59.661588412,0.133198095993,0.142861482103,0.125937188606,0.136838505531,4000
437,58.105750000,62.314620758,55.319860279,59.657014478,0.132965102975,0.142596386175,0.126590069289,0.136514907273,4000
438,58.079210395,62.322435737,54.912293853,59.719420869,0.132600936974,0.142288666067,0.125370533911,0.136345709746,4000
439,58.114770459,62.250687328,54.947276362,59.649700599,0.132379887151,0.141801110087,0.125164638637,0.135876311159,4000
440,57.827345309,60.144427786,54.766408785,59.681409295,0.131425784794,0.136691881332,0.124469110874,0.135639566580,4000
441,58.278831752,63.380084852,55.118851436,60.775612194,0.132151545924,0.143719013269,0.124986057677,0.137813179578,4000
442,58.215980025,63.628750000,55.282576136,60.709935097,0.131710362047,0.143956447964,0.125073701665,0.137352794338,4000
443,58.218671992,63.083374938,55.286678330,60.717065868,0.131419124135,0.142400394893,0.124800628285,0.137058839432,4000
444,59.440889778,63.349075462,55.964294632,60.720389805,0.133875877877,0.142678097888,0.126045708630,0.136757634696,4000
445,59.365908523,63.385921118,56.032741815,60.697552448,0.133406536006,0.142440272176,0.125916273741,0.136398994264,4000
446,59.468500000,63.385960530,56.129500000,60.750249750,0.133337443946,0.142120987735,0.125850896861,0.136211322310,4000
447,59.404393410,63.359051186,55.973795857,60.693250000,0.132895734698,0.141742843817,0.125221019815,0.135779082774,4000
448,58.975768174,61.170579421,55.559300874,60.750249750,0.131642339674,0.136541471921,0.124016296594,0.135603236050,4000
449,59.198150925,64.507365793,55.710079840,61.799150637,0.131844434130,0.143668966131,0.124075901649,0.137637306541,4000
450,59.233191702,64.444138965,55.923883204,61.826836582,0.131629314893,0.143209197701,0.124275296010,0.137392970182,4000
451,59.701399300,64.469647764,56.080629056,61.829590818,0.132375608205,0.142948221207,0.124347292808,0.137094436404,4000
452,60.197253433,64.452707761,56.849937578,61.780524345,0.133179764233,0.142594486198,0.125774198181,0.136682575984,4000
453,60.504995005,64.492634207,56.942365269,61.799650699,0.133565110386,0.142367845932,0.125700585584,0.136423069975,4000
454,60.444721737,64.510994503,56.926823177,61.793000000,0.133138153606,0.142094701548,0.125389478363,0.136107929515,4000
455,60.479660594,64.434956305,56.959260185,61.833000000,0.132922330976,0.141615288582,0.125185187220,0.135896703297,4000
456,60.021994501,62.375312344,56.722554890,61.840239641,0.131627180924,0.136787965666,0.124391567742,0.135614560615,4000
457,60.307039441,65.558610347,56.865701448,62.891054473,0.131962887179,0.143454289600,0.124432607107,0.137617187030,4000
458,60.509608186,65.541937094,57.070162297,62.894276431,0.132117048440,0.143104666145,0.124607341260,0.137323747666,4000
459,60.935097354,65.810094953,57.369353631,62.952500000,0.132756203386,0.143377113186,0.124987698543,0.137151416122,4000
460,61.551896208,65.523357482,58.004242575,62.887250000,0.133808470016,0.142442081482,0.126096179512,0.136711413043,4000
461,61.464321357,65.562500000,57.990761548,62.919270182,0.133328245894,0.142218004338,0.125793408998,0.136484317099,4000
462,61.662340903,65.520339406,58.045750000,62.875343492,0.133468270354,0.141818916463,0.125640151515,0.136093817083,4000
463,61.755994006,65.566075443,58.004242575,62.929570430,0.133382276471,0.141611394046,0.125279141632,0.135916998768,4000
464,60.936876248,63.379905024,57.832335329,62.928535732,0.131329474671,0.136594622896,0.124638653727,0.135621844250,4000
465,61.428678491,66.619820270,57.956315527,63.948262934,0.132104684927,0.143268430687,0.124637237692,0.137523146095,4000
466,61.288533600,66.640339915,57.969522858,63.931551336,0.131520458369,0.143005021277,0.124398117721,0.137192170250,4000
467,61.406648338,66.610681308,58.136465884,63.921019745,0.131491752330,0.142635291879,0.124489220307,0.136875845279,4000
468,62.615038721,66.638680660,59.022205589,64.010232094,0.133792817780,0.142390343290,0.126115823908,0.136774000201,4000
469,62.371500000,66.606196902,58.833957553,63.984281437,0.132988272921,0.142017477402,0.125445538493,0.136427039312,4000
470,62.626466916,66.608185675,58.905547226,64.011491381,0.133247801950,0.141719543990,0.125330951546,0.136194662514,4000
471,62.335163464,66.607848038,58.925000000,63.926896208,0.132346419244,0.141417936386,0.125106157113,0.135725894284,4000
472,62.033500000,64.477652934,58.946317104,64.274294279,0.131426906780,0.136605196894,0.124886265050,0.136174352287,4000
473,62.498001000,67.730721238,58.998250875,65.035241190,0.132131080337,0.143193913822,0.124732031447,0.137495224503,4000
474,62.669997502,68.003742515,59.199201198,65.087890137,0.132215184603,0.143467811213,0.124892829532,0.137316223918,4000
475,63.014973796,68.048415273,59.309630739,65.057706720,0.132663102728,0.143259821628,0.124862380502,0.136963593095,4000
476,63.846806387,67.995006242,59.962075848,65.046500000,0.134131946192,0.142846651769,0.125970747580,0.136652310924,4000
477,63.674656679,67.649587603,60.029463171,65.037721709,0.133489846288,0.141823034807,0.125847931176,0.136347424966,4000
478,63.736145781,67.717641179,59.954534099,65.287106447,0.133339217116,0.141668705396,0.125427895605,0.136583904700,4000
479,63.993759361,68.015476785,59.939575531,65.301797304,0.133598662549,0.141994732327,0.125134813216,0.136329430697,4000
480,63.019965061,65.535562765,59.568965517,65.089160839,0.131291593877,0.136532422427,0.124102011494,0.135602418415,4000
481,63.432641840,68.811080609,59.704517095,66.136079900,0.131876594261,0.143058379644,0.124125815166,0.137497047609,4000
482,63.464321357,68.831542114,59.919640629,66.156632526,0.131668716509,0.142804029283,0.124314607114,0.137254424327,4000
483,63.937000000,69.084707646,60.089637953,66.111111111,0.132374741201,0.143032521007,0.124409188308,0.136876006441,4000
484,64.703019715,68.746313422,60.942350886,66.118910817,0.133683925032,0.142037837648,0.125913948111,0.136609319870,4000
485,64.467931121,68.843750000,60.934630739,66.109722569,0.132923569321,0.141945876289,0.125638413894,0.136308706329,4000
486,64.713786214,68.895104895,60.855181024,66.109722569,0.133155938711,0.141759475093,0.125216421860,0.136028235739,4000
487,64.691712431,68.814046488,60.888083937,66.075368106,0.132837191851,0.141301943508,0.125026866401,0.135678373934,4000
488,64.278471528,66.691635456,60.589570858,66.160089910,0.131718179362,0.136663187409,0.124158956677,0.135573954734,4000
489,64.506490265,69.898601399,60.847652348,67.192855358,0.131915113016,0.142941925151,0.124432826887,0.137408702165,4000
490,64.501497753,69.828756865,61.093726568,67.182158921,0.131635709701,0.142507667071,0.124681074629,0.137106446777,4000
491,65.116750000,70.211130522,61.241689578,67.267799151,0.132620672098,0.142996192508,0.124728492011,0.137001627598,4000
492,65.751497006,69.826010984,62.088389513,67.219225968,0.133641254077,0.141922786552,0.126195913645,0.136624443023,4000
493,66.003997002,69.936111804,62.070911361,67.169288390,0.133882346861,0.141858238954,0.125904485519,0.136246021074,4000
494,66.048689139,70.161378966,61.987256372,67.500624532,0.133701799876,0.142027082927,0.125480276056,0.136640940347,4000
495,66.006495129,70.133799301,62.254491018,67.506873282,0.133346454805,0.141684443032,0.125766648521,0.136377521781,4000
496,65.463152636,68.056387226,62.055930087,67.547066167,0.131982162572,0.137210458116,0.125112762273,0.136183601144,4000
497,65.623844039,77.826293427,61.973000000,72.508868349,0.132039927644,0.156592139691,0.124694164990,0.145893095269,4000
498,65.805340654,77.632393312,62.089432925,72.533466533,0.132139238261,0.155888339983,0.124677576155,0.145649531192,4000
499,66.288888889,77.562328254,62.260119940,72.273226773,0.132843464707,0.155435527563,0.124769779439,0.144836125798,4000
500,72.033983008,77.640500000,68.095476131,72.413086913,0.144067966017,0.155281000000,0.136190952262,0.144826173826,4000
501,72.083437422,77.592555583,68.058882236,71.994508238,0.143879116611,0.154875360446,0.135846072326,0.143701613249,4000
502,72.140250000,77.572320759,67.989260739,72.645588603,0.143705677291,0.154526535377,0.135436774381,0.144712327894,4000
503,71.908682635,77.510479042,68.106287425,72.282429393,0.142959607624,0.154096379805,0.135400173807,0.143702642928,4000
504,71.816545864,73.000000000,67.377683475,71.297452547,0.142493146555,0.144841269841,0.133685879910,0.141463199499,4000
505,71.713572854,85.988505747,67.256487026,78.308691309,0.142007074959,0.170274268806,0.133181162428,0.155066715463,4000
506,71.747752248,85.615384615,67.411088911,75.755561110,0.141793976774,0.169200364853,0.133223495872,0.149714547648,4000
507,71.954750000,85.664920160,67.654000000,78.367158210,0.141922583826,0.168964339565,0.133439842209,0.154570331776,4000
508,80.155228350,85.605750000,74.318022966,77.688888889,0.157785882580,0.168515255906,0.146295320798,0.152930883640,4000
509,79.236250000,85.587912088,72.908272932,77.591704148,0.155670432220,0.168149139662,0.143238257233,0.152439497344,4000
510,79.945082376,85.610389610,73.444222610,76.943113772,0.156755063483,0.167863509040,0.144008279628,0.150868850534,4000
511,78.770152234,85.708041958,74.621094726,77.385364635,0.154149025897,0.167726109507,0.146029539582,0.151439069737,4000
512,66.828292927,80.773090364,63.506000000,75.961538462,0.130524009623,0.157759942118,0.124035156250,0.148362379808,4000
