n,pos_simd_ns,neg_scalar_ns,pos_simd_ns_per_limb,neg_scalar_ns_per_limb,neg_over_pos
8,2.812174,3.225665,0.351521724,0.403208087,1.147036
16,3.789705,5.802105,0.236856532,0.362631538,1.531018
24,4.534964,8.568280,0.188956837,0.357011687,1.889382
32,5.379967,11.970079,0.168123982,0.374064954,2.224935
40,6.463597,15.131753,0.161589915,0.378293834,2.341073
48,7.315348,18.448089,0.152403083,0.384335184,2.521833
56,8.184480,21.524636,0.146151429,0.384368492,2.629933
64,9.372976,24.845257,0.146452744,0.388207141,2.650733
72,10.101390,28.031783,0.140297082,0.389330313,2.775042
80,10.860260,31.336606,0.135753251,0.391707574,2.885438
88,11.942962,34.497701,0.135715475,0.392019324,2.888538
96,12.829912,37.305738,0.133644921,0.388601436,2.907716
104,13.662617,40.841572,0.131371313,0.392707426,2.989294
112,14.621082,44.298432,0.130545371,0.395521717,3.029764
120,15.735844,47.698738,0.131132030,0.397489483,3.031216
128,16.897313,50.743253,0.132010255,0.396431663,3.003037
136,18.006602,53.863656,0.132401483,0.396056294,2.991328
144,18.913796,57.220905,0.131345807,0.397367392,3.025353
152,21.966319,60.204629,0.144515257,0.396083088,2.740770
160,22.904036,63.505480,0.143150227,0.396909249,2.772676
168,23.799833,66.641858,0.141665675,0.396677724,2.800098
176,24.571475,69.906669,0.139610655,0.397196984,2.845033
184,25.251919,73.055442,0.137238690,0.397040446,2.893065
192,26.062500,74.627138,0.135742188,0.388683011,2.863391
200,26.617957,77.233139,0.133089785,0.386165697,2.901543
208,27.619680,80.649506,0.132786922,0.387738008,2.920001
216,28.608450,83.814567,0.132446529,0.388030401,2.929714
224,29.723881,87.264622,0.132695896,0.389574206,2.935842
232,30.541154,89.983895,0.131642907,0.387861617,2.946316
240,31.231710,93.119786,0.130132125,0.387999110,2.981578
248,32.420503,96.429599,0.130727833,0.388829029,2.974340
256,33.484844,99.588376,0.130800171,0.389017093,2.974133
264,34.294452,102.622162,0.129903227,0.388720311,2.992384
272,34.878546,106.003637,0.128229948,0.389719254,3.039222
280,35.852211,108.985990,0.128043610,0.389235679,3.039868
288,36.983999,112.273923,0.128416663,0.389840012,3.035743
296,38.110925,115.340637,0.128753124,0.389664313,3.026445
304,38.763720,118.665534,0.127512235,0.390347152,3.061253
312,39.703535,121.361659,0.127254920,0.388979677,3.056697
320,40.532885,124.846538,0.126665265,0.390145431,3.080130
328,41.507899,127.905568,0.126548472,0.389956000,3.081475
336,42.705231,131.197640,0.127098902,0.390469166,3.072168
344,43.550032,134.078661,0.126598930,0.389763549,3.078727
352,44.615441,137.423225,0.126748411,0.390406888,3.080172
360,45.739817,140.568403,0.127055047,0.390467787,3.073217
368,46.313920,143.728082,0.125853043,0.390565440,3.103345
376,46.957968,147.004457,0.124888213,0.390969301,3.130554
384,48.201189,149.976637,0.125523930,0.390564160,3.111472
392,49.249491,153.073104,0.125636457,0.390492611,3.108115
400,50.277681,156.632513,0.125694202,0.391581281,3.115349
408,50.859917,159.864885,0.124656660,0.391825699,3.143239
416,51.987632,165.449846,0.124970268,0.397715975,3.182485
424,52.944523,165.828291,0.124869158,0.391104459,3.132114
432,53.757382,169.094144,0.124438385,0.391421630,3.145506
440,54.579853,172.052351,0.124045121,0.391028070,3.152305
448,55.841703,175.311449,0.124646658,0.391320198,3.139436
456,56.913532,178.356820,0.124810376,0.391133378,3.133821
464,57.731142,181.594717,0.124420565,0.391367925,3.145524
472,58.632778,184.679011,0.124221988,0.391269091,3.149757
480,59.208136,191.509056,0.123350283,0.398977200,3.234506
488,60.889042,191.173753,0.124772627,0.391749493,3.139707
496,61.624343,194.119565,0.124242627,0.391370091,3.150047
504,62.372465,197.415329,0.123754891,0.391697081,3.165104
512,63.321700,200.830567,0.123675195,0.392247202,3.171592
520,64.060408,205.878769,0.123193093,0.395920710,3.213822
528,65.303404,206.830396,0.123680689,0.391724236,3.167222
536,66.129738,209.974972,0.123376377,0.391744351,3.175197
544,67.056201,213.113778,0.123265075,0.391753269,3.178137
552,68.225273,216.453917,0.123596509,0.392126661,3.172635
560,68.781891,219.470064,0.122824806,0.391910829,3.190812
568,69.963433,222.833507,0.123175058,0.392312512,3.185000
576,70.806651,225.743840,0.122928213,0.391916389,3.188173
584,71.845618,229.746485,0.123023318,0.393401516,3.197780
592,72.770146,232.043364,0.122922545,0.391965142,3.188716
600,73.675422,235.206924,0.122792370,0.392011539,3.192475
608,74.533784,238.645197,0.122588460,0.392508548,3.201839
616,75.688610,241.853415,0.122871120,0.392619180,3.195374
624,76.034874,244.812582,0.121850760,0.392327855,3.219741
632,78.759236,248.984748,0.124619044,0.393963209,3.161340
640,78.603887,251.522453,0.122818574,0.393003833,3.199873
648,79.207717,254.344766,0.122234132,0.392507355,3.211111
656,80.130689,257.948317,0.122150441,0.393213898,3.219095
664,80.993415,261.067014,0.121978035,0.393173214,3.223312
672,82.332693,263.837956,0.122518889,0.392616007,3.204535
680,83.503534,269.591685,0.122799315,0.396458360,3.228506
688,83.866055,270.374910,0.121898336,0.392986788,3.223890
696,84.936651,273.260538,0.122035418,0.392615715,3.217228
704,86.270210,276.823562,0.122542913,0.393215287,3.208797
712,87.171585,280.613060,0.122432001,0.394119466,3.219089
720,88.273518,283.151544,0.122602109,0.393266033,3.207661
728,89.809986,289.680941,0.123365365,0.397913381,3.225487
736,90.625362,295.473860,0.123132286,0.401459049,3.260388
744,91.593079,293.461230,0.123108977,0.394437138,3.203967
752,92.779179,297.331092,0.123376568,0.395387090,3.204718
760,94.343624,300.132987,0.124136348,0.394911825,3.181275
768,96.248462,303.253226,0.125323518,0.394860971,3.150733
776,97.404011,306.722120,0.125520633,0.395260464,3.148968
784,96.993020,312.871042,0.123715586,0.399070206,3.225707
792,97.678776,313.397083,0.123331788,0.395703388,3.208446
800,98.760921,315.722117,0.123451151,0.394652646,3.196832
808,99.912207,319.463435,0.123653722,0.395375539,3.197441
816,100.679386,322.785868,0.123381600,0.395570916,3.206077
824,101.909749,329.373026,0.123676879,0.399724546,3.232007
832,102.463217,332.361087,0.123152905,0.399472460,3.243711
840,103.693785,334.987946,0.123444982,0.398795174,3.230550
848,104.678885,335.578348,0.123442082,0.395729184,3.205788
856,105.625106,340.519928,0.123393815,0.397803654,3.223854
864,107.068065,343.105839,0.123921372,0.397113240,3.204558
872,107.920095,347.933102,0.123761577,0.399005851,3.223988
880,108.745727,352.560150,0.123574690,0.400636535,3.242060
888,109.567830,354.431840,0.123387196,0.399134955,3.234817
896,110.464959,354.868160,0.123286784,0.396058215,3.212495
904,111.158620,358.658397,0.122963075,0.396746014,3.226546
912,112.563100,361.468990,0.123424452,0.396347577,3.211257
920,113.432663,368.241667,0.123296373,0.400262681,3.246346
928,114.667711,368.715931,0.123564344,0.397323202,3.215517
936,115.174370,373.879731,0.123049541,0.399444157,3.246206
944,115.499769,377.781250,0.122351451,0.400192002,3.270840
952,116.753308,379.414315,0.122640029,0.398544448,3.249709
960,118.560446,381.198298,0.123500464,0.397081560,3.215223
968,119.689573,387.744318,0.123646253,0.400562312,3.239583
976,119.969309,389.005705,0.122919374,0.398571419,3.242544
984,121.290912,392.823353,0.123263122,0.399210724,3.238687
992,121.924659,396.027426,0.122907922,0.399221196,3.248132
1000,123.145997,396.575949,0.123145997,0.396575949,3.220372
1008,123.901172,400.312766,0.122917830,0.397135681,3.230904
1016,125.228722,404.718750,0.123256616,0.398345226,3.231836
1024,126.542341,409.023370,0.123576505,0.399436884,3.232304
1032,126.125378,411.900082,0.122214514,0.399127987,3.265799
1040,127.102049,414.251377,0.122213509,0.398318631,3.259203
1048,127.943895,416.096792,0.122083869,0.397038924,3.252182
1056,129.344526,421.300729,0.122485346,0.398959023,3.257198
1064,130.002251,422.306025,0.122182566,0.396904159,3.248452
1072,131.326681,425.322681,0.122506232,0.396756232,3.238662
1080,132.411495,429.702055,0.122603236,0.397872273,3.245202
1088,133.729612,435.539931,0.122913246,0.400312436,3.256870
1096,135.200468,440.055783,0.123358092,0.401510751,3.254839
1104,135.671198,441.141725,0.122890578,0.399584896,3.251550
1112,136.541667,444.326570,0.122789269,0.399574254,3.254146
1120,137.550953,447.513690,0.122813351,0.399565795,3.253439
1128,137.794236,450.776316,0.122158011,0.399624393,3.271373
1136,138.896852,454.656099,0.122268356,0.400225439,3.273336
1144,140.695840,457.218143,0.122985874,0.399666209,3.249692
1152,141.228445,460.295956,0.122594136,0.399562462,3.259230
1160,142.395770,463.734914,0.122754974,0.399771477,3.256662
1168,142.836425,467.050995,0.122291460,0.399872427,3.269831
1176,143.747224,470.126875,0.122234034,0.399767751,3.270511
1184,144.922865,474.010732,0.122401069,0.400346902,3.270779
1192,145.606658,477.124365,0.122153236,0.400272119,3.276803
1200,146.272036,479.970026,0.121893363,0.399975021,3.281352
1208,147.962441,482.418590,0.122485464,0.399353137,3.260412
1216,148.666898,484.829575,0.122258962,0.398708532,3.261180
1224,149.704545,488.843099,0.122307635,0.399381617,3.265386
1232,150.679274,493.840789,0.122304605,0.400844797,3.277430
1240,151.697900,523.251381,0.122337016,0.421976920,3.449299
1248,152.974765,497.961640,0.122575934,0.399007725,3.255188
1256,153.068515,505.388441,0.121869837,0.402379332,3.301714
1264,153.809529,505.569892,0.121684754,0.399976181,3.286987
1272,155.125671,507.703041,0.121954144,0.399137610,3.272850
1280,155.846761,510.890285,0.121755282,0.399133035,3.278158
1288,157.672899,514.228484,0.122416847,0.399245717,3.261363
1296,157.594118,518.726174,0.121600399,0.400251677,3.291533
1304,158.806155,520.340470,0.121783861,0.399034102,3.276576
1312,159.837734,523.512500,0.121827541,0.399018674,3.275275
1320,160.832011,526.472067,0.121842433,0.398842475,3.273428
1328,161.478163,530.349929,0.121595002,0.399359887,3.284345
1336,162.065091,534.080611,0.121306206,0.399760936,3.295470
1344,163.121359,535.632457,0.121370059,0.398536055,3.283644
1352,164.679934,539.799210,0.121804685,0.399259771,3.277869
1360,165.123955,542.298049,0.121414673,0.398748566,3.284188
1368,166.072013,545.587209,0.121397671,0.398821059,3.285245
1376,167.206049,549.432018,0.121516024,0.399296524,3.285958
1384,167.443192,552.110662,0.120984965,0.398923889,3.297301
1392,169.396548,557.707470,0.121692922,0.400651918,3.292319
1400,169.938972,558.534598,0.121384980,0.398953284,3.286678
1408,170.806125,561.237351,0.121311168,0.398606073,3.285815
1416,171.616888,564.534431,0.121198367,0.398682508,3.289504
1424,173.074435,569.278788,0.121541036,0.399774430,3.289214
1432,173.364834,571.159470,0.121064828,0.398854378,3.294552
1440,174.821462,573.565549,0.121403793,0.398309409,3.280865
1448,175.154035,576.815951,0.120962731,0.398353557,3.293192
1456,176.607933,580.660108,0.121296657,0.398805019,3.287848
1464,177.298145,583.536879,0.121105290,0.398590764,3.291275
1472,179.426565,586.986719,0.121893047,0.398768151,3.271459
1480,180.084753,590.271816,0.121678887,0.398832308,3.277745
1488,181.006455,592.930818,0.121644123,0.398475012,3.275744
1496,181.058277,595.860759,0.121028260,0.398302647,3.290989
1504,182.259223,599.389331,0.121182994,0.398530140,3.288664
1512,183.735445,602.786859,0.121518152,0.398668558,3.280733
1520,184.298993,605.603226,0.121249338,0.398423175,3.285982
1528,184.413188,609.971997,0.120689259,0.399196333,3.307638
1536,185.722896,612.532873,0.120913344,0.398784423,3.298101
1544,187.347929,614.832925,0.121339332,0.398207853,3.281771
1552,187.641375,618.082237,0.120902948,0.398248864,3.293955
1560,188.455823,621.637417,0.120805015,0.398485524,3.298584
1568,189.900810,625.062917,0.121110210,0.398637064,3.291523
1576,190.769944,627.792083,0.121046919,0.398345231,3.290833
1584,192.151127,632.787542,0.121307530,0.399487085,3.293176
1592,192.768352,635.017314,0.121085648,0.398880222,3.294199
1600,193.643235,637.938563,0.121027022,0.398711602,3.294402
1608,194.557962,641.443878,0.120993757,0.398907884,3.296929
1616,195.391406,644.313356,0.120910524,0.398708760,3.297552
1624,196.069415,647.603879,0.120732399,0.398770862,3.302932
1632,197.280200,649.957328,0.120882475,0.398258166,3.294590
1640,197.623224,655.169488,0.120501966,0.399493590,3.315245
1648,199.599202,657.052448,0.121116021,0.398696874,3.291859
1656,200.387487,660.057255,0.121006936,0.398585299,3.293905
1664,201.289029,664.562500,0.120966965,0.399376502,3.301534
1672,202.513701,667.857270,0.121120635,0.399436166,3.297837
1680,203.165111,670.112277,0.120931614,0.398876355,3.298363
1688,203.735900,672.743750,0.120696623,0.398544876,3.302038
1696,205.019924,679.454937,0.120884389,0.400622015,3.314092
1704,205.812911,678.747977,0.120782225,0.398326277,3.297888
1712,207.311189,684.505474,0.121092984,0.399827964,3.301826
1720,208.144540,686.526460,0.121014267,0.399143291,3.298316
1728,209.560686,691.335478,0.121273545,0.400078402,3.298975
1736,209.661203,692.089154,0.120772582,0.398668868,3.300988
1744,210.977669,694.741204,0.120973434,0.398360782,3.292961
1752,212.016225,698.037500,0.121013827,0.398423231,3.292378
1760,212.546097,700.972948,0.120764828,0.398280084,3.297981
1768,213.701737,706.048402,0.120872023,0.399348644,3.303896
1776,214.836384,707.754229,0.120966433,0.398510264,3.294387
1784,215.313360,710.391098,0.120691345,0.398201288,3.299336
1792,216.569861,714.500710,0.120853717,0.398716914,3.299170
1800,217.826494,716.562977,0.121014719,0.398090543,3.289604
1808,218.377326,720.522662,0.120783919,0.398519172,3.299439
1816,218.972319,724.940385,0.120579471,0.399196247,3.310649
1824,220.256162,725.307933,0.120754475,0.397646893,3.293020
1832,220.960515,728.985465,0.120611635,0.397917830,3.299166
1840,222.334345,733.623535,0.120833883,0.398708443,3.299641
1848,222.311315,737.393066,0.120298331,0.399022222,3.316939
1856,223.425000,741.065945,0.120379849,0.399281220,3.316844
1864,225.165767,742.817913,0.120797086,0.398507464,3.298982
1872,225.453951,746.339782,0.120434803,0.398685781,3.310387
1880,226.506793,749.281250,0.120482337,0.398553856,3.307986
1888,226.988376,751.488000,0.120226894,0.398033898,3.310689
1896,228.178246,756.555444,0.120347176,0.399027133,3.315634
1904,229.162500,758.518649,0.120358456,0.398381643,3.309960
1912,230.185509,762.034274,0.120389910,0.398553491,3.310522
1920,231.165486,764.126524,0.120398691,0.397982565,3.305539
1928,232.341662,766.504573,0.120509161,0.397564613,3.299041
1936,233.934928,770.743340,0.120834157,0.398111229,3.294691
1944,234.074345,773.476434,0.120408614,0.397878824,3.304405
1952,235.615735,776.909349,0.120704782,0.398006839,3.297358
1960,235.819881,780.591684,0.120316266,0.398261063,3.310118
1968,237.303662,783.529167,0.120581129,0.398134739,3.301800
1976,237.759652,786.156771,0.120323710,0.397852617,3.306519
1984,239.079358,790.076681,0.120503708,0.398224133,3.304663
1992,239.727519,794.338498,0.120345140,0.398764306,3.313506
2000,240.513061,797.047669,0.120256530,0.398523835,3.313948
2008,241.589171,800.519597,0.120313332,0.398665138,3.313557
2016,242.584948,802.981303,0.120329835,0.398304218,3.310104
2024,243.843506,808.306034,0.120476041,0.399360689,3.314856
2032,244.304362,810.008621,0.120228525,0.398626290,3.315572
2040,245.526260,812.009968,0.120356010,0.398044102,3.307222
2048,246.107448,815.709783,0.120169652,0.398295792,3.314446
2056,246.882648,819.546739,0.120079109,0.398612227,3.319580
2064,248.284722,821.489402,0.120292986,0.398008431,3.308659
2072,249.104194,825.620066,0.120224032,0.398465283,3.314356
2080,250.018583,828.706414,0.120201242,0.398416545,3.314579
2088,251.105615,831.698562,0.120261310,0.398323066,3.312146
2096,252.739471,835.475940,0.120581809,0.398604933,3.305680
2104,252.520329,839.135603,0.120019168,0.398828708,3.323042
2112,253.820270,841.136161,0.120180052,0.398265228,3.313905
2120,255.077531,844.526228,0.120319590,0.398361428,3.310861
2128,255.793852,848.553209,0.120203878,0.398756207,3.317332
2136,256.342384,852.038570,0.120010479,0.398894462,3.323830
2144,257.373459,855.577273,0.120043591,0.399056564,3.324264
2152,258.798382,858.264773,0.120259471,0.398821920,3.316345
2160,259.708391,861.580275,0.120235366,0.398879757,3.317491
2168,261.296309,863.610092,0.120524128,0.398344138,3.305099
2176,262.376309,866.416858,0.120577348,0.398169512,3.302192
2184,262.351781,870.318866,0.120124442,0.398497649,3.317374
2192,264.012728,872.859375,0.120443763,0.398202270,3.306126
2200,264.355898,876.755841,0.120161772,0.398525382,3.316574
2208,265.325035,879.603388,0.120165324,0.398371100,3.315192
2216,266.922230,885.003538,0.120452270,0.399369827,3.315586
2224,269.367120,890.250884,0.121118310,0.400292664,3.304972
2232,268.161786,889.661557,0.120144169,0.398593887,3.317630
2240,269.104764,891.418337,0.120136055,0.397954615,3.312533
2248,269.966056,896.925893,0.120091662,0.398988387,3.322365
2256,270.093570,899.208631,0.119722327,0.398585386,3.329249
2264,271.202312,901.827524,0.119789007,0.398333712,3.325294
2272,272.319928,903.696514,0.119859123,0.397753748,3.318510
2280,272.977108,907.497596,0.119726802,0.398025261,3.324446
2288,274.007106,911.156553,0.119758351,0.398232759,3.325303
2296,274.447368,914.481796,0.119532826,0.398293465,3.332084
2304,275.823805,917.078580,0.119715193,0.398037578,3.324871
2312,277.665680,920.607230,0.120097613,0.398186518,3.315524
2320,278.137204,923.502451,0.119886726,0.398061401,3.320313
2328,278.927300,926.746630,0.119814132,0.398087040,3.322538
2336,280.799214,932.349010,0.120205143,0.399122008,3.320341
2344,281.170659,933.540223,0.119953353,0.398268013,3.320191
2352,281.949324,936.114480,0.119876413,0.398007857,3.320152
2360,282.727974,938.931875,0.119799989,0.397852489,3.320973
2368,283.329116,946.415938,0.119649120,0.399668893,3.340341
2376,286.579840,952.708965,0.120614411,0.400971786,3.324410
2384,285.837652,953.182134,0.119898344,0.399824721,3.334698
2392,286.521723,952.481692,0.119783329,0.398194687,3.324291
2400,287.613305,957.816327,0.119838877,0.399090136,3.330223
2408,288.676154,961.253827,0.119882124,0.399191788,3.329869
2416,289.592207,963.852679,0.119864324,0.398945645,3.328310
2424,290.496517,967.082589,0.119841797,0.398961464,3.329068
2432,291.854911,968.782861,0.120006131,0.398348216,3.319399
2440,291.932453,970.638531,0.119644448,0.397802677,3.324874
2448,293.795117,977.084310,0.120014345,0.399135748,3.325734
2456,294.243045,978.027995,0.119805800,0.398219868,3.323878
2464,294.758229,981.592448,0.119625905,0.398373558,3.330161
2472,295.486733,983.561849,0.119533468,0.397881007,3.328616
2480,296.424685,989.602632,0.119526082,0.399033319,3.338462
2488,297.287579,990.507237,0.119488577,0.398113841,3.331815
2496,298.403968,992.868750,0.119552872,0.397783954,3.327264
2504,299.860423,996.543092,0.119752565,0.397980468,3.323357
2512,300.660256,999.841090,0.119689593,0.398025912,3.325485
2520,302.231913,1003.105718,0.119933299,0.398057825,3.318993
2528,302.275121,1005.535572,0.119570855,0.397759324,3.326558
2536,303.270363,1010.040995,0.119586105,0.398281149,3.330497
2544,304.121359,1013.192876,0.119544559,0.398267640,3.331541
2552,305.211343,1015.709677,0.119596921,0.398005359,3.327890
2560,306.055782,1018.770497,0.119553040,0.397957226,3.328709
2568,308.369057,1022.463315,0.120081409,0.398155497,3.315713
2576,307.467520,1025.492867,0.119358510,0.398095057,3.335288
2584,309.014391,1027.755095,0.119587613,0.397738040,3.325913
2592,313.880957,1031.127060,0.121096048,0.397811366,3.285090
2600,313.504375,1036.216003,0.120578606,0.398544616,3.305268
2608,312.726250,1038.263049,0.119910372,0.398106997,3.320038
2616,315.803030,1044.497222,0.120719813,0.399272638,3.307433
2624,314.015782,1044.965972,0.119670649,0.398233983,3.327750
2632,314.517349,1047.781944,0.119497473,0.398093444,3.331396
2640,317.920763,1050.781597,0.120424531,0.398023332,3.305168
2648,319.212691,1052.643056,0.120548599,0.397523813,3.297623
2656,317.332348,1057.283006,0.119477541,0.398073421,3.331785
2664,318.699364,1060.656952,0.119631894,0.398144502,3.328080
2672,318.913903,1067.763494,0.119354006,0.399612086,3.348125
2680,324.128448,1066.982599,0.120943451,0.398127836,3.291851
2688,322.417526,1069.450284,0.119946996,0.397860969,3.316973
2696,322.554983,1072.337358,0.119642056,0.397751246,3.324510
2704,323.900000,1077.124290,0.119785503,0.398344782,3.325484
2712,323.779310,1078.890805,0.119387651,0.397821093,3.332180
2720,325.597005,1082.723060,0.119704781,0.398059949,3.325347
2728,326.226345,1085.205101,0.119584437,0.397802456,3.326540
2736,330.319322,1090.683866,0.120730746,0.398641764,3.301908
2744,327.861888,1093.281977,0.119483195,0.398426376,3.334581
2752,329.483772,1097.038881,0.119725208,0.398633314,3.329569
2760,337.453013,1130.399849,0.122265584,0.409565163,3.349799
2768,336.213262,1098.466933,0.121464329,0.396844990,3.267173
2776,334.390792,1104.670221,0.120457778,0.397935958,3.303531
2784,338.320818,1107.662500,0.121523282,0.397867277,3.274000
2792,339.454197,1111.312868,0.121581016,0.398034695,3.273823
2800,336.549283,1115.235662,0.120196173,0.398298451,3.313737
2808,337.616007,1118.181548,0.120233621,0.398212802,3.311992
2816,337.954362,1120.688616,0.120012202,0.397971810,3.316095
2824,342.994069,1122.582589,0.121456823,0.397515081,3.272892
2832,341.440000,1126.120536,0.120564972,0.397641432,3.298151
2840,344.838235,1130.663404,0.121421914,0.398120917,3.278823
2848,343.316834,1133.005271,0.120546641,0.397824885,3.300174
2856,343.981571,1135.060994,0.120441726,0.397430320,3.299773
2864,344.885340,1140.147214,0.120420859,0.398096094,3.305873
2872,345.829733,1145.130335,0.120414253,0.398722262,3.311255
2880,347.378704,1151.364710,0.120617605,0.399779413,3.314437
2888,352.149110,1150.724848,0.121935288,0.398450432,3.267720
2896,352.918468,1152.489329,0.121864112,0.397959023,3.265597
2904,352.250936,1158.376905,0.121298532,0.398890119,3.288499
2912,351.142673,1159.456790,0.120584709,0.398165106,3.301954
2920,352.092931,1166.343364,0.120579771,0.399432659,3.312601
2928,352.615367,1184.133594,0.120428745,0.404417211,3.358145
2936,360.919832,1186.211719,0.122929098,0.404023065,3.286635
2944,363.981589,1190.293513,0.123635051,0.404311655,3.270203
2952,367.829902,1195.032041,0.124603625,0.404821152,3.248871
2960,368.566422,1196.484177,0.124515683,0.404217627,3.246319
2968,367.501465,1201.610364,0.123821248,0.404855244,3.269675
2976,367.698897,1205.689904,0.123554737,0.405137737,3.279014
2984,373.914592,1207.235978,0.125306499,0.404569698,3.228641
2992,371.904891,1212.708734,0.124299763,0.405317090,3.260803
3000,375.509125,1217.845779,0.125169708,0.405948593,3.243186
3008,370.530389,1218.649351,0.123181645,0.405136087,3.288932
3016,371.878953,1221.693182,0.123302040,0.405070684,3.285190
3024,375.596625,1224.668019,0.124205233,0.404982811,3.260594
3032,374.041584,1227.942776,0.123364638,0.404994319,3.282904
3040,374.799801,1233.742599,0.123289408,0.405836381,3.291738
3048,377.325803,1232.711851,0.123794555,0.404433022,3.266969
3056,378.235005,1236.024671,0.123767999,0.404458335,3.267875
3064,380.163462,1239.696546,0.124074237,0.404600700,3.260957
3072,380.577176,1243.154194,0.123885800,0.404672589,3.266497
3080,379.699140,1249.704359,0.123278941,0.405748168,3.291302
3088,378.199723,1249.794819,0.122474003,0.404726302,3.304589
3096,382.450711,1255.096667,0.123530592,0.405392980,3.281721
3104,378.009789,1257.284167,0.121781504,0.405052889,3.326062
3112,389.000775,1265.275417,0.125000249,0.406579504,3.252630
3120,392.957897,1263.217083,0.125948044,0.404877270,3.214637
3128,390.926042,1265.442500,0.124976356,0.404553229,3.237038
3136,385.586834,1272.378378,0.122954985,0.405732901,3.299849
3144,388.755424,1272.796030,0.123649944,0.404833343,3.274028
3152,390.211618,1277.187922,0.123798102,0.405199214,3.273065
3160,388.768337,1277.707770,0.123027955,0.404337902,3.286553
3168,388.983988,1282.825591,0.122785350,0.404932320,3.297888
3176,390.919531,1292.586473,0.123085495,0.406985665,3.306528
3184,393.486140,1291.943921,0.123582330,0.405761282,3.283328
3192,382.279345,1288.074486,0.119761699,0.403532107,3.369459
3200,394.447479,1296.417808,0.123264837,0.405130565,3.286668
3208,393.155335,1296.807363,0.122554655,0.404241697,3.298461
3216,396.111814,1301.502997,0.123169097,0.404696205,3.285696
3224,393.853426,1302.987413,0.122162973,0.404152423,3.308305
3232,393.713651,1312.153646,0.121817342,0.405988133,3.332761
3240,399.641356,1309.410590,0.123346098,0.404139071,3.276464
3248,396.407173,1313.385851,0.122046543,0.404367565,3.313224
3256,396.871308,1317.513455,0.121889222,0.404641724,3.319750
3264,405.040679,1319.097656,0.124093345,0.404135311,3.256704
3272,400.207713,1326.083627,0.122312871,0.405282282,3.313488
3280,401.090011,1327.900968,0.122283540,0.404847856,3.310731
3288,403.931330,1334.639965,0.122850161,0.405912398,3.304126
3296,404.250000,1333.574384,0.122648665,0.404603879,3.298885
3304,404.877694,1335.383363,0.122541675,0.404171720,3.298239
3312,405.310075,1342.072321,0.122376231,0.405215073,3.311224
3320,405.636045,1344.714732,0.122179532,0.405034558,3.315077
3328,410.262282,1345.312946,0.123275926,0.404240669,3.279153
3336,407.620536,1348.679018,0.122188410,0.404280281,3.308663
3344,410.580240,1352.081250,0.122781172,0.404330517,3.293099
3352,409.414847,1356.063393,0.122140468,0.404553518,3.312199
3360,414.815804,1359.539402,0.123457085,0.404624822,3.277453
3368,415.556139,1361.658514,0.123383652,0.404292908,3.276714
3376,414.574890,1368.356431,0.122800619,0.405318848,3.300625
3384,414.986449,1365.965580,0.122631929,0.403654131,3.291591
3392,414.171531,1370.928895,0.122102456,0.404165358,3.310051
3400,414.874585,1375.543931,0.122021937,0.404571744,3.315566
3408,415.304480,1375.580163,0.121861643,0.403632677,3.312221
3416,416.388551,1378.636775,0.121893604,0.403582194,3.310938
3424,418.621931,1382.101103,0.122261078,0.403651023,3.301550
3432,419.611049,1388.787684,0.122264292,0.404658416,3.309702
3440,426.175142,1390.469669,0.123888123,0.404206299,3.262672
3448,422.238229,1394.775276,0.122458883,0.404517191,3.303290
3456,426.314347,1395.896599,0.123354846,0.403905266,3.274336
3464,425.483880,1401.456623,0.122830219,0.404577547,3.293795
3472,425.770928,1404.114739,0.122629875,0.404410927,3.297817
3480,434.505498,1407.892724,0.124857902,0.404566875,3.240218
3488,433.305300,1410.434235,0.124227437,0.404367613,3.255059
3496,427.483239,1418.083489,0.122277814,0.405630289,3.317284
3504,433.133929,1418.470616,0.123611281,0.404814673,3.274901
3512,429.644977,1418.979011,0.122336269,0.404037304,3.302678
3520,431.426606,1423.140152,0.122564377,0.404301179,3.298684
3528,437.126744,1427.898674,0.123902138,0.404733184,3.266555
3536,439.700935,1430.402936,0.124349812,0.404525717,3.253127
3544,437.163081,1434.200284,0.123353014,0.404684053,3.280699
3552,437.747384,1436.577178,0.123239691,0.404441773,3.281749
3560,434.742911,1439.598011,0.122118795,0.404381464,3.311378
3568,434.922164,1446.025000,0.121895225,0.405276065,3.324790
3576,437.856250,1447.073077,0.122443023,0.404662494,3.304904
3584,439.156250,1451.327885,0.122532436,0.404946396,3.304810
3592,441.674296,1453.630288,0.122960550,0.404685492,3.291182
3600,445.832642,1456.981250,0.123842401,0.404717014,3.268000
3608,443.504275,1460.409135,0.122922471,0.404769716,3.292886
3616,440.071846,1463.678365,0.121701285,0.404778309,3.325999
3624,448.944677,1465.791992,0.123880982,0.404467989,3.264972
3632,445.693424,1471.832031,0.122712947,0.405240097,3.302342
3640,447.704167,1472.080566,0.122995650,0.404417738,3.288065
3648,447.680357,1477.715332,0.122719396,0.405075475,3.300827
3656,447.245982,1479.902832,0.122332052,0.404787427,3.308924
3664,449.086722,1487.612793,0.122567337,0.406007858,3.312529
3672,453.182820,1487.485840,0.123415801,0.405088736,3.282309
3680,452.330529,1490.804563,0.122915905,0.405109936,3.295830
3688,457.351067,1490.596230,0.124010593,0.404174683,3.259195
3696,450.756010,1492.585317,0.121957795,0.403838019,3.311293
3704,455.114229,1498.686012,0.122871012,0.404612854,3.292989
3712,451.495192,1499.742560,0.121631248,0.404025474,3.321724
3720,453.329106,1505.898313,0.121862663,0.404811375,3.321865
3728,456.872269,1507.937004,0.122551574,0.404489540,3.300566
3736,461.086397,1509.435020,0.123417130,0.404024363,3.273649
3744,455.332524,1511.558036,0.121616593,0.403728108,3.319679
3752,456.776699,1520.021169,0.121742191,0.405122913,3.327712
3760,462.638855,1519.965222,0.123042249,0.404246070,3.285425
3768,460.274510,1522.903730,0.122153532,0.404167657,3.308686
3776,466.984297,1526.649194,0.123671689,0.404303282,3.269166
3784,463.679341,1529.844254,0.122536824,0.404292879,3.299358
3792,464.135675,1533.866431,0.122398648,0.404500641,3.304780
3800,467.610697,1537.147541,0.123055446,0.404512511,3.287238
3808,468.548197,1541.204918,0.123043119,0.404728182,3.289320
3816,468.418999,1545.287910,0.122751310,0.404949662,3.298944
3824,470.940938,1550.707480,0.123154011,0.405519738,3.292785
3832,474.327967,1550.154713,0.123780785,0.404528892,3.268107
3840,473.442525,1555.748463,0.123292324,0.405142829,3.286034
3848,469.594063,1559.606045,0.122035879,0.405303026,3.321179
3856,476.873731,1561.117316,0.123670573,0.404854076,3.273649
3864,476.478902,1566.433333,0.123312345,0.405391649,3.287519
3872,471.790515,1567.881250,0.121846724,0.404928009,3.323257
3880,476.331218,1570.245833,0.122765778,0.404702534,3.296542
3888,480.272959,1575.438021,0.123526996,0.405205252,3.280297
3896,478.112627,1576.510937,0.122718847,0.404648598,3.297363
3904,478.562181,1581.500521,0.122582526,0.405097469,3.304692
3912,483.640786,1582.911979,0.123630058,0.404629852,3.272908
3920,480.838622,1584.656250,0.122662914,0.404249043,3.295609
3928,481.567628,1589.873941,0.122598683,0.404754058,3.301455
3936,484.488080,1588.266146,0.123091484,0.403522903,3.278236
3944,480.300064,1591.801907,0.121779935,0.403600889,3.314182
3952,480.782532,1596.733051,0.121655499,0.404031642,3.321113
3960,485.235503,1598.845869,0.122534218,0.403748957,3.294989
3968,485.288660,1599.889831,0.122300570,0.403198042,3.296780
3976,482.670192,1604.911017,0.121395924,0.403649652,3.325068
3984,491.662631,1606.684852,0.123409295,0.403284350,3.267860
3992,486.536917,1611.880826,0.121877985,0.403777762,3.312967
4000,489.520020,1613.130826,0.122380005,0.403282707,3.295332
4008,488.105894,1617.474677,0.121782908,0.403561546,3.313778
4016,489.404622,1621.945582,0.121863701,0.403870912,3.314120
4024,487.694624,1625.480065,0.121196477,0.403946338,3.332987
4032,493.962500,1626.579741,0.122510541,0.403417595,3.292922
4040,492.711387,1629.914332,0.121958264,0.403444142,3.308051
4048,493.411486,1633.766703,0.121890189,0.403598494,3.311165
4056,495.845724,1637.430496,0.122249932,0.403705744,3.302298
4064,493.544737,1641.665409,0.121443095,0.403953103,3.326275
4072,498.487434,1648.334430,0.122418329,0.404797257,3.306672
4080,506.838176,1658.037829,0.124225043,0.406381821,3.271336
4088,506.093918,1652.243421,0.123799882,0.404169134,3.264697
4096,505.862231,1656.887061,0.123501521,0.404513443,3.275372
