n,scalar_cycles_per_limb,auto_cycles_per_limb,hand_cycles_per_limb,auto_speedup,hand_speedup,hand_vs_auto
8,1.887817,1.077576,1.861267,1.751912,1.014265,0.578947
9,2.031136,0.984432,1.909341,2.063256,1.063789,0.515588
10,2.092491,1.062271,1.989927,1.969828,1.051542,0.533824
11,2.192082,1.192265,2.081195,1.838586,1.053280,0.572875
12,2.251650,1.330645,2.174670,1.692149,1.035398,0.611884
13,2.319597,1.437729,2.239927,1.613376,1.035568,0.641864
14,2.384615,1.583333,2.302198,1.506073,1.035800,0.687749
15,2.423993,1.749084,2.350733,1.385864,1.031165,0.744059
16,2.440796,0.849609,2.426147,2.872845,1.006038,0.350189
17,2.503057,0.800722,2.426012,3.126002,1.031758,0.330057
18,2.533883,0.910256,2.473443,2.783702,1.024435,0.368012
19,2.582733,1.023019,2.515875,2.524620,1.026574,0.406625
20,2.658924,1.150672,2.590159,2.310757,1.026549,0.444248
21,2.705128,1.300366,2.644689,2.080282,1.022853,0.491690
22,2.763930,1.426870,2.692449,1.937058,1.026549,0.529952
23,2.829446,1.522350,2.801050,1.858604,1.010137,0.543492
24,2.925220,0.906342,2.905975,3.227503,1.006623,0.311889
25,3.009174,0.866055,2.955046,3.474576,1.018317,0.293077
26,3.049451,0.867216,3.022894,3.516367,1.008785,0.286883
27,3.100477,0.955262,3.070224,3.245681,1.009854,0.311138
28,3.171172,1.096196,3.136314,2.892887,1.011114,0.349517
29,3.234593,1.202311,3.181401,2.690313,1.016720,0.377919
30,3.239011,1.301282,3.228938,2.489092,1.003120,0.403006
31,3.295455,1.390213,3.279875,2.370468,1.004750,0.423861
32,3.371887,0.966797,0.704041,3.487689,4.789337,1.373212
33,3.433834,0.939333,0.681818,3.655610,5.036290,1.377688
34,3.455882,0.909926,0.662684,3.797980,5.214979,1.373093
35,3.478938,0.930403,0.644689,3.739173,5.396307,1.443182
36,3.583884,1.091226,0.656204,3.284272,5.461538,1.662937
37,3.523909,1.182280,0.740186,2.980605,4.760843,1.597274
38,3.554468,1.257650,0.815177,2.826277,4.360360,1.542793
39,3.574176,1.329670,0.891026,2.688017,4.011305,1.492292
40,3.610294,0.998162,0.938419,3.616943,3.847209,1.063663
41,3.645667,0.970707,1.025861,3.755682,3.553763,0.946237
42,3.673993,0.949634,1.104396,3.868852,3.326700,0.859867
43,3.680233,0.973072,1.126377,3.782075,3.267319,0.863896
44,3.740836,1.096957,1.185850,3.410192,3.154560,0.925039
45,3.751832,1.167582,1.231685,3.213333,3.046097,0.947955
46,3.744504,1.220078,1.328163,3.069069,2.819310,0.918621
47,3.760088,1.292186,1.409574,2.909865,2.667534,0.916721
48,3.801471,1.019301,1.439338,3.729486,2.641124,0.708174
49,3.829280,0.998106,1.517781,3.836547,2.522947,0.657609
50,3.826380,0.979141,1.580061,3.907895,2.421666,0.619685
51,3.848346,0.964154,1.656250,3.991420,2.323529,0.582131
52,3.901580,1.070247,1.685755,3.645494,2.314441,0.634877
53,3.857510,1.135751,1.760598,3.396440,2.191023,0.645094
54,3.873252,1.191133,1.811074,3.251737,2.138649,0.657694
55,3.878993,1.242015,1.860258,3.123145,2.085191,0.667657
56,3.915117,1.058586,1.899768,3.698440,2.060840,0.557219
57,3.942768,1.043430,1.972764,3.778660,1.998601,0.528918
58,3.941673,1.026229,2.025862,3.840929,1.945677,0.506564
59,3.964628,1.016028,2.050479,3.902085,1.933513,0.495508
60,3.982537,1.055147,2.098346,3.774390,1.897941,0.502847
61,3.983974,1.114815,2.129618,3.573663,1.870745,0.523481
62,3.967192,1.167522,2.189333,3.397959,1.812055,0.533278
63,3.978938,1.217033,2.228938,3.269375,1.785127,0.546015
64,4.024658,1.083069,0.714111,3.715976,5.635897,1.516667
65,4.035714,1.070513,0.704212,3.769889,5.730819,1.520156
66,4.027676,1.055718,0.693732,3.815104,5.805812,1.521797
67,4.045449,1.038659,0.679900,3.894876,5.950067,1.527665
68,4.081801,1.062500,0.672794,3.841696,6.066940,1.579235
69,4.049374,1.117354,0.665991,3.624073,6.080221,1.677732
70,4.053114,1.152930,0.698718,3.515488,5.800786,1.650066
71,4.081139,1.194121,0.744948,3.417692,5.478422,1.602959
72,4.089233,1.142146,0.768805,3.580307,5.318945,1.485612
73,4.096747,1.120964,0.809075,3.654664,5.063492,1.385488
74,4.093673,1.108415,0.846744,3.693267,4.834603,1.309032
75,4.103670,1.096330,0.973394,3.743096,4.215834,1.126296
76,4.119835,1.123340,1.046790,3.667488,3.935683,1.073128
77,4.130421,1.148616,1.083374,3.596000,3.812553,1.060221
78,4.128205,1.180403,1.160256,3.497285,3.558011,1.017364
79,4.398427,1.811171,1.195465,2.428499,3.679260,1.515035
80,4.150735,1.192096,1.220588,3.481881,3.400602,0.976657
81,4.153832,1.178951,1.276128,3.523328,3.255029,0.923851
82,4.141722,1.166851,1.304508,3.549485,3.174929,0.894476
83,4.155704,1.157180,1.369253,3.591235,3.035017,0.845118
84,4.182622,1.144146,1.379786,3.655672,3.031354,0.829219
85,4.168199,1.147059,1.450368,3.633814,2.873891,0.790875
86,4.167687,1.194308,1.472460,3.489623,2.830424,0.811097
87,4.186537,1.232575,1.508621,3.396577,2.775076,0.817021
88,4.182551,1.246334,1.532258,3.355882,2.729665,0.813397
89,4.201575,1.231070,1.587384,3.412946,2.646855,0.775534
90,4.194139,1.218864,1.612637,3.441022,2.600795,0.755821
91,4.201465,1.207875,1.647436,3.478393,2.550306,0.733185
92,4.207987,1.194431,1.673486,3.523006,2.514505,0.713738
93,4.222874,1.184934,1.705462,3.563805,2.476088,0.694788
94,4.212216,1.180301,1.747982,3.568765,2.409759,0.675236
95,4.215422,1.233782,1.792840,3.416667,2.351254,0.688172
96,4.236213,1.292279,0.738051,3.278094,5.739726,1.750934
97,4.236009,1.277614,0.729934,3.315562,5.803279,1.750315
98,4.228547,1.265060,0.722892,3.342566,5.849490,1.750000
99,4.243348,1.253695,0.716925,3.384672,5.918814,1.748711
100,4.262963,1.243519,0.709259,3.428146,6.010444,1.753264
101,4.242758,1.233040,0.704987,3.440892,6.018205,1.749025
102,4.246324,1.226103,0.711397,3.463268,5.968992,1.723514
103,4.267543,1.243394,0.729999,3.432172,5.845960,1.703283
104,4.258506,1.329512,0.737796,3.203060,5.771930,1.802005
105,4.271978,1.318681,0.760073,3.239583,5.620482,1.734940
106,4.266418,1.306665,0.825165,3.265120,5.170379,1.583519
107,4.270167,1.296729,0.941650,3.293030,4.534770,1.377081
108,4.274074,1.283333,1.020370,3.330447,4.188748,1.257713
109,4.287156,1.274312,1.059633,3.364291,4.045887,1.202597
110,4.276106,1.263206,1.083538,3.385120,3.946429,1.165816
111,4.277120,1.276379,1.118104,3.350979,3.825331,1.141556
112,4.298557,1.363136,1.127385,3.153432,3.812856,1.209113
113,4.295723,1.350479,1.171645,3.180887,3.666404,1.152636
114,4.292068,1.340808,1.206449,3.201106,3.557604,1.111367
115,4.299755,1.329149,1.238212,3.234969,3.472552,1.073442
116,4.320813,1.319889,1.256158,3.273618,3.439706,1.050735
117,4.302198,1.311355,1.297619,3.280726,3.315455,1.010586
118,4.319270,1.301584,1.317244,3.318471,3.279021,0.988112
119,4.318154,1.329090,1.354115,3.248954,3.188912,0.981520
120,4.328125,1.394301,1.372243,3.104153,3.154052,1.016075
121,4.333292,1.381214,1.408042,3.137307,3.077530,0.980946
122,4.317959,1.370810,1.429533,3.149933,3.020539,0.958922
123,4.326497,1.361789,1.466186,3.177069,2.950851,0.928796
124,4.331928,1.352639,1.491019,3.202575,2.905347,0.907191
125,4.337538,1.340308,1.512000,3.236226,2.868742,0.886447
126,4.325092,1.331502,1.542125,3.248281,2.804632,0.863420
127,4.324865,1.344427,1.559424,3.216884,2.773373,0.862130
128,4.346924,1.418152,0.768127,3.065203,5.659118,1.846246
129,4.348468,1.408269,0.763197,3.087811,5.697703,1.845224
130,4.337912,1.399267,0.756410,3.100131,5.734867,1.849879
131,4.346528,1.388820,0.752586,3.129654,5.775460,1.845399
132,4.385997,1.383798,0.748717,3.169536,5.858017,1.848225
133,4.345803,1.366326,0.741403,3.180650,5.861596,1.842893
134,4.341816,1.357047,0.735870,3.199459,5.900249,1.844140
135,4.358333,1.374074,0.732407,3.171833,5.950695,1.876106
136,4.355699,1.440257,0.731618,3.024250,5.953518,1.968593
137,4.363788,1.432636,0.755289,3.045984,5.777641,1.896806
138,4.362564,1.424097,0.771923,3.063389,5.651551,1.844869
139,4.370504,1.414041,0.950757,3.090789,4.596869,1.487280
140,4.374384,1.403941,0.984606,3.115789,4.442777,1.425891
141,4.379127,1.395818,1.025312,3.137319,4.271020,1.361360
142,4.368977,1.387139,1.027613,3.149633,4.251578,1.349865
143,4.367869,1.406883,1.069194,3.104644,4.085198,1.315835
144,4.383371,1.460193,1.080729,3.001911,4.055938,1.351119
145,4.383621,1.453818,1.120382,3.015248,3.912613,1.297609
146,4.378364,1.442025,1.136558,3.036260,3.852300,1.268765
147,4.380334,1.432282,1.174397,3.058290,3.729858,1.219589
148,4.394042,1.424447,1.173833,3.084735,3.743328,1.213501
149,4.378262,1.417785,1.219239,3.088100,3.590979,1.162844
150,4.589815,1.822222,1.340741,2.518801,3.423343,1.359116
151,7.720751,2.471486,2.179912,3.123930,3.541772,1.133755
152,7.702023,2.603029,2.212016,2.958870,3.481902,1.176768
153,7.702553,2.568442,2.280799,2.998920,3.377129,1.126115
154,4.399657,1.464715,1.320448,3.003764,3.331942,1.109255
155,4.393921,1.452543,1.335298,3.024984,3.290592,1.087805
156,4.397189,1.442308,1.352626,3.048718,3.250854,1.066302
157,4.404091,1.434958,1.380757,3.069142,3.189621,1.039255
158,4.395011,1.426843,1.405436,3.080235,3.127152,1.015232
159,4.398816,1.423418,1.428968,3.090318,3.078317,0.996117
160,4.412684,1.498162,0.794118,2.945399,5.556713,1.886574
161,4.418944,1.485093,0.789130,2.975533,5.599764,1.881936
162,4.405556,1.476852,0.785185,2.983072,5.610849,1.880896
163,4.414417,1.469632,0.781288,3.003757,5.650177,1.881037
164,4.427576,1.469948,0.778372,3.012063,5.688249,1.888489
165,4.413729,1.451763,0.770872,3.040256,5.725632,1.883273
166,4.404659,1.446705,0.768072,3.044614,5.734694,1.883553
167,4.414029,1.486619,0.763473,2.969174,5.781513,1.947179
168,4.415923,1.509487,0.758929,2.925447,5.818627,1.988971
169,4.424001,1.503328,0.757212,2.942804,5.842491,1.985348
170,4.422794,1.497243,0.760110,2.953959,5.818622,1.969770
171,4.427025,1.488429,0.944382,2.974295,4.687747,1.576087
172,4.430047,1.479775,0.974146,2.993730,4.547619,1.519048
173,4.429344,1.469376,0.999877,3.014438,4.429889,1.469557
174,4.421313,1.462766,1.769076,3.022571,2.499222,0.826853
175,7.732919,2.550000,1.808385,3.032517,4.276146,1.410098
176,7.771430,2.668911,1.824975,2.911836,4.258376,1.462437
177,4.434414,1.515291,1.076824,2.926444,4.118050,1.407186
178,4.427821,1.508610,1.091842,2.935033,4.055369,1.381711
179,4.432961,1.499069,1.119181,2.957143,3.960899,1.339434
180,4.443519,1.501852,1.135185,2.958693,3.914356,1.323002
181,4.430018,1.485267,1.156538,2.982641,3.830414,1.284236
182,4.427656,1.477106,1.168498,2.997520,3.789185,1.264107
183,4.434613,1.482861,1.187593,2.990578,3.734118,1.248627
184,4.435524,1.535017,1.205225,2.889559,3.680246,1.273636
185,4.441953,1.525799,1.231880,2.911232,3.605834,1.238594
186,4.444648,1.524010,1.250916,2.916416,3.553114,1.218315
187,4.444410,1.514737,1.266634,2.934113,3.508837,1.195876
188,4.446747,1.503897,1.279379,2.956817,3.475707,1.175489
189,4.447213,1.499631,1.301218,2.965538,3.417730,1.152482
190,4.441248,1.490820,1.321909,2.979064,3.359722,1.127778
191,4.448392,1.484667,1.338818,2.996222,3.322626,1.108939
192,4.450335,1.544829,0.810082,2.880795,5.493685,1.907003
193,4.449482,1.534049,0.806810,2.900483,5.514908,1.901376
194,4.444035,1.528903,0.803571,2.906683,5.530355,1.902635
195,4.449634,1.522894,0.800366,2.921828,5.559497,1.902746
196,4.460241,1.513813,0.797038,2.946363,5.596019,1.899297
197,4.448743,1.512628,0.792064,2.941068,5.616647,1.909730
198,4.447524,1.498522,0.788064,2.967941,5.643611,1.901524
199,4.452752,1.521326,0.784103,2.926888,5.678781,1.940211
200,4.455000,1.557187,0.780937,2.860927,5.704682,1.993998
201,4.459888,1.550373,0.777985,2.876655,5.732614,1.992806
202,4.455446,1.543626,0.774134,2.886350,5.755396,1.994005
203,4.459360,1.537869,0.922722,2.899700,4.832833,1.666667
204,4.465993,1.533088,0.964154,2.913070,4.632031,1.590086
205,4.472795,1.525328,0.984053,2.932349,4.545281,1.550048
206,4.456684,1.516057,0.994212,2.939655,4.482629,1.524883
207,4.460238,1.520810,1.020067,2.932804,4.372495,1.490893
208,4.542345,1.630917,1.119638,2.785147,4.056978,1.456647
209,4.654950,1.712367,1.155686,2.718431,4.027866,1.481688
210,4.749084,1.750000,1.233516,2.713762,3.850037,1.418708
211,4.709716,1.863308,1.091606,2.527610,4.314482,1.706941
212,4.483615,1.789350,1.093905,2.505723,4.098723,1.635745
213,4.466271,1.537250,1.117494,2.905365,3.996683,1.375622
214,4.463847,1.526377,1.133485,2.924471,3.938161,1.346623
215,4.487148,1.548654,1.144737,2.897451,3.919808,1.352847
216,4.469782,1.574700,1.158971,2.838498,3.856680,1.358704
217,4.474405,1.568377,1.180720,2.852889,3.789557,1.328323
218,4.469688,1.562113,1.198549,2.861310,3.729247,1.303336
219,4.471492,1.556831,1.216216,2.872176,3.676560,1.280061
220,4.483415,1.551597,1.230037,2.889549,3.644944,1.261423
221,4.484224,1.544576,1.240981,2.903207,3.613452,1.244642
222,4.476351,1.541854,1.260323,2.903226,3.551750,1.223380
223,4.476831,1.535874,1.278961,2.914842,3.500365,1.200877
224,4.486607,1.608073,0.824033,2.790052,5.444695,1.951467
225,4.480556,1.575926,0.817593,2.843126,5.480181,1.927520
226,4.479167,1.569875,0.814897,2.853200,5.496606,1.926471
227,4.485132,1.562959,0.812225,2.869642,5.522034,1.924294
228,4.488722,1.556391,0.810150,2.884058,5.540603,1.921114
229,4.477542,1.550530,0.805677,2.887749,5.557491,1.924506
230,4.478571,1.544720,0.804037,2.899276,5.570104,1.921205
231,4.484230,1.556586,0.800557,2.880810,5.601390,1.944380
232,4.487993,1.596983,0.799877,2.810295,5.610855,1.996536
233,4.494482,1.584611,0.794605,2.836332,5.656250,1.994213
234,4.485348,1.578755,0.790293,2.841067,5.675550,1.997683
235,4.485920,1.573217,0.932103,2.851432,4.812689,1.687815
236,4.487475,1.565616,0.955259,2.866269,4.697652,1.638943
237,4.491809,1.564594,0.975428,2.870910,4.604962,1.604008
238,4.496107,1.556167,0.985232,2.889220,4.563500,1.579492
239,4.500369,1.557962,1.006953,2.888626,4.469294,1.547204
240,4.499081,1.600184,1.006434,2.811603,4.470320,1.589954
241,4.496416,1.590909,1.033572,2.826319,4.350365,1.539234
242,4.489106,1.587153,1.046206,2.828402,4.290844,1.517056
243,4.493079,1.579686,1.063412,2.844287,4.225154,1.485488
244,4.500745,1.573212,1.068368,2.860864,4.212729,1.472537
245,4.490724,1.570501,1.093692,2.859421,4.106022,1.435963
246,4.490022,1.562269,1.099409,2.874039,4.084034,1.421008
247,4.496688,1.567906,1.117961,2.867958,4.022222,1.402469
248,4.497801,1.604655,1.124450,2.802970,4.000000,1.427058
249,4.503012,1.608622,1.149285,2.799298,3.918100,1.399672
250,4.500938,1.594688,1.158750,2.822457,3.884304,1.376214
251,4.499813,1.589268,1.177478,2.831375,3.821570,1.349722
252,4.503348,1.582961,1.190476,2.844888,3.782813,1.329687
253,4.508708,1.576705,1.207078,2.859577,3.735226,1.306216
254,4.501107,1.576033,1.226316,2.855972,3.670429,1.285177
255,4.514706,1.571691,1.234375,2.872515,3.657483,1.273269
256,4.510803,1.612244,0.833130,2.797842,5.414286,1.935165
257,4.507343,1.604117,0.829359,2.809859,5.434733,1.934166
258,4.507689,1.599775,0.826144,2.817702,5.456300,1.936436
259,4.503363,1.591730,0.824823,2.829225,5.459796,1.929785
260,4.510236,1.587469,0.820720,2.841149,5.495465,1.934240
261,4.501298,1.580460,0.815721,2.848094,5.518182,1.937500
262,4.499815,1.576274,0.811684,2.854716,5.543800,1.941980
263,4.506623,1.589599,0.813198,2.835069,5.541855,1.954751
264,4.505132,1.617485,0.807368,2.785269,5.580023,2.003405
265,4.509434,1.612264,0.804717,2.796957,5.603751,2.003517
266,4.508459,1.606203,0.809211,2.806905,5.571429,1.984901
267,4.512172,1.601124,0.923221,2.818129,4.887424,1.734280
268,4.510261,1.598881,0.946828,2.820887,4.763547,1.688670
269,4.512082,1.588290,0.957249,2.840843,4.713592,1.659223
270,4.506481,1.583333,0.970370,2.846199,4.644084,1.631679
271,4.506458,1.595941,0.990775,2.823699,4.548417,1.610801
272,4.523897,1.623162,0.989890,2.787089,4.570102,1.639740
273,4.518315,1.619048,1.014652,2.790724,4.453069,1.595668
274,7.895482,2.807073,1.776365,2.812710,4.444740,1.580234
275,7.912853,1.636364,1.044828,4.835632,7.573357,1.566157
276,4.524925,1.601387,1.047601,2.825629,4.319320,1.528623
277,4.515125,1.596539,1.076497,2.828070,4.194276,1.483088
278,4.509117,1.588936,1.070764,2.837822,4.211121,1.483927
279,4.513348,1.586948,1.091027,2.844042,4.136788,1.454545
280,4.518473,1.626539,1.096367,2.777967,4.121314,1.483572
281,4.518039,1.622592,1.111793,2.784458,4.063742,1.459437
282,4.520360,1.625092,1.129861,2.781603,4.000812,1.438312
283,4.514765,1.609982,1.138629,2.804233,3.965087,1.413965
284,4.515845,1.603370,1.147824,2.816471,3.934265,1.396878
285,4.522556,1.599624,1.156955,2.827262,3.909017,1.382616
286,4.515172,1.596841,1.177260,2.827566,3.835322,1.356404
287,4.519973,1.592210,1.193691,2.838804,3.786552,1.333855
288,4.537760,1.635975,0.842634,2.773735,5.385210,1.941501
289,4.527620,1.627533,0.836938,2.781891,5.409745,1.944629
290,4.522167,1.621921,0.834975,2.788155,5.415929,1.942478
291,4.752393,1.798601,0.833027,2.642272,5.704972,2.159116
292,4.530638,1.612647,0.831091,2.809443,5.451435,1.940397
293,4.522184,1.605044,0.826697,2.817484,5.470183,1.941514
294,4.521920,1.601474,0.824830,2.823599,5.482245,1.941581
295,4.529190,1.614878,0.821092,2.804665,5.516055,1.966743
296,4.525150,1.634760,0.818318,2.768083,5.529817,1.997706
297,4.523943,1.630191,0.816498,2.775100,5.540664,1.996564
298,4.521812,1.624720,0.814691,2.783133,5.550343,1.994279
299,4.523411,1.630435,0.925307,2.774359,4.888554,1.762048
300,4.523148,1.614815,0.939815,2.801032,4.812808,1.718227
301,4.527501,1.611296,0.956072,2.809851,4.735521,1.685328
302,4.522627,1.605040,0.963944,2.817765,4.691794,1.665076
303,4.523286,1.606161,0.979098,2.816210,4.619850,1.640449
304,4.528087,1.640625,0.984944,2.759977,4.597303,1.665703
305,4.535939,1.635246,1.004414,2.773858,4.516008,1.628060
306,4.529600,1.635558,1.014329,2.769452,4.465613,1.612454
307,4.532699,1.625532,1.032636,2.788439,4.389445,1.574158
308,4.539523,1.623064,1.034903,2.796884,4.386425,1.568326
309,4.531367,1.617812,1.051158,2.800923,4.310835,1.539076
310,4.531638,1.613524,1.058933,2.808535,4.279438,1.523726
311,4.536545,1.614828,1.075006,2.809305,4.220017,1.502157
312,4.528476,1.643861,1.078033,2.754781,4.200686,1.524871
313,4.532440,1.639531,1.093942,2.764474,4.143218,1.498736
314,4.528111,1.635228,1.106075,2.769101,4.093854,1.478405
315,4.528388,1.629121,1.117216,2.779651,4.053279,1.458197
316,4.535127,1.631962,1.131646,2.778941,4.007550,1.442114
317,4.539748,1.622082,1.139432,2.798716,3.984219,1.423588
318,4.534906,1.619811,1.152830,2.799651,3.933715,1.405074
319,4.538558,1.612853,1.165204,2.813994,3.895077,1.384181
320,4.539375,1.649063,0.845625,2.752700,5.368071,1.950111
321,4.541121,1.648598,0.843925,2.754535,5.380952,1.953488
322,4.542857,1.645342,0.841304,2.761042,5.399779,1.955703
323,4.546440,1.643034,0.841486,2.767100,5.402870,1.952539
324,4.545370,1.628704,0.837963,2.790790,5.424309,1.943646
325,4.537846,1.625538,0.835385,2.791596,5.432044,1.945856
326,4.537730,1.622393,0.831902,2.796937,5.454646,1.950221
327,4.535780,1.625688,0.828440,2.790068,5.475083,1.962348
328,4.535061,1.652058,0.826029,2.745098,5.490196,2.000000
329,4.537424,1.646087,0.824468,2.756492,5.503456,1.996544
330,4.535038,1.644886,0.823864,2.757052,5.504598,1.996552
331,4.543051,1.798527,1.002644,2.525984,4.531073,1.793785
332,4.539721,1.757342,0.937500,2.583289,4.842369,1.874498
333,4.542980,1.631006,0.950638,2.785386,4.778875,1.715696
334,4.565868,1.846931,0.989895,2.472138,4.612476,1.865784
335,4.546642,1.632463,0.973881,2.785143,4.668582,1.676245
336,4.552641,1.662946,0.979353,2.737696,4.648623,1.698006
337,4.548405,1.656157,1.097923,2.746361,4.142736,1.508446
338,4.700444,1.653107,1.003143,2.843400,4.685714,1.647926
339,4.561209,1.646386,1.020465,2.770437,4.469738,1.613369
340,4.558824,1.642463,1.021140,2.775602,4.464446,1.608461
341,4.548204,1.639479,1.038306,2.774176,4.380406,1.578994
342,4.542334,1.631388,1.042143,2.784337,4.358646,1.565416
343,4.548105,1.658005,1.054316,2.743119,4.313796,1.572588
344,4.545311,1.660768,1.062626,2.736872,4.277431,1.562890
345,4.551040,1.656900,1.079395,2.746720,4.216287,1.535026
346,4.554850,1.653996,1.087585,2.753846,4.188042,1.520797
347,4.544543,1.648290,1.093848,2.757127,4.154639,1.506873
348,4.545540,1.641679,1.109445,2.768836,4.097128,1.479730
349,4.549333,1.636041,1.117479,2.780697,4.071070,1.464047
350,4.545652,1.633230,1.127329,2.783229,4.032231,1.448760
351,4.545708,1.630435,1.142698,2.788034,3.978049,1.426829
352,4.551322,1.664711,0.853199,2.734001,5.334419,1.951140
353,4.554132,1.659995,0.850782,2.743461,5.352877,1.951140
354,4.551400,1.654385,0.847458,2.751114,5.370652,1.952174
355,4.551439,1.652480,0.846908,2.754308,5.374187,1.951193
356,4.571629,1.650586,0.844529,2.769700,5.413232,1.954447
357,4.559778,1.644385,0.842246,2.772938,5.413832,1.952381
358,4.551803,1.638840,0.839893,2.777455,5.419501,1.951247
359,4.556217,1.662763,0.837554,2.740148,5.439909,1.985261
360,4.551136,1.668561,0.835227,2.727582,5.448980,1.997732
361,4.702846,1.786704,0.978343,2.632135,4.806950,1.826255
362,4.733174,1.791185,0.971873,2.642482,4.870155,1.843023
363,4.552968,1.657588,0.921300,2.746742,4.941896,1.799185
364,4.561064,1.651161,0.936563,2.762337,4.870000,1.763000
365,4.562578,1.649440,0.948941,2.766138,4.808071,1.738189
366,4.557563,1.643070,0.955663,2.773810,4.769006,1.719298
367,4.564652,1.650669,0.969780,2.765335,4.706897,1.702107
368,4.559659,1.672122,0.970850,2.726870,4.696565,1.722328
369,4.561160,1.669438,0.989468,2.732153,4.609711,1.687208
370,4.561732,1.664005,0.995086,2.741417,4.584259,1.672222
371,4.560463,1.659520,1.008944,2.748062,4.520036,1.644809
372,4.562867,1.654142,1.010814,2.758449,4.514053,1.636446
373,4.571046,1.657411,1.035044,2.757943,4.416281,1.601295
374,4.572193,1.653934,1.036096,2.764434,4.412903,1.596313
375,4.567619,1.650476,1.047619,2.767455,4.360000,1.575455
376,4.564020,1.675532,1.053381,2.723923,4.332732,1.590622
377,4.570860,1.672035,1.063850,2.733711,4.296527,1.571683
378,4.559713,1.666667,1.074263,2.735828,4.244503,1.551451
379,4.560874,1.665096,1.085564,2.739106,4.201389,1.533854
380,4.560150,1.659774,1.093045,2.747452,4.171969,1.518487
381,4.561305,1.653543,1.105174,2.758503,4.127226,1.496183
382,4.558714,1.648280,1.114435,2.765740,4.090604,1.479027
383,4.554271,1.646774,1.119918,2.765572,4.066611,1.470441
384,4.563802,1.673177,0.856585,2.727626,5.327904,1.953312
385,4.563080,1.678108,0.854360,2.719182,5.340934,1.964169
386,4.568838,1.669134,0.853072,2.737251,5.355748,1.956616
387,4.568106,1.668512,0.851790,2.737832,5.362947,1.958830
388,4.571060,1.659610,0.847754,2.754298,5.391965,1.957655
389,4.559310,1.655343,0.844657,2.754298,5.397826,1.959783
390,4.572344,1.658425,0.846154,2.757040,5.403680,1.959957
391,4.570013,1.666880,0.843031,2.741657,5.420933,1.977247
392,4.566008,1.680804,0.838967,2.716562,5.442417,2.003421
393,4.562977,1.673664,0.838740,2.726340,5.440273,1.995449
394,4.561865,1.669416,0.839467,2.732611,5.434240,1.988662
395,4.565506,1.666139,0.911392,2.740171,5.009375,1.828125
396,4.557765,1.659091,0.928977,2.747146,4.906218,1.785933
397,4.560453,1.656801,0.942695,2.752566,4.837675,1.757515
398,4.557475,1.654523,0.948807,2.754556,4.803376,1.743793
399,4.556391,1.656955,0.959586,2.749858,4.748286,1.726738
400,4.561875,1.678125,0.962812,2.718436,4.738072,1.742941
401,4.562656,1.676746,0.978180,2.721138,4.664436,1.714149
402,4.567164,1.675373,0.981343,2.726058,4.653992,1.707224
403,4.570720,1.672146,0.998449,2.733445,4.577819,1.674744
404,4.569616,1.667079,0.996906,2.741091,4.583799,1.672253
405,4.562963,1.663889,1.017593,2.742348,4.484076,1.635123
406,4.561884,1.658867,1.018781,2.750000,4.477788,1.628286
407,4.573710,1.671376,1.034705,2.736494,4.420303,1.615316
408,4.571691,1.684743,1.037684,2.713584,4.405669,1.623561
409,4.567848,1.679707,1.047066,2.719432,4.362522,1.604203
410,4.560655,1.674262,1.055199,2.723979,4.322080,1.586679
411,4.561083,1.668267,1.065117,2.734024,4.282236,1.566276
412,4.560552,1.666134,1.074987,2.737205,4.242424,1.549911
413,4.563846,1.662100,1.078119,2.745831,4.233156,1.541667
414,4.559497,1.662853,1.090770,2.741972,4.180070,1.524476
415,4.564680,1.659797,1.102410,2.750143,4.140638,1.505608
416,4.569838,1.685223,0.857794,2.711712,5.327434,1.964602
417,4.568345,1.679288,0.857630,2.720406,5.326711,1.958057
418,4.570637,1.676215,0.856522,2.726761,5.336273,1.957001
419,4.573860,1.673157,0.854478,2.733671,5.352811,1.958104
420,4.573308,1.669173,0.852444,2.739865,5.364939,1.958104
421,4.569009,1.670834,0.852294,2.734568,5.360836,1.960396
422,4.566600,1.666875,0.847468,2.739618,5.388521,1.966887
423,4.569802,1.680664,0.846398,2.719045,5.399118,1.985667
424,4.571127,1.686941,0.845333,2.709713,5.407489,1.995595
425,4.572446,1.682972,0.845201,2.716887,5.409890,1.991209
426,4.572832,1.681801,0.839511,2.719008,5.447020,2.003311
427,4.563971,1.675089,0.913349,2.724614,4.996964,1.834008
428,4.565298,1.671176,0.928738,2.731788,4.915591,1.799404
429,4.569378,1.670961,0.938535,2.734581,4.868627,1.780392
430,4.568849,1.664321,0.944614,2.745174,4.836735,1.761905
431,4.571987,1.672365,0.957992,2.733844,4.772467,1.745698
432,4.739583,1.742863,1.028164,2.719424,4.609756,1.695122
433,4.567937,1.684950,0.972864,2.711022,4.695351,1.731949
434,4.564132,1.680108,0.978303,2.716571,4.665358,1.717370
435,4.565134,1.679119,0.989464,2.718768,4.613746,1.696999
436,4.575688,1.674312,0.994839,2.732877,4.599424,1.682997
437,4.571892,1.671434,1.007818,2.735311,4.536424,1.658467
438,4.570967,1.668569,1.012177,2.739453,4.515977,1.648496
439,4.569096,1.667616,1.023159,2.739898,4.465677,1.629870
440,4.567235,1.690341,1.025568,2.701961,4.453370,1.648199
441,4.573885,1.691232,1.041194,2.704469,4.392922,1.624319
442,4.574849,1.687406,1.049208,2.711173,4.360288,1.608266
443,4.578631,1.683597,1.055305,2.719553,4.338681,1.595365
444,4.573011,1.676989,1.061374,2.726917,4.308576,1.580018
445,4.575843,1.675094,1.070225,2.731694,4.275591,1.565179
446,4.574925,1.670404,1.081839,2.738814,4.228843,1.544041
447,4.573080,1.668531,1.090604,2.740782,4.193162,1.529915
448,4.576823,1.691778,0.861235,2.705333,5.314255,1.964363
449,4.575909,1.688938,0.860245,2.709341,5.319310,1.963323
450,4.573148,1.687037,0.858333,2.710757,5.327940,1.965480
451,4.577790,1.685144,0.854582,2.716557,5.356757,1.971892
452,4.573193,1.678650,0.854535,2.724327,5.351672,1.964401
453,4.574135,1.677704,0.854489,2.726425,5.353068,1.963402
454,4.574156,1.676762,0.854442,2.727969,5.353383,1.962406
455,4.572344,1.678571,0.849817,2.723950,5.380388,1.975216
456,4.571401,1.693111,0.847523,2.700000,5.393836,1.997717
457,4.572982,1.693268,0.847599,2.700684,5.395216,1.997722
458,4.584190,1.692461,0.847675,2.708594,5.407955,1.996591
459,4.583814,1.686851,0.914072,2.717379,5.014721,1.845426
460,4.577685,1.681266,0.927430,2.722761,4.935884,1.812823
461,4.573498,1.679533,0.936902,2.723077,4.881512,1.792646
462,4.571238,1.673988,0.941558,2.730747,4.854970,1.777890
463,4.570893,1.677042,0.952865,2.725568,4.797000,1.760000
464,4.574353,1.695297,0.950811,2.698261,4.811000,1.783000
465,4.574004,1.696395,0.966793,2.696309,4.731109,1.754661
466,4.577443,1.694648,0.972292,2.701117,4.707887,1.742941
467,4.578977,1.686296,0.983436,2.715406,4.656100,1.714697
468,4.582391,1.684578,0.985106,2.720201,4.651675,1.710048
469,4.577323,1.680986,1.000878,2.722999,4.573308,1.679511
470,4.576971,1.678348,1.004380,2.727069,4.557009,1.671028
471,4.579430,1.686961,1.016298,2.714603,4.505991,1.659908
472,4.583749,1.697408,1.018819,2.700441,4.499083,1.666055
473,4.580587,1.695685,1.030655,2.701320,4.444344,1.645249
474,4.579300,1.693969,1.038719,2.703297,4.408602,1.630824
475,4.583591,1.689474,1.043963,2.713029,4.390569,1.618327
476,4.581377,1.687778,1.048258,2.714443,4.370469,1.610080
477,4.581946,1.682390,1.054384,2.723474,4.345614,1.595614
478,4.579744,1.680716,1.066946,2.724876,4.292388,1.575260
479,4.578472,1.677207,1.073929,2.729819,4.263293,1.561750
480,4.577206,1.697610,0.862132,2.696264,5.309168,1.969083
481,4.576862,1.694081,0.862174,2.701678,5.308511,1.964894
482,4.574689,1.690223,0.859699,2.706559,5.321267,1.966063
483,4.575893,1.688665,0.859860,2.709770,5.321670,1.963883
484,4.580966,1.687113,0.856147,2.715270,5.350679,1.970588
485,4.575387,1.686534,0.856314,2.712894,5.343115,1.969526
486,4.580440,1.679205,0.854552,2.727743,5.360045,1.965011
487,4.580660,1.697895,0.852798,2.697846,5.371332,1.990971
488,4.582800,1.703061,0.851050,2.690919,5.384876,2.001129
489,4.583972,1.699578,0.850268,2.697124,5.391206,1.998873
490,4.578444,1.699936,0.850446,2.693303,5.383577,1.998875
491,4.582485,1.691701,0.913633,2.708804,5.015674,1.851620
492,4.584604,1.692073,0.928925,2.709459,4.935385,1.821538
493,4.587665,1.685789,0.935598,2.721376,4.903455,1.801829
494,4.580276,1.687120,0.941296,2.714848,4.865927,1.792339
495,4.575758,1.684659,0.950758,2.716133,4.812749,1.771912
496,4.591104,1.702054,0.952621,2.697390,4.819444,1.786706
497,4.585639,1.701459,0.965795,2.695122,4.748047,1.761719
498,4.582078,1.698042,0.971386,2.698448,4.717054,1.748062
499,4.585108,1.694639,0.979772,2.705654,4.679770,1.729626
500,4.587187,1.687500,0.981563,2.718333,4.673352,1.719198
501,4.578967,1.686939,0.992702,2.714365,4.612630,1.699340
502,4.578250,1.684512,0.997261,2.717849,4.590824,1.689139
503,4.761121,1.686754,1.007393,2.822652,4.726179,1.674376
504,4.583333,1.705729,1.010975,2.687023,4.533579,1.687213
505,4.585396,1.704208,1.022896,2.690632,4.482759,1.666062
506,4.581892,1.698987,1.028286,2.696838,4.455856,1.652252
507,4.580251,1.696561,1.036428,2.699728,4.419269,1.636931
508,4.581385,1.691375,1.042692,2.708674,4.393805,1.622124
509,4.584357,1.691736,1.053536,2.709853,4.351399,1.605769
510,4.583640,1.686581,1.060662,2.717711,4.321490,1.590121
511,4.579256,1.683280,1.064090,2.720436,4.303448,1.581897
512,4.582214,1.704712,0.865173,2.687970,5.296296,1.970370
