shape,an52,bn52,u52_ns,ref_core_ns,ref_full_ns,u52_ns_per_digit_product,ref_core_ns_per_digit_product,ref_full_ns_per_digit_product
an=1bn,8,8,8.900628,17.502456,32.419184,0.139072309,0.273475873,0.506549756
an=1bn,10,10,15.470457,29.967252,50.098691,0.154704569,0.299672519,0.500986912
an=1bn,12,12,15.696734,36.053585,55.415762,0.109005099,0.250372119,0.384831678
an=1bn,14,14,21.461089,37.369358,56.535808,0.109495355,0.190659989,0.288448002
an=1bn,16,16,23.774262,40.122366,60.583677,0.092868209,0.156727991,0.236654986
an=1bn,18,18,30.687909,54.227715,78.198785,0.094715769,0.167369490,0.241354276
an=1bn,20,20,31.829727,60.164228,85.639041,0.079574317,0.150410570,0.214097603
an=1bn,22,22,39.787892,63.212475,89.172826,0.082206389,0.130604287,0.184241375
an=1bn,24,24,44.521026,66.762322,94.427272,0.077293448,0.115906809,0.163936236
an=1bn,26,26,51.489069,84.161832,116.980011,0.076167261,0.124499752,0.173047353
an=1bn,28,28,55.380630,91.725165,126.225732,0.070638558,0.116996384,0.161002209
an=1bn,30,30,64.749223,96.209391,132.079313,0.071943581,0.106899323,0.146754793
an=1bn,32,32,69.047795,102.172658,141.945679,0.067429488,0.099777986,0.138618827
an=1bn,34,34,78.859362,120.378771,160.790882,0.068217441,0.104133885,0.139092458
an=1bn,36,36,84.359094,128.872124,172.675587,0.065091893,0.099438367,0.133237336
an=1bn,38,38,95.768035,136.074519,179.459728,0.066321354,0.094234432,0.124279590
an=1bn,40,40,102.340717,140.772804,185.884777,0.063962948,0.087983003,0.116177986
an=1bn,42,42,113.711515,162.557571,212.133838,0.064462310,0.092152818,0.120257278
an=1bn,44,44,126.029990,176.644480,226.611941,0.065098135,0.091241983,0.117051623
an=1bn,46,46,138.521603,185.096524,234.084165,0.065463895,0.087474728,0.110625787
an=1bn,48,48,148.965575,191.442219,248.702089,0.064655198,0.083091241,0.107943615
an=1bn,50,50,158.572002,212.294683,272.070380,0.063428801,0.084917873,0.108828152
an=1bn,52,52,170.496136,225.083708,282.487105,0.063053305,0.083241016,0.104470083
an=1bn,54,54,187.626563,231.639393,291.778241,0.064343814,0.079437378,0.100061125
an=1bn,56,56,197.517368,245.626227,302.159767,0.062983855,0.078324690,0.096351966
an=1bn,58,58,206.218750,268.018214,335.004799,0.061301650,0.079672477,0.099585255
an=1bn,60,60,217.089988,276.116085,344.770450,0.060302775,0.076698912,0.095769570
an=1bn,62,62,224.834457,284.580587,351.536400,0.058489713,0.074032411,0.091450676
an=1bn,64,64,250.038417,305.753970,373.733068,0.061044535,0.074646965,0.091243425
an=1bn,66,66,265.330244,329.007785,399.030851,0.060911443,0.075529795,0.091604879
an=1bn,68,68,281.273671,342.579608,418.370000,0.060829081,0.074087285,0.090477941
an=1bn,70,70,294.944281,354.301769,433.013249,0.060192710,0.072306483,0.088370051
an=1bn,72,72,311.416494,366.073687,451.376052,0.060072626,0.070616066,0.087070998
an=1bn,74,74,324.638470,394.248424,477.733661,0.059283870,0.071995695,0.087241355
an=1bn,76,76,340.174253,407.016640,493.482237,0.058894434,0.070466870,0.085436675
an=1bn,78,78,362.986969,425.371324,506.537130,0.059662552,0.069916391,0.083257254
an=1bn,80,80,383.248597,441.435886,533.866122,0.059882593,0.068974357,0.083416582
an=1bn,82,82,393.210513,465.669709,565.155309,0.058478660,0.069254865,0.084050462
an=1bn,84,84,412.519052,483.518524,581.142940,0.058463584,0.068525868,0.082361528
an=1bn,86,86,435.658565,498.848404,599.977707,0.058904619,0.067448405,0.081121918
an=1bn,88,88,452.416166,518.492058,612.949959,0.058421509,0.066954036,0.079151596
an=1bn,90,90,467.503731,546.550872,656.050044,0.057716510,0.067475416,0.080993833
an=1bn,92,92,487.514734,565.504142,671.398661,0.057598622,0.066812871,0.079324038
an=1bn,94,94,510.317595,587.428711,692.397978,0.057754368,0.066481294,0.078361021
an=1bn,96,96,524.857367,606.965927,712.763021,0.056950669,0.065860018,0.077339738
an=1bn,98,98,544.542630,631.825503,746.336310,0.056699566,0.065787745,0.077710986
an=1bn,100,100,567.509224,654.942491,769.844006,0.056750922,0.065494249,0.076984401
an=1bn,102,102,591.887382,672.733705,790.875000,0.056890367,0.064661064,0.076016436
an=1bn,104,104,614.503064,695.497454,806.101763,0.056814263,0.064302649,0.074528639
an=1bn,106,106,634.751267,720.720658,844.958615,0.056492637,0.064143882,0.075201016
an=1bn,108,108,661.128741,748.170139,870.139908,0.056681134,0.064143530,0.074600472
an=1bn,110,110,673.820536,768.881660,885.580189,0.055687648,0.063543939,0.073188445
an=1bn,112,112,700.007696,795.022511,919.526042,0.055804185,0.063378708,0.073304053
an=1bn,114,114,727.739583,823.184211,953.452967,0.055997198,0.063341352,0.073365110
an=1bn,116,116,749.387897,849.279842,979.403320,0.055691728,0.063115327,0.072785621
an=1bn,118,118,776.967200,867.163704,998.439827,0.055800575,0.062278347,0.071706394
an=1bn,120,120,796.471133,891.824292,1025.743207,0.055310495,0.061932243,0.071232167
an=1bn,122,122,817.564402,940.596875,1066.981534,0.054929078,0.063195168,0.071686478
an=1bn,124,124,841.892857,951.628472,1094.179506,0.054753698,0.061890509,0.071161518
an=1bn,126,126,882.023364,972.714884,1119.869792,0.055557027,0.061269519,0.070538536
an=1bn,128,128,895.364881,1015.262433,1148.367378,0.054648735,0.061966701,0.070090782
an=1bn,130,130,912.252124,1044.954514,1182.148828,0.053979416,0.061831628,0.069949635
an=1bn,132,132,948.456124,1063.699789,1188.904668,0.054433891,0.061047968,0.068233739
an=1bn,134,134,940.850312,1057.275983,1207.952324,0.052397545,0.058881487,0.067272907
an=1bn,136,136,955.018624,1078.212284,1223.465503,0.051633792,0.058294349,0.066147573
an=1bn,138,138,976.285116,1110.168382,1259.530833,0.051264709,0.058294916,0.066137935
an=1bn,140,140,1005.017952,1147.172256,1293.781250,0.051276426,0.058529197,0.066009247
an=1bn,142,142,1042.456597,1163.607639,1319.695312,0.051698899,0.057707183,0.065448091
an=1bn,144,144,1068.308594,1197.417722,1353.894196,0.051519512,0.057745839,0.065291965
an=1bn,146,146,1093.381904,1238.615954,1401.347481,0.051293953,0.058107335,0.065741578
an=1bn,148,148,1125.442336,1264.561250,1418.441698,0.051380676,0.057731978,0.064757199
an=1bn,150,150,1159.286265,1290.988870,1453.415865,0.051523834,0.057377283,0.064596261
an=1bn,152,152,1176.595313,1323.029049,1488.796131,0.050926044,0.057264069,0.064438891
an=1bn,154,154,1215.844151,1376.048007,1590.577331,0.051266830,0.058021926,0.067067690
an=1bn,156,156,1290.894692,1444.162500,1612.157839,0.053044654,0.059342641,0.066245802
an=1bn,158,158,1345.082589,1480.469238,1647.654057,0.053880892,0.059304168,0.066001204
an=1bn,160,160,1373.129982,1511.502976,1673.185307,0.053637890,0.059043085,0.065358801
an=1bn,162,162,1411.726679,1559.613217,1715.652273,0.053792359,0.059427420,0.065373124
an=1bn,164,164,1443.791346,1579.752083,1754.688079,0.053680523,0.058735577,0.065239741
an=1bn,166,166,1477.108398,1617.793642,1790.052476,0.053603876,0.058709306,0.064960534
an=1bn,168,168,1468.356445,1608.947034,1784.239387,0.052025101,0.057006343,0.063217098
an=1bn,170,170,1482.866699,1657.228070,1819.322716,0.051310266,0.057343532,0.062952343
an=1bn,172,172,1517.970262,1682.617188,1861.730392,0.051310515,0.056875919,0.062930313
an=1bn,174,174,1555.882172,1717.639205,1897.230000,0.051389952,0.056732699,0.062664487
an=1bn,176,176,1603.041314,1779.572524,1961.194010,0.051751075,0.057450043,0.063313340
an=1bn,178,178,1700.654018,1843.705270,2017.124335,0.053675483,0.058190420,0.063663816
an=1bn,180,180,1722.825000,1865.180147,2050.329484,0.053173611,0.057567288,0.063281774
an=1bn,182,182,1783.902712,1912.133750,2092.232639,0.053855293,0.057726535,0.063163647
an=1bn,184,184,1805.245192,1953.288411,2129.658333,0.053321278,0.057694010,0.062903424
an=1bn,186,186,1825.632812,2001.376330,2184.601744,0.052770055,0.057849934,0.063146079
an=1bn,188,188,1899.328125,2035.523936,2217.192587,0.053738347,0.057591782,0.062731796
an=1bn,190,190,1914.179209,2069.053668,2259.815476,0.053024355,0.057314506,0.062598767
an=1bn,192,192,1954.091146,2113.641667,2297.261433,0.053008115,0.057336200,0.062317205
an=1bn,194,194,1965.257812,2170.595170,2352.407031,0.052217500,0.057673376,0.062504172
an=1bn,196,196,1997.656901,2185.399709,2375.389062,0.052000648,0.056887748,0.061833326
an=1bn,198,198,2041.957201,2198.720203,2385.713281,0.052085430,0.056084078,0.060853823
an=1bn,200,200,2025.811170,2209.460029,2408.968750,0.050645279,0.055236501,0.060224219
an=2bn,8,4,7.783678,15.905863,28.865648,0.243239950,0.497058219,0.902051503
an=2bn,10,5,11.322958,24.545492,39.757485,0.226459164,0.490909849,0.795149693
an=2bn,12,6,14.709910,25.147867,43.150325,0.204304311,0.349275937,0.599310070
an=2bn,14,7,13.862838,25.515740,44.688558,0.141457533,0.260364692,0.456005689
an=2bn,16,8,15.205720,26.127064,44.336761,0.118794687,0.204117684,0.346380947
an=2bn,18,9,20.963154,42.078812,61.044332,0.129402185,0.259745755,0.376816863
an=2bn,20,10,21.652649,41.808989,63.373796,0.108263243,0.209044945,0.316868982
an=2bn,22,11,25.306107,47.427463,71.597638,0.104570688,0.195981251,0.295858010
an=2bn,24,12,27.816968,49.769639,73.235631,0.096586695,0.172811247,0.254290387
an=2bn,26,13,32.498494,61.773551,87.008146,0.096149392,0.182761984,0.257420550
an=2bn,28,14,36.315986,63.382475,86.519920,0.092642821,0.161689986,0.220714083
an=2bn,30,15,38.660580,62.226319,90.833283,0.085912400,0.138280709,0.201851740
an=2bn,32,16,41.667653,64.871067,94.739994,0.081382134,0.126701302,0.185039050
an=2bn,34,17,50.635664,80.035836,112.647997,0.087604955,0.138470305,0.194892728
an=2bn,36,18,54.100206,82.708967,116.161742,0.083487972,0.127637295,0.179261947
an=2bn,38,19,57.551796,90.027411,124.840671,0.079711628,0.124691705,0.172909516
an=2bn,40,20,60.420063,92.233100,129.116145,0.075525079,0.115291375,0.161395181
an=2bn,42,21,65.769920,104.924602,143.608920,0.074569071,0.118962133,0.162821905
an=2bn,44,22,72.752251,108.753838,148.618413,0.075157284,0.112349007,0.153531419
an=2bn,46,23,77.904225,107.870546,152.026590,0.073633483,0.101957038,0.143692429
an=2bn,48,24,81.906441,116.833904,159.565529,0.071099341,0.101418320,0.138511744
an=2bn,50,25,90.012086,137.933042,185.152737,0.072009669,0.110346434,0.148122189
an=2bn,52,26,94.132185,140.231456,189.755808,0.069624397,0.103721491,0.140351929
an=2bn,54,27,100.638513,148.357941,198.311575,0.069025043,0.101754418,0.136016169
an=2bn,56,28,105.476026,155.374379,202.419922,0.067267874,0.099090803,0.129094338
an=2bn,58,29,115.518165,167.260751,221.086139,0.068679052,0.099441588,0.131442413
an=2bn,60,30,122.728689,175.363026,224.896058,0.068182605,0.097423903,0.124942255
an=2bn,62,31,128.573502,175.986984,228.590557,0.066895682,0.091564508,0.118933692
an=2bn,64,32,135.074146,183.588246,240.088635,0.065954173,0.089642698,0.117230779
an=2bn,66,33,145.630483,200.005597,255.633941,0.066864317,0.091829934,0.117370955
an=2bn,68,34,149.427548,205.112036,260.835069,0.064631292,0.088716279,0.112817937
an=2bn,70,35,159.896561,214.611914,271.605311,0.065263902,0.087596699,0.110859310
an=2bn,72,36,166.692218,218.627112,280.803050,0.064310269,0.084346880,0.108334510
an=2bn,74,37,176.398379,237.724684,297.683730,0.064425997,0.086824209,0.108723057
an=2bn,76,38,187.019298,240.865545,305.418465,0.064757375,0.083402197,0.105754316
an=2bn,78,39,195.469727,246.249590,313.723244,0.064256978,0.080949898,0.103130587
an=2bn,80,40,203.853397,255.455637,316.745249,0.063704186,0.079829887,0.098982890
an=2bn,82,41,211.272963,281.266093,352.953360,0.062841453,0.083660349,0.104983153
an=2bn,84,42,223.241890,285.060030,354.633726,0.063277180,0.080799328,0.100519764
an=2bn,86,43,233.966256,288.511635,365.239300,0.063268322,0.078018290,0.098766712
an=2bn,88,44,245.196638,302.277532,375.939375,0.063325578,0.078067544,0.097091781
an=2bn,90,45,257.494435,318.895196,388.277763,0.063578873,0.078739554,0.095871053
an=2bn,92,46,258.763946,320.699979,404.900593,0.061144600,0.075779768,0.095675943
an=2bn,94,47,259.956458,321.073523,407.064123,0.058840303,0.072673953,0.092137647
an=2bn,96,48,266.946378,337.421763,417.440417,0.057931072,0.073225209,0.090590368
an=2bn,98,49,277.921783,354.591156,439.478388,0.057876256,0.073842390,0.091519864
an=2bn,100,50,289.523920,361.168269,448.092560,0.057904784,0.072233654,0.089618512
an=2bn,102,51,300.275060,377.968373,462.754310,0.057723003,0.072658280,0.088956999
an=2bn,104,52,325.052119,388.914385,481.806571,0.060105791,0.071914642,0.089091452
an=2bn,106,53,340.601902,408.044293,497.829200,0.060626896,0.072631594,0.088613243
an=2bn,108,54,347.828819,419.991629,507.284966,0.059641430,0.072015026,0.086983019
an=2bn,110,55,363.092302,424.206926,520.661430,0.060015257,0.070116847,0.086059740
an=2bn,112,56,375.716375,440.981661,536.326250,0.059903759,0.070309576,0.085511201
an=2bn,114,57,390.755599,465.882116,557.831546,0.060134749,0.071696232,0.085846652
an=2bn,116,58,397.820312,473.720486,569.216098,0.059129060,0.070410298,0.084604057
an=2bn,118,59,415.378595,485.830959,584.950699,0.059663688,0.069783246,0.084020497
an=2bn,120,60,424.869768,503.443349,597.243631,0.059009690,0.069922687,0.082950504
an=2bn,122,61,433.349366,517.077953,617.919819,0.058230229,0.069481047,0.083031419
an=2bn,124,62,447.955357,532.208333,629.511955,0.058266826,0.069225850,0.081882408
an=2bn,126,63,458.138872,536.346071,644.381635,0.057714648,0.067566902,0.081176825
an=2bn,128,64,471.959956,557.494268,661.481294,0.057612299,0.068053499,0.080747228
an=2bn,130,65,499.374834,578.490031,686.690237,0.059097613,0.068460359,0.081265117
an=2bn,132,66,506.251008,590.205582,700.070896,0.058109620,0.067746279,0.080357082
an=2bn,134,67,514.984802,604.030248,708.540883,0.057360749,0.067278932,0.078919680
an=2bn,136,68,510.501189,609.825487,715.241714,0.055201253,0.065941337,0.077340151
an=2bn,138,69,523.440799,623.369826,737.054932,0.054971728,0.065466270,0.077405475
an=2bn,140,70,543.556358,638.057823,746.626984,0.055464935,0.065107941,0.076186427
an=2bn,142,71,557.401627,646.612284,762.027722,0.055286811,0.064135319,0.075582992
an=2bn,144,72,573.610899,667.189716,778.178202,0.055325125,0.064350860,0.075055768
an=2bn,146,73,592.184552,691.965074,809.957705,0.055562446,0.064924477,0.075995281
an=2bn,148,74,600.987580,702.316231,823.541118,0.054874688,0.064126756,0.075195500
an=2bn,150,75,617.505551,721.488702,840.500558,0.054889382,0.064132329,0.074711161
an=2bn,152,76,631.438968,729.625242,849.262950,0.054660575,0.063160080,0.073516530
an=2bn,154,77,652.107205,750.776750,876.607185,0.054993018,0.063313944,0.073925382
an=2bn,156,78,668.961879,763.032510,893.760714,0.054977143,0.062708129,0.073451735
an=2bn,158,79,683.259284,783.572396,903.456731,0.054739568,0.062776189,0.072380767
an=2bn,160,80,699.382407,804.806624,927.482537,0.054639251,0.062875517,0.072459573
an=2bn,162,81,709.965226,827.638980,966.685245,0.054104955,0.063072625,0.073669048
an=2bn,164,82,728.188469,842.225446,970.829897,0.054148458,0.062628305,0.072191396
an=2bn,166,83,743.112451,858.768182,985.593750,0.053934711,0.062328943,0.071533876
an=2bn,168,84,764.761179,870.554688,1005.630984,0.054192260,0.061688966,0.071260699
an=2bn,170,85,785.951823,893.134524,1033.815247,0.054391130,0.061808618,0.071544308
an=2bn,172,86,795.078125,911.537925,1047.793056,0.053750549,0.061623710,0.070835117
an=2bn,174,87,818.520109,922.902574,1062.978230,0.054070558,0.060965951,0.070219199
an=2bn,176,88,830.474558,950.224116,1094.601744,0.053620516,0.061352280,0.070674183
an=2bn,178,89,856.055682,981.324219,1135.099398,0.054037096,0.061944465,0.071651269
an=2bn,180,90,857.094602,1043.340278,1133.479292,0.052907074,0.064403721,0.069967858
an=2bn,182,91,879.363610,1003.705785,1153.793064,0.053095255,0.060602933,0.069665081
an=2bn,184,92,896.053869,1019.059103,1170.654321,0.052933239,0.060199616,0.069154910
an=2bn,186,93,915.903216,1052.660069,1196.533623,0.052948504,0.060854438,0.069171790
an=2bn,188,94,940.731250,1066.539773,1216.129006,0.053232868,0.060351956,0.068816716
an=2bn,190,95,958.958865,1079.177083,1231.365666,0.053127915,0.059788204,0.068219704
an=2bn,192,96,972.824742,1104.901103,1259.359583,0.052779120,0.059944721,0.068324630
an=2bn,194,97,998.063497,1139.794051,1292.387414,0.053037703,0.060569351,0.068678256
an=2bn,196,98,1023.711617,1149.726753,1306.336372,0.053296107,0.059856661,0.068010015
an=2bn,198,99,1035.700893,1173.781250,1334.834067,0.052836491,0.059880688,0.068096830
an=2bn,200,100,1051.024653,1190.180775,1352.879018,0.052551233,0.059509039,0.067643951
an=4bn,8,2,5.801690,15.477679,28.459237,0.362605633,0.967354957,1.778702343
an=4bn,10,3,8.963572,20.448412,33.784809,0.298785735,0.681613731,1.126160285
an=4bn,12,3,11.098267,20.345662,33.983803,0.308285183,0.565157290,0.943994528
an=4bn,14,4,12.120641,24.370947,40.876090,0.216440014,0.435195474,0.729930175
an=4bn,16,4,12.265343,24.101711,42.098268,0.191645983,0.376589236,0.657785444
an=4bn,18,5,15.474609,34.279947,52.768043,0.171940101,0.380888305,0.586311589
an=4bn,20,5,16.892905,33.695787,52.456533,0.168929054,0.336957869,0.524565331
an=4bn,22,6,19.166758,35.010164,56.376466,0.145202714,0.265228514,0.427094437
an=4bn,24,6,19.210920,34.697389,56.944122,0.133409166,0.240954087,0.395445291
an=4bn,26,7,22.094148,44.695275,69.299958,0.121396415,0.245578436,0.380769002
an=4bn,28,7,23.924160,44.902061,70.742459,0.122062038,0.229092150,0.360930911
an=4bn,30,8,27.863587,48.087279,74.041140,0.116098277,0.200363662,0.308504752
an=4bn,32,8,28.759787,55.405973,78.411450,0.112342919,0.216429583,0.306294725
an=4bn,34,9,34.409644,61.897215,88.295404,0.112449819,0.202278482,0.288547071
an=4bn,36,9,35.032826,60.249157,90.220455,0.108126006,0.185954188,0.278458193
an=4bn,38,10,38.598073,70.655638,96.909995,0.101573876,0.185935889,0.255026302
an=4bn,40,10,39.600032,67.020885,142.683226,0.099000079,0.167552214,0.356708064
an=4bn,42,11,50.124983,74.525313,110.252864,0.108495635,0.161310201,0.238642563
an=4bn,44,11,45.000180,77.537552,122.829925,0.092975578,0.160201553,0.253780836
an=4bn,46,12,50.988326,79.135338,114.713325,0.092370156,0.143361119,0.207813995
an=4bn,48,12,50.167218,79.779310,116.891267,0.087095865,0.138505747,0.202936228
an=4bn,50,13,56.679060,89.609718,124.911535,0.087198553,0.137861105,0.192171592
an=4bn,52,13,59.842494,92.082495,133.920649,0.088524399,0.136216709,0.198107469
an=4bn,54,14,62.212197,94.105598,135.007914,0.082291266,0.124478304,0.178581896
an=4bn,56,14,62.710493,98.434024,141.868949,0.079987874,0.125553602,0.180955292
an=4bn,58,15,70.969223,111.742811,156.676075,0.081573820,0.128440013,0.180087442
an=4bn,60,15,73.768219,110.724690,157.460466,0.081964688,0.123027433,0.174956073
an=4bn,62,16,74.679115,111.582045,157.872580,0.075281366,0.112481900,0.159145746
an=4bn,64,16,78.444685,118.739873,159.154661,0.076606138,0.115956908,0.155424474
an=4bn,66,17,86.141931,131.356049,180.793292,0.076775339,0.117073127,0.161134842
an=4bn,68,17,86.625260,132.262958,253.172254,0.074935346,0.114414324,0.219007140
an=4bn,70,18,111.523967,140.766235,192.216573,0.088511085,0.111719234,0.152552836
an=4bn,72,18,94.471740,140.790681,194.450699,0.072894861,0.108634785,0.150039119
an=4bn,74,19,100.063734,151.742668,302.867843,0.071169085,0.107925084,0.215410983
an=4bn,76,19,108.831352,152.580589,208.645069,0.075367972,0.105665228,0.144491045
an=4bn,78,20,111.913112,159.121239,219.285704,0.071739174,0.102000794,0.140567759
an=4bn,80,20,113.129222,161.691695,216.528946,0.070705764,0.101057310,0.135330591
an=4bn,82,21,120.060099,171.523937,234.760938,0.069721312,0.099607397,0.136330393
an=4bn,84,21,122.813114,173.121252,240.721074,0.069621946,0.098141299,0.136463194
an=4bn,86,22,128.681156,177.045696,241.579772,0.068013296,0.093575949,0.127684869
an=4bn,88,22,129.686722,178.011978,244.977562,0.066986943,0.091948336,0.126537997
an=4bn,90,23,139.048009,192.653042,262.634891,0.067172951,0.093069102,0.126876759
an=4bn,92,23,142.875618,194.021888,265.644653,0.067521559,0.091692764,0.125540951
an=4bn,94,24,147.921037,210.547856,284.852841,0.065567836,0.093327950,0.126264557
an=4bn,96,24,154.072044,215.723132,286.761468,0.066871547,0.093629832,0.124462443
an=4bn,98,25,163.462816,238.130949,305.409304,0.066719517,0.097196306,0.124656859
an=4bn,100,25,160.480182,232.352104,308.364242,0.064192073,0.092940842,0.123345697
an=4bn,102,26,172.140768,249.253399,316.405093,0.064909792,0.093986953,0.119308104
an=4bn,104,26,173.196379,243.568344,318.976722,0.064051915,0.090077050,0.117964764
an=4bn,106,27,180.472716,253.037230,333.431627,0.063058252,0.088412729,0.116503014
an=4bn,108,27,183.288940,256.111631,331.110035,0.062856290,0.087829778,0.113549395
an=4bn,110,28,194.302924,266.182188,344.413690,0.063085365,0.086422788,0.111822627
an=4bn,112,28,196.131668,267.009499,348.360995,0.062541986,0.085143335,0.111084501
an=4bn,114,29,208.396667,276.299816,362.246018,0.063035894,0.083575262,0.109572298
an=4bn,116,29,212.148756,283.513595,365.764348,0.063064434,0.084278714,0.108728998
an=4bn,118,30,221.785904,292.323306,376.326375,0.062651385,0.082577205,0.106306886
an=4bn,120,30,223.926387,290.956269,378.824597,0.062201774,0.080821186,0.105229055
an=4bn,122,31,232.759305,307.153288,399.855585,0.061543973,0.081214513,0.105725961
an=4bn,124,31,234.975799,314.897861,403.140021,0.061127939,0.081919319,0.104875136
an=4bn,126,32,245.877863,334.219306,426.438210,0.060981613,0.082891693,0.105763445
an=4bn,128,32,256.900856,340.455503,433.441676,0.062719936,0.083119019,0.105820722
an=4bn,130,33,281.990428,353.161772,439.474153,0.065732034,0.082322091,0.102441528
an=4bn,132,33,270.726135,350.538946,446.105450,0.062150169,0.080472669,0.102411720
an=4bn,134,34,280.955838,360.858774,455.057065,0.061667216,0.079205174,0.099880831
an=4bn,136,34,282.741717,365.554839,460.214308,0.061146565,0.079055977,0.099527316
an=4bn,138,35,297.571005,374.062375,477.805203,0.061608904,0.077445626,0.098924473
an=4bn,140,35,299.106389,382.350102,485.198776,0.061042120,0.078030633,0.099020158
an=4bn,142,36,308.342008,401.275240,493.627138,0.060317294,0.078496722,0.096562429
an=4bn,144,36,310.599545,392.775628,490.075195,0.059915036,0.075766903,0.094536110
an=4bn,146,37,326.082899,413.148678,513.177989,0.060363365,0.076480688,0.094997777
an=4bn,148,37,332.955341,417.457083,525.836767,0.060802655,0.076233945,0.096025706
an=4bn,150,38,340.435122,424.263433,534.339311,0.059725460,0.074432181,0.093743739
an=4bn,152,38,343.212591,425.833286,535.148615,0.059420462,0.073724599,0.092650383
an=4bn,154,39,357.713878,441.557952,552.393382,0.059559420,0.073519473,0.091973590
an=4bn,156,39,360.834736,443.295254,556.832840,0.059308799,0.072862468,0.091524135
an=4bn,158,40,374.658616,461.482077,564.099738,0.059281427,0.073019316,0.089256288
an=4bn,160,40,379.932566,463.210899,565.077748,0.059364463,0.072376703,0.088293398
an=4bn,162,41,393.493880,496.101356,597.261545,0.059243282,0.074691562,0.089921943
an=4bn,164,41,425.494627,517.084993,604.997379,0.063279986,0.076901397,0.089975815
an=4bn,166,42,408.955027,500.200798,608.099194,0.058656774,0.071744234,0.087220194
an=4bn,168,42,410.083242,502.741811,611.486607,0.058118373,0.071250257,0.086661934
an=4bn,170,43,423.030828,518.161775,633.991976,0.057870154,0.070883964,0.086729409
an=4bn,172,43,427.773153,520.529869,636.242610,0.057838447,0.070379917,0.086025231
an=4bn,174,44,440.962735,535.075817,650.689224,0.057597013,0.069889736,0.084990756
an=4bn,176,44,443.498968,540.232759,655.138021,0.057270011,0.069761462,0.084599435
an=4bn,178,45,458.351220,552.455882,671.816741,0.057222374,0.068970772,0.083872252
an=4bn,180,45,464.918162,560.875930,680.355299,0.057397304,0.069243942,0.083994481
an=4bn,182,46,475.856850,570.252083,691.944393,0.056839089,0.068114200,0.082649832
an=4bn,184,46,480.501754,576.144555,694.947917,0.056770056,0.068070009,0.082106323
an=4bn,186,47,501.658422,603.344151,727.244186,0.057384857,0.069016718,0.083189680
an=4bn,188,47,527.784761,613.840074,735.584961,0.059731186,0.069470357,0.083248637
an=4bn,190,48,543.836886,629.577181,755.079750,0.059631237,0.069032586,0.082793832
an=4bn,192,48,542.568280,640.055697,758.038054,0.058872426,0.069450488,0.082252393
an=4bn,194,49,559.981399,671.116741,784.699219,0.058908205,0.070599278,0.082547782
an=4bn,196,49,557.032914,674.802833,790.441176,0.058000095,0.070262686,0.082303329
an=4bn,198,50,571.936547,680.323596,802.796741,0.057771368,0.068719555,0.081090580
an=4bn,200,50,588.076367,687.951870,811.237069,0.058807637,0.068795187,0.081123707
an=8bn,8,1,5.338284,14.790385,26.932554,0.667285457,1.848798115,3.366569188
an=8bn,10,1,8.322545,19.148859,31.592097,0.832254494,1.914885876,3.159209695
an=8bn,12,2,8.515760,19.893254,32.661877,0.354823326,0.828885585,1.360911558
an=8bn,14,2,10.193633,23.164927,37.576152,0.364058326,0.827318826,1.342005439
an=8bn,16,2,10.163486,23.300447,40.034172,0.317608930,0.728138979,1.251067881
an=8bn,18,2,12.712038,27.370768,44.647039,0.353112170,0.760299102,1.240195519
an=8bn,20,3,14.784330,32.212320,51.437226,0.246405494,0.536871994,0.857287095
an=8bn,22,3,16.847265,32.253300,51.675327,0.255261595,0.488686367,0.782959502
an=8bn,24,3,16.728936,32.102352,53.017648,0.232346336,0.445865993,0.736356218
an=8bn,26,3,17.189505,37.024181,59.195904,0.220378274,0.474668985,0.758921851
an=8bn,28,4,18.441065,42.475416,66.672086,0.164652367,0.379244787,0.595286482
an=8bn,30,4,21.538458,43.476791,66.756739,0.179487147,0.362306589,0.556306161
an=8bn,32,4,21.938326,42.209201,68.253571,0.171393174,0.329759380,0.533231022
an=8bn,34,4,23.612133,47.171969,74.239930,0.173618627,0.346852716,0.545881836
an=8bn,36,5,27.502851,53.049226,83.487060,0.152793616,0.294717921,0.463817002
an=8bn,38,5,28.300832,53.230402,82.635270,0.148951747,0.280160012,0.434922473
an=8bn,40,5,28.607974,54.404238,84.546635,0.143039868,0.272021190,0.422733177
an=8bn,42,5,32.584282,62.398599,95.095461,0.155163246,0.297136184,0.452835531
an=8bn,44,6,35.075535,64.723559,98.025862,0.132861877,0.245164998,0.371310084
an=8bn,46,6,36.540481,65.279315,98.491039,0.132393048,0.236519256,0.356851589
an=8bn,48,6,35.867217,62.798288,98.290160,0.124538949,0.218049611,0.341285277
an=8bn,50,6,39.958351,71.962323,110.481927,0.133194504,0.239874408,0.368273091
an=8bn,52,7,43.359223,74.387242,112.162119,0.119118745,0.204360556,0.308137689
an=8bn,54,7,43.878115,73.333244,112.665704,0.116079669,0.194003290,0.298057417
an=8bn,56,7,44.601585,74.687600,115.188153,0.113779553,0.190529591,0.293847328
an=8bn,58,7,46.511672,84.131278,126.077117,0.114560769,0.207219897,0.310534771
an=8bn,60,8,50.784955,85.547189,126.639929,0.105801990,0.178223310,0.263833186
an=8bn,62,8,52.012479,83.736866,125.856586,0.104863869,0.168824326,0.253743116
an=8bn,64,8,54.732213,84.447429,127.128811,0.106898854,0.164936385,0.248298459
an=8bn,66,8,55.971828,94.199454,140.212724,0.106007251,0.178408057,0.265554402
an=8bn,68,9,62.419503,102.109834,147.882049,0.101992652,0.166846134,0.241637334
an=8bn,70,9,64.227568,101.685907,150.045100,0.101948521,0.161406202,0.238166825
an=8bn,72,9,65.077680,106.512344,155.163636,0.100428519,0.164370901,0.239450056
an=8bn,74,9,70.087864,112.153895,164.375930,0.105237034,0.168399242,0.246810706
an=8bn,76,10,73.350127,114.523542,168.830823,0.096513325,0.150688872,0.222145820
an=8bn,78,10,78.381240,119.071463,175.134562,0.100488769,0.152655721,0.224531489
an=8bn,80,10,77.449757,116.538626,169.718976,0.096812197,0.145673282,0.212148720
an=8bn,82,10,78.687946,122.549020,178.196157,0.095960909,0.149450024,0.217312387
an=8bn,84,11,81.657284,125.674472,182.817495,0.088373683,0.136011334,0.197854432
an=8bn,86,11,86.407546,130.095527,189.353642,0.091339901,0.137521699,0.200162412
an=8bn,88,11,86.729909,131.244143,187.019360,0.089597013,0.135582793,0.193201818
an=8bn,90,11,87.842463,134.792744,198.306950,0.088729760,0.136154287,0.200310051
an=8bn,92,12,91.644673,142.067803,205.030704,0.083011479,0.128684604,0.185716218
an=8bn,94,12,98.348565,143.002811,207.426784,0.087188444,0.126775541,0.183888993
an=8bn,96,12,98.211158,144.899778,208.756389,0.085252742,0.125781057,0.181212143
an=8bn,98,12,100.286832,149.362709,216.977699,0.085277918,0.127009106,0.184504846
an=8bn,100,13,108.773456,155.595201,227.419113,0.083671889,0.119688616,0.174937779
an=8bn,102,13,112.390232,160.422917,231.111915,0.084758848,0.120982592,0.174292545
an=8bn,104,13,112.047566,158.850360,229.343979,0.082875418,0.117492869,0.169633121
an=8bn,106,13,116.498525,170.243534,244.365723,0.084541745,0.123543929,0.177333616
an=8bn,108,14,123.707165,175.427395,245.792621,0.081816908,0.116023409,0.162561257
an=8bn,110,14,126.754772,174.913771,246.832566,0.082308293,0.113580371,0.160280887
an=8bn,112,14,125.859941,175.837430,247.345888,0.080267820,0.112141218,0.157746102
an=8bn,114,14,130.821696,187.196981,259.013381,0.081968481,0.117291342,0.162289086
an=8bn,116,15,138.928796,190.900724,272.741188,0.079844136,0.109713060,0.156747809
an=8bn,118,15,141.550999,193.734633,271.617955,0.079972316,0.109454595,0.153456472
an=8bn,120,15,143.571018,192.714130,271.543804,0.079761677,0.107063405,0.150857669
an=8bn,122,15,148.054860,203.130141,284.472348,0.080904295,0.111000077,0.155449371
an=8bn,124,16,157.836227,211.827384,293.547070,0.079554550,0.106767835,0.147957193
an=8bn,126,16,158.040194,213.271733,293.797559,0.078392953,0.105789550,0.145732916
an=8bn,128,16,161.541900,214.765160,295.034886,0.078877881,0.104865801,0.144060003
an=8bn,130,16,163.743183,225.980572,307.954098,0.078722684,0.108644506,0.148054855
an=8bn,132,17,167.131951,240.850321,320.837991,0.074479479,0.107330802,0.142975932
an=8bn,134,17,173.279520,241.949742,324.947124,0.076066515,0.106211476,0.142645796
an=8bn,136,17,175.295736,250.953961,333.235151,0.075819955,0.108544101,0.144132851
an=8bn,138,17,178.432569,262.252008,345.137638,0.076058214,0.111786875,0.147117493
an=8bn,140,18,183.609650,260.931510,351.914092,0.072860972,0.103544250,0.139648449
an=8bn,142,18,189.599558,267.670317,350.384795,0.074178231,0.104722346,0.137083253
an=8bn,144,18,188.668322,265.313471,354.662146,0.072788705,0.102358592,0.136829532
an=8bn,146,18,187.100411,262.506459,351.009911,0.071194981,0.099888303,0.133565415
an=8bn,148,19,192.883214,271.513999,363.665940,0.068592892,0.096555476,0.129326437
an=8bn,150,19,198.449855,274.269280,366.784546,0.069631528,0.096234835,0.128696332
an=8bn,152,19,199.605984,277.502219,371.549654,0.069115645,0.096088026,0.128652927
an=8bn,154,19,202.367322,281.972504,375.015125,0.069161764,0.096367910,0.128166482
an=8bn,156,20,213.959425,289.778067,385.142674,0.068576739,0.092877586,0.123443165
an=8bn,158,20,216.788972,291.361995,387.766787,0.068604105,0.092203163,0.122711009
an=8bn,160,20,219.683402,294.639009,391.590495,0.068651063,0.092074690,0.122372030
an=8bn,162,20,222.958581,299.284932,396.457410,0.068814377,0.092371893,0.122363398
an=8bn,164,21,234.513594,308.771382,408.661005,0.068093378,0.089654873,0.118658829
an=8bn,166,21,236.445057,310.604719,409.545988,0.067827039,0.089100608,0.117483072
an=8bn,168,21,236.747159,313.798599,412.391310,0.067105204,0.088945181,0.116890961
an=8bn,170,21,245.014360,321.582834,424.029279,0.068631473,0.090079225,0.118775708
an=8bn,172,22,250.147000,327.245318,431.578412,0.066106501,0.086481321,0.114053491
an=8bn,174,22,252.800118,330.306338,435.017940,0.066039738,0.086286922,0.113641050
an=8bn,176,22,256.884503,330.563160,432.101238,0.066344138,0.085372717,0.111596394
an=8bn,178,22,260.128116,342.112500,446.934077,0.066426996,0.087362743,0.114130255
an=8bn,180,23,270.125359,352.690789,459.272104,0.065247671,0.085191012,0.110935291
an=8bn,182,23,274.689510,354.451887,468.447606,0.065621001,0.084675558,0.111908171
an=8bn,184,23,275.170088,356.593750,465.398670,0.065021287,0.084261283,0.109971330
an=8bn,186,23,278.076461,368.206985,477.309169,0.065001510,0.086069889,0.111572971
an=8bn,188,24,287.536984,391.081771,494.821875,0.063727168,0.086675924,0.109667969
an=8bn,190,24,290.196470,406.067911,508.093750,0.063639577,0.089049981,0.111424068
an=8bn,192,24,313.682379,401.679354,511.193784,0.068073433,0.087169999,0.110936151
an=8bn,194,24,301.705788,408.784918,518.281077,0.064799353,0.087797448,0.111314664
an=8bn,196,25,311.045323,427.269176,539.932292,0.063478637,0.087197791,0.110190264
an=8bn,198,25,309.884385,428.242295,540.862608,0.062602906,0.086513595,0.109265173
an=8bn,200,25,335.973214,444.033608,559.357329,0.067194643,0.088806722,0.111871466
bn=4,8,4,6.645029,16.204853,29.466049,0.207657166,0.506401666,0.920814039
bn=4,10,4,8.967300,20.873087,34.673412,0.224182508,0.521827172,0.866835302
bn=4,12,4,8.973551,24.821709,39.793758,0.186948970,0.517118931,0.829036624
bn=4,14,4,12.555160,24.956099,41.693975,0.224199292,0.445644618,0.744535270
bn=4,16,4,11.980222,24.463801,42.097426,0.187190972,0.382246894,0.657772289
bn=4,18,4,13.549092,30.337189,48.047723,0.188181838,0.421349842,0.667329493
bn=4,20,4,13.547868,33.114539,52.832254,0.169348356,0.413931740,0.660403169
bn=4,22,4,16.588602,33.545069,53.064711,0.188506846,0.381193970,0.603008076
bn=4,24,4,16.585779,33.240551,53.788744,0.172768527,0.346255737,0.560299419
bn=4,26,4,18.148108,37.690062,61.958058,0.174501037,0.362404445,0.595750559
bn=4,28,4,18.052206,43.059028,67.324861,0.161180408,0.384455605,0.601114830
bn=4,30,4,21.470553,42.779169,66.879926,0.178921277,0.356493071,0.557332717
bn=4,32,4,22.075001,42.709372,68.788082,0.172460949,0.333666970,0.537406893
bn=4,34,4,23.085703,47.579148,74.607747,0.169747815,0.349846674,0.548586372
bn=4,36,4,23.273781,53.297506,80.883755,0.161623477,0.370121567,0.561692746
bn=4,38,4,27.251262,52.419857,82.559777,0.179284621,0.344867483,0.543156425
bn=4,40,4,26.876621,51.395942,81.312907,0.167978882,0.321224636,0.508205666
bn=4,42,4,27.917461,55.281747,86.777983,0.166175360,0.329058021,0.516535615
bn=4,44,4,28.066279,59.719984,92.285956,0.159467493,0.339318091,0.524352022
bn=4,46,4,31.517132,61.633213,94.873136,0.171288763,0.334963113,0.515614868
bn=4,48,4,31.428407,60.148152,94.713415,0.163689619,0.313271624,0.493299039
bn=4,50,4,33.090740,64.647958,100.208467,0.165453698,0.323239792,0.501042334
bn=4,52,4,33.722604,69.414369,104.984987,0.162127905,0.333722928,0.504735516
bn=4,54,4,37.805078,68.675512,106.883044,0.175023510,0.317942187,0.494828907
bn=4,56,4,36.362725,69.784761,106.999216,0.162333595,0.311539111,0.477675072
bn=4,58,4,37.781036,73.275708,113.010693,0.162849293,0.315843569,0.487115055
bn=4,60,4,38.576229,77.821629,118.142081,0.160734287,0.324256786,0.492258672
bn=4,62,4,41.424912,78.001534,119.049175,0.167035934,0.314522314,0.480036996
bn=4,64,4,41.630509,78.917061,120.027339,0.162619176,0.308269770,0.468856792
bn=4,66,4,43.827001,84.033434,127.398607,0.166011366,0.318308463,0.482570482
bn=4,68,4,43.528334,87.658382,131.330620,0.160030639,0.322273463,0.482833161
bn=4,70,4,47.066563,87.206262,132.953169,0.168094868,0.311450934,0.474832747
bn=4,72,4,46.769670,87.388805,133.541474,0.162394686,0.303433350,0.463685674
bn=4,74,4,48.899456,91.955055,140.477872,0.165200864,0.310658970,0.474587407
bn=4,76,4,50.613077,95.856295,144.717496,0.166490384,0.315316759,0.476044395
bn=4,78,4,54.166522,96.837513,145.818964,0.173610648,0.310376644,0.467368474
bn=4,80,4,52.463819,97.954919,147.163940,0.163949433,0.306109122,0.459887313
bn=4,82,4,56.404540,102.167177,156.622235,0.171965061,0.311485297,0.477506814
bn=4,84,4,55.031030,105.160594,162.371107,0.163782827,0.312977959,0.483247343
bn=4,86,4,58.666041,108.977425,162.244431,0.170540818,0.316794839,0.471640788
bn=4,88,4,60.577600,109.942226,168.511950,0.172095455,0.312335869,0.478727131
bn=4,90,4,64.276516,114.153171,175.797577,0.178545879,0.317092141,0.488326603
bn=4,92,4,62.746321,118.080132,180.019374,0.170506307,0.320869925,0.489183081
bn=4,94,4,66.309693,119.471457,180.784863,0.176355567,0.317743237,0.480810805
bn=4,96,4,65.495417,117.595786,184.207453,0.170560982,0.306239027,0.479706910
bn=4,98,4,68.914929,122.593260,187.283932,0.175803391,0.312737908,0.477765133
bn=4,100,4,67.286653,126.563850,193.337049,0.168216632,0.316409624,0.483342622
bn=4,102,4,71.554729,125.991946,192.775218,0.175379238,0.308803790,0.472488280
bn=4,104,4,72.325631,126.467992,193.973915,0.173859691,0.304009596,0.466283450
bn=4,106,4,73.784717,130.889862,199.563431,0.174020558,0.308702505,0.470668469
bn=4,108,4,73.823844,135.096857,204.928152,0.170888527,0.312724206,0.474370723
bn=4,110,4,78.803887,135.647489,206.048146,0.179099742,0.308289748,0.468291240
bn=4,112,4,78.231417,137.642870,206.620595,0.174623698,0.307238550,0.461206685
bn=4,114,4,78.380978,140.678645,211.327140,0.171888111,0.308505801,0.463436710
bn=4,116,4,78.441289,144.015025,217.261908,0.169054501,0.310377209,0.468236871
bn=4,118,4,83.064714,144.343029,216.172595,0.175984564,0.305811502,0.457992786
bn=4,120,4,81.556332,141.917266,216.646507,0.169909024,0.295660970,0.451346889
bn=4,122,4,82.045658,148.854266,223.332143,0.168126349,0.305029233,0.457647834
bn=4,124,4,82.216668,151.833839,226.558197,0.165759412,0.306116611,0.456770559
bn=4,126,4,85.707038,152.267299,229.389899,0.170053648,0.302117657,0.455138689
bn=4,128,4,86.784054,151.490408,230.494011,0.169500106,0.295879703,0.450183615
bn=4,130,4,89.890071,157.173157,235.197838,0.172865521,0.302256072,0.452303535
bn=4,132,4,88.460259,161.434649,240.898478,0.167538370,0.305747442,0.456247117
bn=4,134,4,93.735764,161.898707,242.452035,0.174880157,0.302049826,0.452335886
bn=4,136,4,93.285790,161.519793,241.045308,0.171481231,0.296911385,0.443097994
bn=4,138,4,93.577875,166.563165,248.400215,0.169525137,0.301744864,0.450000389
bn=4,140,4,95.240872,169.874377,251.547922,0.170072986,0.303347102,0.449192718
bn=4,142,4,101.721224,169.537805,253.390287,0.179086662,0.298482051,0.446109660
bn=4,144,4,101.113820,170.091655,252.787130,0.175544826,0.295298013,0.438866546
bn=4,146,4,98.588690,178.474810,259.484807,0.168816249,0.305607551,0.444323299
bn=4,148,4,97.876174,180.049424,263.910025,0.165331376,0.304137541,0.445793960
bn=4,150,4,107.040596,178.632321,265.993183,0.178400994,0.297720536,0.443321972
bn=4,152,4,106.954924,180.580529,269.029280,0.175912705,0.297007449,0.442482369
bn=4,154,4,104.376251,187.240768,274.541210,0.169441967,0.303962286,0.445683782
bn=4,156,4,104.058719,190.281060,280.105877,0.166760768,0.304937596,0.448887623
bn=4,158,4,110.640625,189.190776,279.092081,0.175064280,0.299352494,0.441601394
bn=4,160,4,110.144770,188.574297,277.600314,0.172101203,0.294647339,0.433750491
bn=4,162,4,110.474198,196.497189,286.028487,0.170484873,0.303236402,0.441401986
bn=4,164,4,110.802354,200.596221,291.405765,0.168906027,0.305786922,0.444216105
bn=4,166,4,118.024568,199.859176,293.074414,0.177747843,0.300992734,0.441377130
bn=4,168,4,117.628646,200.370059,293.197754,0.175042629,0.298169730,0.436306181
bn=4,170,4,120.174336,205.161913,300.332069,0.176726964,0.301708696,0.441664807
bn=4,172,4,119.649793,206.493338,301.279647,0.173909582,0.300135666,0.437906464
bn=4,174,4,121.863474,210.060123,306.339373,0.175091198,0.301810522,0.440142777
bn=4,176,4,124.363851,209.862556,306.438011,0.176653198,0.298100221,0.435281265
bn=4,178,4,125.547733,219.598287,314.455163,0.176331085,0.308424561,0.441650510
bn=4,180,4,127.088965,220.322550,318.633051,0.176512452,0.306003542,0.442545904
bn=4,182,4,132.306682,220.223298,320.891318,0.181739948,0.302504530,0.440784778
bn=4,184,4,129.464569,220.829191,320.112308,0.175902947,0.300039662,0.434935201
bn=4,186,4,131.362614,227.952063,324.978482,0.176562653,0.306387182,0.436799035
bn=4,188,4,132.771305,231.588966,330.662412,0.176557586,0.307964051,0.439710654
bn=4,190,4,134.915962,228.528817,331.938163,0.177521003,0.300695812,0.436760740
bn=4,192,4,134.951574,228.659299,331.191571,0.175718195,0.297733462,0.431239025
bn=4,194,4,138.109904,234.113778,336.229167,0.177976681,0.301693013,0.433285009
bn=4,196,4,138.640925,238.016577,341.109545,0.176837915,0.303592572,0.435088706
bn=4,198,4,142.210085,238.362944,342.381957,0.179558188,0.300963313,0.432300451
bn=4,200,4,142.840896,237.770649,343.120096,0.178551120,0.297213311,0.428900120
bn=6,8,6,7.862162,16.703306,31.318481,0.163795041,0.347985540,0.652468348
bn=6,10,6,11.011463,25.283770,40.806027,0.183524379,0.421396165,0.680100450
bn=6,12,6,12.677827,25.231188,42.890139,0.176080932,0.350433163,0.595696374
bn=6,14,6,15.662118,25.254781,41.894004,0.186453784,0.300652149,0.498738144
bn=6,16,6,14.156118,25.573096,44.399740,0.147459561,0.266386413,0.462497287
bn=6,18,6,16.388585,35.497043,55.223995,0.151746156,0.328676324,0.511333288
bn=6,20,6,17.592835,34.525750,54.887617,0.146606960,0.287714585,0.457396809
bn=6,22,6,19.355524,34.476815,54.178636,0.146632754,0.261187994,0.410444211
bn=6,24,6,19.305262,34.419989,56.598955,0.134064318,0.239027698,0.393048300
bn=6,26,6,21.458364,43.458816,67.993156,0.137553617,0.278582154,0.435853566
bn=6,28,6,22.876631,44.681128,70.085295,0.136170426,0.265959095,0.417174376
bn=6,30,6,24.528446,43.355552,69.669437,0.136269146,0.240864176,0.387052429
bn=6,32,6,24.468057,45.793961,71.535874,0.127437796,0.238510211,0.372582679
bn=6,34,6,26.795522,53.358530,82.869755,0.131350598,0.261561422,0.406224289
bn=6,36,6,29.166330,52.946287,83.490678,0.135029304,0.245121701,0.386530916
bn=6,38,6,30.171955,52.756661,89.172558,0.132333138,0.231388865,0.391107712
bn=6,40,6,30.260891,52.843204,84.982875,0.126087044,0.220180018,0.354095312
bn=6,42,6,33.067392,63.119406,95.815022,0.131219811,0.250473834,0.380218340
bn=6,44,6,34.320564,62.945323,96.850788,0.130002137,0.238429254,0.366859044
bn=6,46,6,36.109237,62.620244,97.822406,0.130830567,0.226884941,0.354429008
bn=6,48,6,35.963644,62.783091,99.039830,0.124873762,0.217996843,0.343888298
bn=6,50,6,38.672964,71.833724,109.952447,0.128909880,0.239445747,0.366508157
bn=6,52,6,40.528346,71.782111,111.120890,0.129898546,0.230070868,0.356156699
bn=6,54,6,41.727734,72.136587,110.855607,0.128789303,0.222643786,0.342146936
bn=6,56,6,42.281785,71.675984,112.975188,0.125838647,0.213321382,0.336235679
bn=6,58,6,44.069725,81.549810,123.469408,0.126637141,0.234338534,0.354797149
bn=6,60,6,46.480246,82.824398,124.054315,0.129111795,0.230067773,0.344595321
bn=6,62,6,47.500649,81.624864,124.293295,0.127689917,0.219421677,0.334121760
bn=6,64,6,47.729532,81.696211,126.123362,0.124295657,0.212750549,0.328446255
bn=6,66,6,54.956239,91.935110,136.990237,0.138778381,0.232159369,0.345934942
bn=6,68,6,52.588895,90.866703,136.948175,0.128894351,0.222712507,0.335657292
bn=6,70,6,54.176271,90.927689,137.691401,0.128991121,0.216494498,0.327836668
bn=6,72,6,53.028157,91.670088,140.013246,0.122750363,0.212199278,0.324104737
bn=6,74,6,57.365119,100.529006,155.458868,0.129200717,0.226416680,0.350132586
bn=6,76,6,58.257822,100.196381,151.176479,0.127758382,0.219728905,0.331527367
bn=6,78,6,60.466292,100.406953,151.366230,0.129201478,0.214544771,0.323432115
bn=6,80,6,60.014855,101.640202,153.606639,0.125030948,0.211750420,0.320013831
bn=6,82,6,62.557163,111.499405,173.596349,0.127148706,0.226624808,0.352838108
bn=6,84,6,81.392442,136.458394,224.395410,0.161492941,0.270750782,0.445228987
bn=6,86,6,85.136258,112.522370,169.990149,0.164992748,0.218066608,0.329438274
bn=6,88,6,67.473314,114.257156,170.993739,0.127790367,0.216396129,0.323851778
bn=6,90,6,68.391024,119.413446,181.197394,0.126650044,0.221136012,0.335550729
bn=6,92,6,71.111709,120.247716,182.025254,0.128825559,0.217840066,0.329755896
bn=6,94,6,72.494301,118.769620,182.005269,0.128535994,0.210584433,0.322704377
bn=6,96,6,72.738339,119.951007,183.183167,0.126281838,0.208248276,0.318026331
bn=6,98,6,75.709090,130.088592,194.553423,0.128756956,0.221239102,0.330873169
bn=6,100,6,76.632812,129.341034,194.922102,0.127721354,0.215568391,0.324870171
bn=6,102,6,78.421117,129.251291,196.336689,0.128139080,0.211194920,0.320811584
bn=6,104,6,78.167552,129.758169,197.398092,0.125268513,0.207945784,0.316343096
bn=6,106,6,80.734052,139.019259,208.394583,0.126940334,0.218583741,0.327664439
bn=6,108,6,83.252967,138.326512,207.717713,0.128476801,0.213466839,0.320552026
bn=6,110,6,85.122902,139.514555,209.583496,0.128974093,0.211385690,0.317550752
bn=6,112,6,85.077161,137.782902,208.582431,0.126602918,0.205034080,0.310390522
bn=6,114,6,86.760580,147.267661,221.991726,0.126842954,0.215303598,0.324549307
bn=6,116,6,89.317351,146.849814,221.039926,0.128329528,0.210991112,0.317586101
bn=6,118,6,90.825720,148.403036,221.793366,0.128284915,0.209608808,0.313267466
bn=6,120,6,91.050728,147.216052,223.189801,0.126459345,0.204466739,0.309985835
bn=6,122,6,93.073072,159.399353,234.848672,0.127149005,0.217758679,0.320831519
bn=6,124,6,94.228046,156.607053,232.137376,0.126650600,0.210493351,0.312012602
bn=6,126,6,96.492831,156.366927,233.086383,0.127636019,0.206834560,0.308315322
bn=6,128,6,96.188846,155.927481,234.403203,0.125245893,0.203030575,0.305212504
bn=6,130,6,98.989517,164.790861,243.295903,0.126909638,0.211270335,0.311917825
bn=6,132,6,101.218514,165.280535,246.504265,0.127801154,0.208687544,0.311242759
bn=6,134,6,102.776082,165.263424,245.522170,0.127830947,0.205551523,0.305375833
bn=6,136,6,102.960792,165.497961,246.266896,0.126177441,0.202816128,0.301797667
bn=6,138,6,106.185624,173.896991,257.229366,0.128243508,0.210020520,0.310663486
bn=6,140,6,107.638526,175.856742,256.659153,0.128141103,0.209353264,0.305546611
bn=6,142,6,110.146200,176.015185,260.348425,0.129279578,0.206590593,0.305573268
bn=6,144,6,109.691630,174.344389,258.621643,0.126957905,0.201787487,0.299330605
bn=6,146,6,112.803373,185.724196,271.880797,0.128770974,0.212013922,0.310366207
bn=6,148,6,114.438491,184.111458,268.910011,0.128872174,0.207332723,0.302826589
bn=6,150,6,116.343479,184.943972,271.712970,0.129270532,0.205493302,0.301903300
bn=6,152,6,115.241247,184.513814,271.426120,0.126361016,0.202317778,0.297616360
bn=6,154,6,118.205959,194.223861,280.710236,0.127928527,0.210198984,0.303798956
bn=6,156,6,117.569510,193.353222,283.031250,0.125608451,0.206573955,0.302383814
bn=6,158,6,121.948635,194.336633,284.574811,0.128637800,0.204996448,0.300184399
bn=6,160,6,122.752086,194.858078,285.811835,0.127866756,0.202977165,0.297720662
bn=6,162,6,124.285844,206.555066,304.654627,0.127866095,0.212505212,0.313430686
bn=6,164,6,151.378881,259.756060,390.844271,0.153840326,0.263979735,0.397199462
bn=6,166,6,163.294511,230.514358,348.067130,0.163950312,0.231440119,0.349464990
bn=6,168,6,147.273057,220.918676,308.889803,0.146104224,0.219165354,0.306438296
bn=6,170,6,141.988323,261.592183,324.669766,0.139204238,0.256462925,0.318303693
bn=6,172,6,136.582787,265.452331,447.183036,0.132347662,0.257221250,0.433316895
bn=6,174,6,155.627177,265.235043,325.984592,0.149068177,0.254056555,0.312245778
bn=6,176,6,139.032639,220.315948,316.671822,0.131659696,0.208632526,0.299878620
bn=6,178,6,141.321819,224.710003,323.719720,0.132323800,0.210402625,0.303108352
bn=6,180,6,158.053399,274.630939,329.508772,0.146345739,0.254287907,0.305100715
bn=6,182,6,140.206138,224.925285,332.603391,0.128393899,0.205975536,0.304581860
bn=6,184,6,158.417071,225.993449,326.464518,0.143493724,0.204704211,0.295710614
bn=6,186,6,153.635331,239.448182,342.429973,0.137666068,0.214559303,0.306836893
bn=6,188,6,149.632376,237.563687,338.931521,0.132652816,0.210606105,0.300471206
bn=6,190,6,147.748278,237.842009,339.587094,0.129603752,0.208633342,0.297883416
bn=6,192,6,148.053381,234.036471,338.315985,0.128518560,0.203156659,0.293677070
bn=6,194,6,150.754220,304.498985,478.953763,0.129513935,0.261597066,0.411472305
bn=6,196,6,177.834339,276.637353,349.628020,0.151219676,0.235235844,0.297302738
bn=6,198,6,154.628192,246.293143,352.514333,0.130158411,0.207317460,0.296729236
bn=6,200,6,155.475798,249.204493,354.819340,0.129563165,0.207670411,0.295682783
bn=8,8,8,8.737858,17.453474,32.228655,0.136529035,0.272710532,0.503572728
bn=8,10,8,12.795401,25.351125,42.631435,0.159942518,0.316889066,0.532892933
bn=8,12,8,13.322439,25.788736,43.619797,0.138775401,0.268632666,0.454372880
bn=8,14,8,15.199771,26.626322,45.205686,0.135712241,0.237735022,0.403622201
bn=8,16,8,15.585787,26.166533,44.496633,0.121763960,0.204426039,0.347629947
bn=8,18,8,18.205164,35.420771,58.148113,0.126424749,0.245977577,0.403806340
bn=8,20,8,19.182571,35.684614,58.366969,0.119891068,0.223028836,0.364793555
bn=8,22,8,20.385892,36.577528,58.838280,0.115828934,0.207826862,0.334308411
bn=8,24,8,21.412009,35.921576,57.733817,0.111520880,0.187091540,0.300696963
bn=8,26,8,23.828788,47.016847,71.769654,0.114561481,0.226042536,0.345046412
bn=8,28,8,25.614925,47.999824,73.192843,0.114352343,0.214284929,0.326753761
bn=8,30,8,27.578134,47.563609,74.125519,0.114908892,0.198181705,0.308856328
bn=8,32,8,27.309396,44.377100,69.240907,0.106677328,0.173348047,0.270472291
bn=8,34,8,28.939632,54.006174,82.630589,0.106395704,0.198552112,0.303788931
bn=8,36,8,30.975192,54.254196,83.535007,0.107552750,0.188382624,0.290052107
bn=8,38,8,32.626250,54.663352,83.974737,0.107323192,0.179813659,0.276232688
bn=8,40,8,32.744544,53.203797,82.641079,0.102326701,0.166261867,0.258253373
bn=8,42,8,35.220006,65.953806,97.645552,0.104821447,0.196291090,0.290611760
bn=8,44,8,37.115635,64.102508,98.824849,0.105442145,0.182109397,0.280752411
bn=8,46,8,38.962038,64.500989,99.164170,0.105875103,0.175274426,0.269467853
bn=8,48,8,40.006693,62.406500,98.201669,0.104184095,0.162516926,0.255733513
bn=8,50,8,41.730231,73.259814,110.410515,0.104325578,0.183149536,0.276026287
bn=8,52,8,43.183873,73.808369,111.302825,0.103807386,0.177423965,0.267554867
bn=8,54,8,46.839130,75.308509,113.165486,0.108423911,0.174325252,0.261957142
bn=8,56,8,45.762582,72.973784,119.481807,0.102148621,0.162887911,0.266700463
bn=8,58,8,47.293589,82.960185,124.237293,0.101925839,0.178793501,0.267752787
bn=8,60,8,50.472837,82.993999,125.211615,0.105151744,0.172904164,0.260857532
bn=8,62,8,51.922446,83.346722,126.126344,0.104682351,0.168037746,0.254286984
bn=8,64,8,53.312820,81.932451,126.404692,0.104126601,0.160024318,0.246884163
bn=8,66,8,55.133800,91.759510,137.142909,0.104420076,0.173786950,0.259740359
bn=8,68,8,56.358023,91.846903,137.284087,0.103599307,0.168836218,0.252360454
bn=8,70,8,58.225365,93.757531,138.967778,0.103973866,0.167424163,0.248156746
bn=8,72,8,58.608242,90.844840,135.879574,0.101750420,0.157716736,0.235902039
bn=8,74,8,60.523342,101.976053,152.332336,0.102235374,0.172256846,0.257318135
bn=8,76,8,64.761999,101.219492,150.904240,0.106516446,0.166479427,0.248197764
bn=8,78,8,65.052531,102.981785,152.341518,0.104250851,0.165034912,0.244137048
bn=8,80,8,66.361266,102.110854,150.791449,0.103689478,0.159548210,0.235611639
bn=8,82,8,67.899869,112.167763,167.381852,0.103505897,0.170987444,0.255155262
bn=8,84,8,70.712245,110.391397,165.172425,0.105226556,0.164272912,0.245792299
bn=8,86,8,72.370587,112.308084,169.878963,0.105189807,0.163238494,0.246917097
bn=8,88,8,73.096307,110.305551,168.232975,0.103829982,0.156684022,0.238967294
bn=8,90,8,74.816712,121.206193,181.069860,0.103912099,0.168341935,0.251485917
bn=8,92,8,77.630174,121.061895,181.889353,0.105475780,0.164486271,0.247132273
bn=8,94,8,78.417721,122.202026,182.961562,0.104278884,0.162502695,0.243299949
bn=8,96,8,79.737511,119.790589,185.204019,0.103824884,0.155977330,0.241151066
bn=8,98,8,81.490362,130.847062,196.252877,0.103941788,0.166896763,0.250322547
bn=8,100,8,84.378541,131.027627,197.136029,0.105473176,0.163784534,0.246420037
bn=8,102,8,86.641130,131.075288,199.682646,0.106177855,0.160631480,0.244709125
bn=8,104,8,86.598944,130.673094,197.224790,0.104085269,0.157059007,0.237049026
bn=8,106,8,89.560709,141.128148,210.624439,0.105614044,0.166424703,0.248377877
bn=8,108,8,91.546524,142.685125,213.440412,0.105956625,0.165144821,0.247037514
bn=8,110,8,93.086713,142.889507,214.979405,0.105780355,0.162374440,0.244294778
bn=8,112,8,94.093969,144.642142,211.842974,0.105015591,0.161430962,0.236431891
bn=8,114,8,96.664691,150.952020,224.975644,0.105991985,0.165517565,0.246683821
bn=8,116,8,98.999175,153.045167,225.074715,0.106680146,0.164919361,0.242537409
bn=8,118,8,99.928980,152.100182,227.461562,0.105856971,0.161123075,0.240955044
bn=8,120,8,100.438771,150.863947,224.158040,0.104623720,0.157149945,0.233497958
bn=8,122,8,102.188860,158.713145,235.043311,0.104701701,0.162615927,0.240823065
bn=8,124,8,104.085461,160.552815,238.337342,0.104924859,0.161847595,0.240259417
bn=8,126,8,105.804185,159.841088,237.306976,0.104964470,0.158572508,0.235423587
bn=8,128,8,106.310622,159.374894,234.438516,0.103818967,0.155639545,0.228943863
bn=8,130,8,111.441360,168.656250,249.405918,0.107155154,0.162169471,0.239813382
bn=8,132,8,111.955325,168.437219,248.919595,0.106018300,0.159504943,0.235719314
bn=8,134,8,114.216314,168.768267,251.885305,0.106545069,0.157433085,0.234967635
bn=8,136,8,115.424969,168.365855,249.374335,0.106089126,0.154748029,0.229204352
bn=8,138,8,117.907389,177.585346,262.153195,0.106800171,0.160856291,0.237457604
bn=8,140,8,119.947770,178.353375,279.946175,0.107096223,0.159244084,0.249951942
bn=8,142,8,125.543968,180.421334,265.580737,0.110514056,0.158821597,0.233785860
bn=8,144,8,125.055958,182.946333,264.331514,0.108555519,0.158807581,0.229454439
bn=8,146,8,133.864390,189.766477,275.428977,0.114609923,0.162471299,0.235812481
bn=8,148,8,127.536812,190.616298,279.938619,0.107716902,0.160993495,0.236434645
bn=8,150,8,126.964860,187.148266,274.202485,0.105804050,0.155956888,0.228502071
bn=8,152,8,127.278833,184.307711,271.668714,0.104670093,0.151568841,0.223411771
bn=8,154,8,128.822201,193.593363,282.722892,0.104563475,0.157137470,0.229482867
bn=8,156,8,129.597505,193.631443,283.843750,0.103844155,0.155153400,0.227438902
bn=8,158,8,131.689387,195.906576,287.812117,0.104184642,0.154989380,0.227699459
bn=8,160,8,134.617782,195.747064,284.965900,0.105170142,0.152927394,0.222629610
bn=8,162,8,136.689231,205.346479,297.989881,0.105470086,0.158446357,0.229930464
bn=8,164,8,139.929384,206.106662,301.596965,0.106653494,0.157093492,0.229875736
bn=8,166,8,139.340267,206.176786,300.547977,0.104924900,0.155253604,0.226316248
bn=8,168,8,140.838213,204.248434,298.009722,0.104790337,0.151970561,0.221733424
bn=8,170,8,143.637682,212.573035,308.356455,0.105615943,0.156303702,0.226732687
bn=8,172,8,145.937792,214.548842,310.540459,0.106059442,0.155922123,0.225683473
bn=8,174,8,148.541733,217.719403,313.470625,0.106711015,0.156407617,0.225194415
bn=8,176,8,147.984276,215.723851,309.905116,0.105102469,0.153212962,0.220103065
bn=8,178,8,150.579053,222.116800,321.965646,0.105743717,0.155980899,0.226099471
bn=8,180,8,152.336952,226.428012,323.458405,0.105789550,0.157241675,0.224623892
bn=8,182,8,154.042231,224.934278,331.878313,0.105798236,0.154487828,0.227938402
bn=8,184,8,153.038540,226.244654,321.620291,0.103966399,0.153698814,0.218492046
bn=8,186,8,156.189060,233.553249,330.963468,0.104965766,0.156957829,0.222421686
bn=8,188,8,157.228224,235.431704,334.922098,0.104540043,0.156537037,0.222687565
bn=8,190,8,159.044809,237.286458,335.993415,0.104634743,0.156109512,0.221048299
bn=8,192,8,160.426122,233.854582,337.047267,0.104444090,0.152249077,0.219431814
bn=8,194,8,164.293673,246.077838,357.069867,0.105859326,0.158555308,0.230070791
bn=8,196,8,165.075979,242.806282,347.338310,0.105278048,0.154850945,0.221516779
bn=8,198,8,175.208722,245.877045,351.563436,0.110611567,0.155225407,0.221946614
bn=8,200,8,167.804282,244.491292,378.320943,0.104877676,0.152807058,0.236450589
bn=10,8,10,12.097060,25.379678,43.309339,0.151213256,0.317245977,0.541366736
bn=10,10,10,15.306842,29.558451,50.126319,0.153068418,0.295584509,0.501263195
bn=10,12,10,15.499778,30.262770,50.918719,0.129164815,0.252189753,0.424322662
bn=10,14,10,17.117497,35.125035,54.541176,0.122267836,0.250893108,0.389579827
bn=10,16,10,18.560174,36.613530,56.269759,0.116001089,0.228834562,0.351685991
bn=10,18,10,21.372315,41.234774,61.602764,0.118735081,0.229082075,0.342237576
bn=10,20,10,21.869832,41.034067,63.500825,0.109349159,0.205170336,0.317504126
bn=10,22,10,23.995961,46.397374,68.334799,0.109072549,0.210897157,0.310612721
bn=10,24,10,25.126114,49.117208,70.569107,0.104692140,0.204655033,0.294037948
bn=10,26,10,27.801771,51.463896,75.497484,0.106929890,0.197938062,0.290374938
bn=10,28,10,28.237843,51.878699,76.701094,0.100849438,0.185281067,0.273932477
bn=10,30,10,32.820397,56.977199,84.364152,0.109401324,0.189923995,0.281213841
bn=10,32,10,32.595825,57.623502,83.428103,0.101861952,0.180073443,0.260712821
bn=10,34,10,36.542174,60.652126,88.917773,0.107476981,0.178388607,0.261522860
bn=10,36,10,35.306876,61.339989,90.030410,0.098074655,0.170388859,0.250084473
bn=10,38,10,38.353937,66.364384,96.878939,0.100931412,0.174643117,0.254944575
bn=10,40,10,40.159556,66.407600,98.047773,0.100398889,0.166019000,0.245119432
bn=10,42,10,41.726900,70.935893,103.920819,0.099349761,0.168894982,0.247430523
bn=10,44,10,43.629464,70.971092,105.328528,0.099157873,0.161297936,0.239383019
bn=10,46,10,46.394127,76.888166,111.491974,0.100856798,0.167148187,0.242373856
bn=10,48,10,47.322039,77.377321,113.660644,0.098587581,0.161202751,0.236793008
bn=10,50,10,53.904867,81.465628,119.383985,0.107809734,0.162931255,0.238767971
bn=10,52,10,49.642701,81.261969,123.956655,0.095466733,0.156273018,0.238378182
bn=10,54,10,55.452062,87.099408,126.022387,0.102689004,0.161295200,0.233374792
bn=10,56,10,53.484402,88.456103,127.717134,0.095507860,0.157957326,0.228066311
bn=10,58,10,56.536374,91.832793,132.734530,0.097476506,0.158332401,0.228852637
bn=10,60,10,56.680963,91.553986,132.441340,0.094468271,0.152589976,0.220735567
bn=10,62,10,61.371728,94.945407,138.558161,0.098986658,0.153137754,0.223480905
bn=10,64,10,61.139443,95.985542,140.055317,0.095530380,0.149977410,0.218836433
bn=10,66,10,63.170328,100.328676,144.155914,0.095712619,0.152013146,0.218418051
bn=10,68,10,63.205505,100.619367,147.032426,0.092949271,0.147969657,0.216224155
bn=10,70,10,67.454159,104.582462,152.056017,0.096363085,0.149403518,0.217222881
bn=10,72,10,68.568942,106.909243,155.306973,0.095234642,0.148485060,0.215704129
bn=10,74,10,71.639419,111.195794,159.649128,0.096810026,0.150264586,0.215742065
bn=10,76,10,70.828054,113.179094,164.015243,0.093194808,0.148919860,0.215809530
bn=10,78,10,74.608990,117.044359,169.406983,0.095652551,0.150056870,0.217188440
bn=10,80,10,76.012181,116.742343,169.828775,0.095015226,0.145927929,0.212285969
bn=10,82,10,79.684394,119.775782,177.383388,0.097176090,0.146068027,0.216321205
bn=10,84,10,77.957502,120.254167,178.607857,0.092806550,0.143159722,0.212628401
bn=10,86,10,82.291804,125.807096,185.189164,0.095688144,0.146287321,0.215336237
bn=10,88,10,83.052785,128.720679,186.258557,0.094378164,0.146273499,0.211657451
bn=10,90,10,85.714151,129.921832,191.017884,0.095237946,0.144357591,0.212242094
bn=10,92,10,84.315170,130.109830,190.991090,0.091646924,0.141423728,0.207599010
bn=10,94,10,89.615419,133.723647,196.307270,0.095335552,0.142259199,0.208837521
bn=10,96,10,89.839649,134.444216,198.626920,0.093582968,0.140046058,0.206903042
bn=10,98,10,93.161122,139.661319,204.350763,0.095062370,0.142511550,0.208521186
bn=10,100,10,92.488042,142.002033,206.100412,0.092488042,0.142002033,0.206100412
bn=10,102,10,99.436113,143.643903,212.123232,0.097486385,0.140827356,0.207963953
bn=10,104,10,97.337785,145.597389,214.123359,0.093594024,0.139997490,0.205887845
bn=10,106,10,99.875599,149.418591,218.464535,0.094222263,0.140960935,0.206098618
bn=10,108,10,99.580812,152.727606,226.663345,0.092204456,0.141414450,0.209873468
bn=10,110,10,107.488044,158.307757,236.965523,0.097716404,0.143916143,0.215423202
bn=10,112,10,107.394437,159.028337,232.952699,0.095887890,0.141989586,0.207993481
bn=10,114,10,114.621829,164.657182,237.301452,0.100545464,0.144436125,0.208159168
bn=10,116,10,114.113937,164.549561,236.927478,0.098374084,0.141853070,0.204247826
bn=10,118,10,118.567991,168.329275,243.490528,0.100481349,0.142651928,0.206347905
bn=10,120,10,119.148745,168.528838,244.171631,0.099290621,0.140440698,0.203476359
bn=10,122,10,117.346331,171.467836,247.232155,0.096185518,0.140547406,0.202649307
bn=10,124,10,120.820755,170.896232,247.331826,0.097436093,0.137819542,0.199461150
bn=10,126,10,126.639929,176.902182,253.705068,0.100507880,0.140398557,0.201353228
bn=10,128,10,121.358506,176.694621,253.946284,0.094811333,0.138042673,0.198395534
bn=10,130,10,123.660120,179.864045,257.847442,0.095123169,0.138356957,0.198344186
bn=10,132,10,122.992546,181.219715,260.422957,0.093176171,0.137287663,0.197290119
bn=10,134,10,130.103329,186.064732,266.838778,0.097092036,0.138854278,0.199133417
bn=10,136,10,132.210299,186.401031,267.716702,0.097213455,0.137059582,0.196850516
bn=10,138,10,129.933085,190.477941,273.572886,0.094154410,0.138027494,0.198241222
bn=10,140,10,130.090283,190.831364,273.937044,0.092921630,0.136308117,0.195669317
bn=10,142,10,136.836188,195.871281,280.771145,0.096363513,0.137937522,0.197726159
bn=10,144,10,138.961759,195.748434,280.758982,0.096501222,0.135936413,0.194971515
bn=10,146,10,139.250139,202.144599,288.076208,0.095376808,0.138455205,0.197312471
bn=10,148,10,138.770987,200.618256,287.214354,0.093764181,0.135552876,0.194063753
bn=10,150,10,143.509509,206.627478,292.299942,0.095673006,0.137751652,0.194866628
bn=10,152,10,143.873850,205.709498,293.695801,0.094653848,0.135335196,0.193220922
bn=10,154,10,146.529883,211.351774,305.579703,0.095149275,0.137241411,0.198428378
bn=10,156,10,147.073178,214.074772,300.184006,0.094277678,0.137227418,0.192425645
bn=10,158,10,151.840362,217.360315,305.411340,0.096101495,0.137569820,0.193298316
bn=10,160,10,153.105424,216.389041,311.189466,0.095690890,0.135243151,0.194493416
bn=10,162,10,156.019707,220.814412,312.071429,0.096308461,0.136305192,0.192636684
bn=10,164,10,155.993188,219.926083,310.840025,0.095117798,0.134101270,0.189536601
bn=10,166,10,158.665503,224.504785,318.903168,0.095581629,0.135243846,0.192110342
bn=10,168,10,157.223461,228.252357,328.798951,0.093585393,0.135864498,0.195713661
bn=10,170,10,163.443706,233.061492,326.323242,0.096143357,0.137094995,0.191954848
bn=10,172,10,162.100982,228.458714,325.448638,0.094244757,0.132824833,0.189214324
bn=10,174,10,167.725291,233.490127,330.988776,0.096393845,0.134189728,0.190223435
bn=10,176,10,165.292088,232.903769,331.927120,0.093915959,0.132331687,0.188594955
bn=10,178,10,167.880534,238.931298,336.122536,0.094314907,0.134231066,0.188832885
bn=10,180,10,168.884330,239.034828,338.279901,0.093824628,0.132797127,0.187933278
bn=10,182,10,171.467265,244.958796,347.644329,0.094212783,0.134592745,0.191013367
bn=10,184,10,173.745081,245.432019,344.677275,0.094426674,0.133386967,0.187324606
bn=10,186,10,177.073526,251.706518,351.355805,0.095200820,0.135326085,0.188900971
bn=10,188,10,177.000236,250.529333,352.664944,0.094149062,0.133260284,0.187587736
bn=10,190,10,180.465505,252.601983,355.629616,0.094981845,0.132948412,0.187173482
bn=10,192,10,180.363762,254.090532,358.733898,0.093939459,0.132338819,0.186840572
bn=10,194,10,185.100284,257.979052,364.069889,0.095412517,0.132978893,0.187664891
bn=10,196,10,185.935582,258.588757,365.067485,0.094865093,0.131933039,0.186258921
bn=10,198,10,189.642803,265.266596,368.537255,0.095779193,0.133973028,0.186129927
bn=10,200,10,191.068292,266.447354,370.890069,0.095534146,0.133223677,0.185445035
bn=12,8,12,13.120281,25.747023,42.997650,0.136669598,0.268198152,0.447892189
bn=12,10,12,15.303726,30.967955,49.639211,0.127531049,0.258066294,0.413660088
bn=12,12,12,15.779099,35.929741,55.235258,0.109577076,0.249512093,0.383578183
bn=12,14,12,19.612666,36.431284,55.456867,0.116742060,0.216852881,0.330100400
bn=12,16,12,19.978898,37.006487,57.398696,0.104056761,0.192742119,0.298951540
bn=12,18,12,22.435548,42.074249,63.453632,0.103868279,0.194788188,0.293766817
bn=12,20,12,28.617505,47.139313,68.433417,0.119239602,0.196413805,0.285139237
bn=12,22,12,26.710479,46.890359,68.571455,0.101176057,0.177614998,0.259740359
bn=12,24,12,26.794084,48.160166,71.235621,0.093035014,0.167222800,0.247345905
bn=12,26,12,28.575234,51.839276,76.375789,0.091587289,0.166151525,0.244794195
bn=12,28,12,29.628673,57.664149,83.275200,0.088180574,0.171619491,0.247842857
bn=12,30,12,33.785822,57.949088,84.825780,0.093849506,0.160969690,0.235627166
bn=12,32,12,33.995207,58.054586,84.959069,0.088529185,0.151183817,0.221247576
bn=12,34,12,36.355067,62.413382,92.308163,0.089105557,0.152973974,0.226245498
bn=12,36,12,36.588995,67.093929,97.218556,0.084696747,0.155310020,0.225042953
bn=12,38,12,43.055297,67.944090,100.145244,0.094419512,0.149000197,0.219616763
bn=12,40,12,42.016731,69.936428,100.650952,0.087534856,0.145700892,0.209689484
bn=12,42,12,43.946857,72.725630,107.043450,0.087196146,0.144296885,0.212387798
bn=12,44,12,44.229083,77.853345,112.388361,0.083767203,0.147449518,0.212856744
bn=12,46,12,49.689007,78.411423,113.604570,0.090016317,0.142049680,0.205805381
bn=12,48,12,49.459421,80.965862,115.968595,0.085867051,0.140565733,0.201334367
bn=12,50,12,52.287036,86.018377,122.855735,0.087145061,0.143363962,0.204759558
bn=12,52,12,51.635652,88.793561,127.439411,0.082749442,0.142297373,0.204229825
bn=12,54,12,56.672073,88.673913,129.068303,0.087456903,0.136842458,0.199179480
bn=12,56,12,57.057919,90.066673,129.403233,0.084907617,0.134027787,0.192564334
bn=12,58,12,60.306330,94.314259,136.696520,0.086647026,0.135508993,0.196403046
bn=12,60,12,59.969289,98.865747,141.638076,0.083290680,0.137313537,0.196719550
bn=12,62,12,65.388380,100.019156,143.712959,0.087887608,0.134434350,0.193162580
bn=12,64,12,67.780076,101.658552,145.153444,0.088255307,0.132367907,0.189001881
bn=12,66,12,71.584256,108.688188,150.730557,0.090384161,0.137232561,0.190316359
bn=12,68,12,67.669169,109.570057,156.539128,0.082927904,0.134277031,0.191837166
bn=12,70,12,73.401897,110.076401,158.081334,0.087383211,0.131043335,0.188192064
bn=12,72,12,73.765514,112.427758,160.841123,0.085376753,0.130124720,0.186158708
bn=12,74,12,76.423492,116.003399,167.312110,0.086062491,0.130634459,0.188414538
bn=12,76,12,76.105190,122.392298,172.283200,0.083448673,0.134202081,0.188907017
bn=12,78,12,82.184542,120.588649,172.979762,0.087803998,0.128834026,0.184807439
bn=12,80,12,82.599972,122.299299,174.949977,0.086041638,0.127395103,0.182239559
bn=12,82,12,83.858201,127.200542,184.919317,0.085221749,0.129268844,0.187926135
bn=12,84,12,84.239134,132.277988,185.723577,0.083570570,0.131228163,0.184249580
bn=12,86,12,90.010887,131.008816,186.990040,0.087219851,0.126946527,0.181191899
bn=12,88,12,91.135569,132.018592,192.792544,0.086302622,0.125017606,0.182568697
bn=12,90,12,91.344146,136.847577,198.806012,0.084577913,0.126710719,0.184079640
bn=12,92,12,93.064670,141.475914,205.644326,0.084297708,0.128148473,0.186272034
bn=12,94,12,98.061520,142.035694,209.781250,0.086933972,0.125918168,0.185976285
bn=12,96,12,98.277352,142.901874,207.876317,0.085310201,0.124046766,0.180448191
bn=12,98,12,99.960055,147.725098,213.426136,0.085000046,0.125616580,0.181484810
bn=12,100,12,100.577639,153.327461,218.956294,0.083814699,0.127772884,0.182463578
bn=12,102,12,106.460804,153.262561,219.876903,0.086977781,0.125214511,0.179637992
bn=12,104,12,106.857382,153.738832,224.471142,0.085622902,0.123188167,0.179864697
bn=12,106,12,107.471900,160.759204,230.150123,0.084490487,0.126383022,0.180935631
bn=12,108,12,107.993239,170.289304,237.903797,0.083328117,0.131396068,0.183567745
bn=12,110,12,113.423292,164.261876,238.357392,0.085926736,0.124440815,0.180573782
bn=12,112,12,118.548989,172.364488,242.931671,0.088206093,0.128247387,0.180752731
bn=12,114,12,116.942916,172.708448,249.113893,0.085484588,0.126248866,0.182100799
bn=12,116,12,118.015134,177.544364,252.057376,0.084780987,0.127546239,0.181075701
bn=12,118,12,123.622983,179.685884,252.167675,0.087304366,0.126896810,0.178084516
bn=12,120,12,125.495822,177.739465,255.658634,0.087149877,0.123430184,0.177540718
bn=12,122,12,126.296517,183.070236,261.771762,0.086268113,0.125047976,0.178805848
bn=12,124,12,127.207429,189.148501,264.447887,0.085488863,0.127115928,0.177720354
bn=12,126,12,132.901691,189.423043,266.985529,0.087897944,0.125279790,0.176577731
bn=12,128,12,133.407850,188.337914,268.252589,0.086854069,0.122615830,0.174643613
bn=12,130,12,134.830550,194.173913,275.602548,0.086429839,0.124470457,0.176668300
bn=12,132,12,134.213385,196.815252,278.305082,0.084730672,0.124252053,0.175697653
bn=12,134,12,143.187595,200.027585,280.823634,0.089047012,0.124395264,0.174641563
bn=12,136,12,143.677498,199.257962,280.405037,0.088037683,0.122094339,0.171816812
bn=12,138,12,142.938786,205.271130,292.725273,0.086315692,0.123955996,0.176766469
bn=12,140,12,143.353928,209.477260,294.517339,0.085329719,0.124688845,0.175307940
bn=12,142,12,152.110363,213.126563,295.003439,0.089266645,0.125074274,0.173124084
bn=12,144,12,152.179852,211.212134,296.908129,0.088067044,0.122229244,0.171821834
bn=12,146,12,152.946625,215.577011,301.554662,0.087298302,0.123046239,0.172120241
bn=12,148,12,154.742781,221.346256,308.239344,0.087129944,0.124631901,0.173558189
bn=12,150,12,158.364179,223.309003,309.707715,0.087980099,0.124060557,0.172059841
bn=12,152,12,159.865098,220.495305,309.299753,0.087645339,0.120885584,0.169572233
bn=12,154,12,166.087445,223.956668,313.030208,0.089874158,0.121188673,0.169388641
bn=12,156,12,164.219133,225.096448,316.513678,0.087723896,0.120243829,0.169077820
bn=12,158,12,171.485230,227.300091,322.053510,0.090445797,0.119884014,0.169859446
bn=12,160,12,170.965847,227.942961,320.821779,0.089044712,0.118720292,0.167094677
bn=12,162,12,168.804912,233.899080,327.549760,0.086833803,0.120318457,0.168492675
bn=12,164,12,174.368262,238.292275,332.153931,0.088601759,0.121083473,0.168777404
bn=12,166,12,174.144712,239.389908,333.487145,0.087422044,0.120175656,0.167413226
bn=12,168,12,182.447896,238.484613,335.830134,0.090499949,0.118295939,0.166582408
bn=12,170,12,179.604945,244.016396,339.465027,0.088041640,0.119615880,0.166404425
bn=12,172,12,176.787194,250.617833,354.391509,0.085652710,0.121423369,0.171701313
bn=12,174,12,184.684670,251.224348,350.111474,0.088450513,0.120318174,0.167677909
bn=12,176,12,206.757847,249.585771,352.826245,0.097896708,0.118175081,0.167057881
bn=12,178,12,193.653415,257.739955,355.026061,0.090661711,0.120664773,0.166210703
bn=12,180,12,196.146117,264.416989,388.715134,0.090808387,0.122415273,0.179960710
bn=12,182,12,201.272398,261.419444,363.336511,0.092157691,0.119697548,0.166362871
bn=12,184,12,202.022312,262.374476,368.700613,0.091495612,0.118829020,0.166983973
bn=12,186,12,194.278339,271.148392,372.784226,0.087042266,0.121482255,0.167018022
bn=12,188,12,196.853381,280.507836,389.193983,0.087257704,0.124338580,0.172515064
bn=12,190,12,219.736900,273.330904,373.811628,0.096375833,0.119881975,0.163952469
bn=12,192,12,198.835209,272.186594,415.219163,0.086300004,0.118136543,0.180216651
bn=12,194,12,204.573121,276.321048,383.382781,0.087875052,0.118694608,0.164683325
bn=12,196,12,203.714073,281.105820,393.176517,0.086613126,0.119517780,0.167166886
bn=12,198,12,209.737206,287.170298,403.092543,0.088273235,0.120862920,0.169651744
bn=12,200,12,209.118040,292.829537,391.867057,0.087132517,0.122012307,0.163277941
