shape,an52,bn52,old_ns,new_ns,old_ns_per_digit_product,new_ns_per_digit_product,speedup_old_over_new
an=1bn,8,8,5.689307,10.908308,0.088895425,0.170442311,0.521557
an=1bn,16,16,14.967573,12.274610,0.058467081,0.047947694,1.219393
an=1bn,24,24,25.882996,20.522208,0.044935757,0.035628833,1.261219
an=1bn,32,32,40.243442,32.739623,0.039300236,0.031972288,1.229197
an=1bn,40,40,57.383549,48.142181,0.035864718,0.030088863,1.191960
an=1bn,48,48,77.669987,67.557209,0.033710932,0.029321705,1.149692
an=1bn,56,56,101.346888,90.521266,0.032317248,0.028865200,1.119592
an=1bn,64,64,128.703275,116.541149,0.031421698,0.028452429,1.104359
an=1bn,72,72,159.835552,149.061556,0.030832475,0.028754158,1.072279
an=1bn,80,80,195.360742,180.481430,0.030525116,0.028200223,1.082442
an=1bn,88,88,231.484645,219.087398,0.029892129,0.028291245,1.056586
an=1bn,96,96,276.148897,258.756887,0.029964073,0.028076919,1.067214
an=1bn,104,104,319.802402,303.360988,0.029567530,0.028047429,1.054198
an=1bn,112,112,369.165969,351.471208,0.029429685,0.028019070,1.050345
an=1bn,120,120,421.252943,401.241987,0.029253677,0.027864027,1.049873
an=1bn,128,128,476.215260,455.925364,0.029065873,0.027827476,1.044503
an=1bn,136,136,535.195312,512.956113,0.028935733,0.027733354,1.043355
an=1bn,144,144,598.861465,574.786585,0.028880279,0.027719260,1.041885
an=1bn,152,152,663.008363,639.870323,0.028696692,0.027695218,1.036161
an=1bn,160,160,733.903809,708.390508,0.028668118,0.027671504,1.036016
an=1bn,168,168,806.794872,781.958594,0.028585419,0.027705449,1.031762
an=1bn,176,176,883.054907,856.304261,0.028507713,0.027644120,1.031240
an=1bn,184,184,962.582908,934.743193,0.028431679,0.027609381,1.029783
an=1bn,192,192,1047.541667,1017.083333,0.028416386,0.027590151,1.029947
an=1bn,200,200,1133.091491,1101.606105,0.028327287,0.027540153,1.028581
an=1bn,208,208,1225.190747,1192.444620,0.028318943,0.027562052,1.027461
an=1bn,216,216,1319.938802,1286.823630,0.028290869,0.027581096,1.025734
an=1bn,224,224,1415.704291,1380.662224,0.028214770,0.027516387,1.025381
an=1bn,232,232,1519.415827,1481.108398,0.028229337,0.027517620,1.025864
an=1bn,240,240,1622.074353,1583.755208,0.028161013,0.027495750,1.024195
an=1bn,248,248,1729.295455,1691.824777,0.028116797,0.027507557,1.022148
an=1bn,256,256,1840.889093,1801.302476,0.028089738,0.027485695,1.021977
an=1bn,264,264,1956.347656,1913.986607,0.028069726,0.027461929,1.022132
an=1bn,272,272,2077.234375,2034.414229,0.028076805,0.027498030,1.021048
an=1bn,280,280,2198.786337,2156.419744,0.028045744,0.027505354,1.019647
an=1bn,288,288,2325.494665,2282.067708,0.028036924,0.027513355,1.019030
an=1bn,296,296,2458.212340,2408.862981,0.028056660,0.027493414,1.020487
an=1bn,304,304,2590.809966,2543.902027,0.028034214,0.027526641,1.018439
an=1bn,312,312,2726.570536,2674.512153,0.028009641,0.027474854,1.019465
an=1bn,320,320,2868.229167,2814.760110,0.028010050,0.027487892,1.018996
an=1bn,328,328,3010.242188,2958.701172,0.027980389,0.027501312,1.017420
an=1bn,336,336,3158.604167,3102.035282,0.027977999,0.027476928,1.018236
an=1bn,344,344,3309.609914,3252.456897,0.027967904,0.027484932,1.017572
an=1bn,352,352,3467.006696,3407.554688,0.027981394,0.027501571,1.017447
an=1bn,360,360,3619.544471,3562.868056,0.027928584,0.027491266,1.015908
an=1bn,368,368,3781.237500,3721.030048,0.027921473,0.027476888,1.016180
an=1bn,376,376,3944.634115,3884.197500,0.027901724,0.027474235,1.015560
an=1bn,384,384,4112.146739,4049.878906,0.027887280,0.027464999,1.015375
an=1bn,392,392,4284.490057,4221.070652,0.027882198,0.027469483,1.015024
an=1bn,400,400,4457.139205,4394.102273,0.027857120,0.027463139,1.014346
an=2bn,8,4,4.322628,5.820724,0.135082111,0.181897634,0.742627
an=2bn,16,8,9.808737,7.265238,0.076630756,0.056759668,1.350092
an=2bn,24,12,16.838126,12.847878,0.058465716,0.044610689,1.310576
an=2bn,32,16,24.642502,19.495614,0.048129886,0.038077370,1.264002
an=2bn,40,20,34.430775,25.616206,0.043038469,0.032020257,1.344101
an=2bn,48,24,45.118970,35.509868,0.039165772,0.030824539,1.270604
an=2bn,56,28,57.910168,46.552740,0.036932505,0.029689248,1.243969
an=2bn,64,32,71.732522,59.804707,0.035025646,0.029201517,1.199446
an=2bn,72,36,87.100482,74.341100,0.033603581,0.028680980,1.171633
an=2bn,80,40,104.155487,91.583282,0.032548590,0.028619776,1.137276
an=2bn,88,44,123.691087,109.469115,0.031945012,0.028271982,1.129918
an=2bn,96,48,146.210086,129.686636,0.031729619,0.028143801,1.127411
an=2bn,104,52,166.999611,152.394531,0.030880106,0.028179462,1.095837
an=2bn,112,56,192.570008,175.739115,0.030703126,0.028019629,1.095772
an=2bn,120,60,217.255570,203.624661,0.030174385,0.028281203,1.066941
an=2bn,128,64,246.601132,227.036244,0.030102677,0.027714385,1.086175
an=2bn,136,68,275.043163,259.868508,0.029740827,0.028099968,1.058394
an=2bn,144,72,308.608244,286.640720,0.029765456,0.027646674,1.076638
an=2bn,152,76,339.672834,322.515142,0.029403812,0.027918555,1.053200
an=2bn,160,80,376.711847,353.354206,0.029430613,0.027605797,1.066103
an=2bn,168,84,412.182155,393.202275,0.029207919,0.027862973,1.048270
an=2bn,176,88,452.478966,426.691903,0.029214809,0.027549839,1.060435
an=2bn,184,92,491.825916,470.329844,0.029053988,0.027784135,1.045704
an=2bn,192,96,536.576964,509.565387,0.029111163,0.027645692,1.053009
an=2bn,200,100,576.568252,553.253860,0.028828413,0.027662693,1.042140
an=2bn,208,104,624.840646,594.268394,0.028885015,0.027471727,1.051445
an=2bn,216,108,669.319592,645.173373,0.028691683,0.027656609,1.037426
an=2bn,224,112,720.274332,689.405101,0.028709914,0.027479476,1.044777
an=2bn,232,116,769.528945,742.842028,0.028594268,0.027602632,1.035925
an=2bn,240,120,824.188871,790.759191,0.028617669,0.027456916,1.042275
an=2bn,248,124,877.111857,847.266610,0.028522108,0.027551594,1.035225
an=2bn,256,128,934.851485,902.446214,0.028529403,0.027540473,1.035908
an=2bn,264,132,990.555921,961.470026,0.028425044,0.027590393,1.030251
an=2bn,272,136,1050.843750,1016.895161,0.028407325,0.027489597,1.033385
an=2bn,280,140,1112.911765,1078.664152,0.028390606,0.027516943,1.031750
an=2bn,288,144,1174.215234,1140.225904,0.028313446,0.027493873,1.029809
an=2bn,296,148,1240.115543,1204.307292,0.028307970,0.027490579,1.029733
an=2bn,304,152,1307.912326,1268.277449,0.028304889,0.027447140,1.031251
an=2bn,312,156,1376.467391,1336.778169,0.028280477,0.027465035,1.029690
an=2bn,320,160,1444.736058,1403.283582,0.028217501,0.027407882,1.029540
an=2bn,328,164,1518.377016,1475.454102,0.028226818,0.027428876,1.029091
an=2bn,336,168,1589.492055,1549.554303,0.028158519,0.027451005,1.025774
an=2bn,344,172,1670.196820,1625.237608,0.028228043,0.027468186,1.027663
an=2bn,352,176,1748.003472,1698.916853,0.028215449,0.027423116,1.028893
an=2bn,360,180,1825.703125,1778.785377,0.028174431,0.027450392,1.026376
an=2bn,368,184,1906.593750,1855.918505,0.028157398,0.027409004,1.027305
an=2bn,376,188,1988.371745,1943.577806,0.028128844,0.027495159,1.023047
an=2bn,384,192,2074.204484,2021.821144,0.028133199,0.027422704,1.025909
an=2bn,392,196,2161.299716,2109.659028,0.028130202,0.027458078,1.024478
an=2bn,400,200,2248.296875,2194.367733,0.028103711,0.027429597,1.024576
an=4bn,8,2,3.485872,3.281929,0.217867009,0.205120584,1.062141
an=4bn,16,4,7.547172,5.694780,0.117924560,0.088980931,1.325279
an=4bn,24,6,12.383891,10.149538,0.085999242,0.070482902,1.220143
an=4bn,32,8,17.204192,10.394474,0.067203873,0.040603414,1.655129
an=4bn,40,10,23.652884,16.672136,0.059132209,0.041680340,1.418707
an=4bn,48,12,30.004710,21.591512,0.052091510,0.037485263,1.389653
an=4bn,56,14,37.113561,26.458372,0.047338726,0.033747923,1.402715
an=4bn,64,16,45.566099,33.206555,0.044498143,0.032428277,1.372202
an=4bn,72,18,54.508539,39.700611,0.042059058,0.030633188,1.372990
an=4bn,80,20,63.582225,47.668420,0.039738890,0.029792762,1.333844
an=4bn,88,22,73.368080,57.268029,0.037896736,0.029580593,1.281135
an=4bn,96,24,84.852121,67.142113,0.036828178,0.029141542,1.263769
an=4bn,104,26,97.376071,77.637391,0.036011861,0.028712053,1.254242
an=4bn,112,28,108.533746,89.374136,0.034608975,0.028499406,1.214375
an=4bn,120,30,121.796307,103.129155,0.033832307,0.028646988,1.181008
an=4bn,128,32,136.635280,116.841532,0.033358223,0.028525765,1.169407
an=4bn,136,34,151.896238,129.783065,0.032849532,0.028067272,1.170386
an=4bn,144,36,167.370822,148.052593,0.032286038,0.028559528,1.130482
an=4bn,152,38,183.678510,165.248129,0.031800296,0.028609441,1.111532
an=4bn,160,40,201.235314,178.733988,0.031443018,0.027927186,1.125893
an=4bn,168,42,218.162863,200.284582,0.030918773,0.028385003,1.089264
an=4bn,176,44,237.324890,219.186697,0.030646293,0.028304067,1.082752
an=4bn,184,46,257.722442,238.560830,0.030449249,0.028185353,1.080322
an=4bn,192,48,279.217913,255.049338,0.030297083,0.027674624,1.094760
an=4bn,200,50,301.160958,279.892817,0.030116096,0.027989282,1.075987
an=4bn,208,52,323.712392,302.664415,0.029929030,0.027983027,1.069542
an=4bn,216,54,348.549024,324.251078,0.029882461,0.027799304,1.074936
an=4bn,224,56,372.738095,349.574930,0.029714453,0.027867899,1.066261
an=4bn,232,58,399.044016,373.920568,0.029655471,0.027788389,1.067189
an=4bn,240,60,425.340781,395.882252,0.029537554,0.027491823,1.074412
an=4bn,248,62,452.921347,421.804933,0.029456383,0.027432683,1.073770
an=4bn,256,64,481.485737,454.103412,0.029387557,0.027716273,1.060300
an=4bn,264,66,510.896909,482.487340,0.029321448,0.027690963,1.058881
an=4bn,272,68,538.832795,507.826014,0.029132396,0.027455991,1.061058
an=4bn,280,70,572.765053,537.875000,0.029222707,0.027442602,1.064866
an=4bn,288,72,603.477764,572.393483,0.029102901,0.027603852,1.054306
an=4bn,296,74,636.220650,604.395032,0.029045866,0.027592907,1.052657
an=4bn,304,76,667.537899,633.587627,0.028892741,0.027423287,1.053584
an=4bn,312,78,703.782882,667.238697,0.028919415,0.027417764,1.054769
an=4bn,320,80,736.191650,705.517152,0.028757486,0.027559264,1.043478
an=4bn,328,82,775.478048,740.278297,0.028832468,0.027523732,1.047549
an=4bn,336,84,809.803610,773.145492,0.028692021,0.027393193,1.047414
an=4bn,344,86,850.084459,810.387931,0.028734602,0.027392778,1.048985
an=4bn,352,88,886.250295,852.792898,0.028610870,0.027530762,1.039233
an=4bn,360,90,931.058478,890.899175,0.028736373,0.027496888,1.045077
an=4bn,368,92,967.413015,925.977328,0.028574345,0.027350465,1.044748
an=4bn,376,94,1011.401546,968.305412,0.028615933,0.027396599,1.044507
an=4bn,384,96,1051.100694,1013.235887,0.028512931,0.027485783,1.037370
an=4bn,392,98,1098.662791,1057.191362,0.028599094,0.027519559,1.039228
an=4bn,400,100,1139.510542,1093.313953,0.028487764,0.027332849,1.042254
an=8bn,8,1,3.077020,3.157438,0.384627545,0.394679780,0.974531
an=8bn,16,2,6.297443,3.914171,0.196795088,0.122317837,1.608883
an=8bn,24,3,10.123164,7.120732,0.140599505,0.098899061,1.421647
an=8bn,32,4,13.640695,7.412976,0.106567933,0.057913874,1.840111
an=8bn,40,5,17.627849,11.347438,0.088139247,0.056737189,1.553465
an=8bn,48,6,22.031551,12.175450,0.076498441,0.042275870,1.809506
an=8bn,56,7,26.794897,18.334663,0.068354328,0.046772101,1.461434
an=8bn,64,8,31.581667,18.800325,0.061682943,0.036719384,1.679847
an=8bn,72,9,38.805502,26.314561,0.059885035,0.040608891,1.474678
an=8bn,80,10,44.194613,31.096507,0.055243266,0.038870634,1.421208
an=8bn,88,11,50.447670,34.700569,0.052115362,0.035847695,1.453800
an=8bn,96,12,56.805724,39.637983,0.049310524,0.034407972,1.433113
an=8bn,104,13,63.578835,44.116607,0.047025765,0.032630626,1.441154
an=8bn,112,14,70.961635,49.258305,0.045256145,0.031414735,1.440602
an=8bn,120,15,78.403297,54.844317,0.043557387,0.030469065,1.429561
an=8bn,128,16,86.205222,61.161530,0.042092393,0.029864028,1.409468
an=8bn,136,17,96.045004,67.482487,0.041541957,0.029187927,1.423258
an=8bn,144,18,104.395161,75.586246,0.040275911,0.029161360,1.381140
an=8bn,152,19,112.679697,83.102580,0.039016516,0.028775131,1.355911
an=8bn,160,20,122.078084,91.543628,0.038149401,0.028607384,1.333551
an=8bn,168,21,131.624343,100.891499,0.037308487,0.028597364,1.304613
an=8bn,176,22,141.074295,110.427746,0.036434477,0.028519562,1.277526
an=8bn,184,23,152.470071,125.868750,0.036027900,0.029742143,1.211342
an=8bn,192,24,161.574387,135.823082,0.035063886,0.029475495,1.189594
an=8bn,200,25,177.303284,142.531392,0.035460657,0.028506278,1.243960
an=8bn,208,26,188.641222,156.955999,0.034881883,0.029022929,1.201873
an=8bn,216,27,198.695710,168.784847,0.034069909,0.028941160,1.177213
an=8bn,224,28,210.330717,179.906070,0.033534872,0.028684004,1.169114
an=8bn,232,29,221.911274,191.864200,0.032983245,0.028517271,1.156606
an=8bn,240,30,236.943734,204.660335,0.032908852,0.028425047,1.157741
an=8bn,248,31,249.288876,218.680143,0.032425712,0.028444347,1.139970
an=8bn,256,32,261.809714,232.442064,0.031959194,0.028374275,1.126344
an=8bn,264,33,279.946922,242.793201,0.032133485,0.027868825,1.153026
an=8bn,272,34,293.118262,261.781946,0.031695314,0.028306871,1.119704
an=8bn,280,35,305.592427,275.153134,0.031182901,0.028076850,1.110627
an=8bn,288,36,320.393665,290.898800,0.030902167,0.028057369,1.101392
an=8bn,296,37,336.654458,306.080110,0.030739085,0.027947417,1.099890
an=8bn,304,38,356.440696,322.176869,0.030855323,0.027889272,1.106351
an=8bn,312,39,370.484744,339.816689,0.030447464,0.027927078,1.090249
an=8bn,320,40,387.254501,356.259470,0.030254258,0.027832771,1.087001
an=8bn,328,41,406.710092,370.865860,0.030243166,0.027577771,1.096650
an=8bn,336,42,423.257320,392.421679,0.029992724,0.027807659,1.078578
an=8bn,344,43,441.134243,410.028794,0.029822488,0.027719632,1.075862
an=8bn,352,44,459.738205,429.873002,0.029683510,0.027755230,1.069474
an=8bn,360,45,480.317443,448.245536,0.029649225,0.027669478,1.071550
an=8bn,368,46,501.175366,467.755131,0.029606295,0.027632037,1.071448
an=8bn,376,47,521.264063,489.860189,0.029496608,0.027719567,1.064108
an=8bn,384,48,542.310332,509.164020,0.029422219,0.027623916,1.065099
an=8bn,392,49,566.457267,527.370260,0.029490695,0.027455761,1.074117
an=8bn,400,50,587.783398,551.429094,0.029389170,0.027571455,1.065927
bn=4,8,4,4.332630,5.900136,0.135394688,0.184379241,0.734327
bn=4,16,4,7.591888,5.733265,0.118623242,0.089582260,1.324182
bn=4,24,4,10.852135,7.901683,0.113043072,0.082309198,1.373395
bn=4,32,4,13.696635,7.553225,0.107004963,0.059009568,1.813349
bn=4,40,4,16.696410,9.921134,0.104352564,0.062007089,1.682913
bn=4,48,4,19.668620,9.599795,0.102440730,0.049998930,2.048858
bn=4,56,4,22.774403,12.134120,0.101671444,0.054170178,1.876890
bn=4,64,4,25.854279,11.432866,0.100993276,0.044659634,2.261400
bn=4,72,4,28.883539,14.364759,0.100290067,0.049877635,2.010722
bn=4,80,4,31.979035,13.693132,0.099934485,0.042791038,2.335407
bn=4,88,4,35.132306,16.583121,0.099807688,0.047111141,2.118558
bn=4,96,4,38.230496,16.555326,0.099558583,0.043112829,2.309257
bn=4,104,4,41.568193,18.803155,0.099923541,0.045199892,2.210703
bn=4,112,4,44.500193,18.116673,0.099330788,0.040439002,2.456312
bn=4,120,4,47.609312,21.030942,0.099186066,0.043814462,2.263775
bn=4,128,4,50.687686,20.276148,0.098999386,0.039601851,2.499868
bn=4,136,4,53.855202,23.293556,0.098998533,0.042819037,2.312021
bn=4,144,4,56.929474,22.569143,0.098835892,0.039182539,2.522447
bn=4,152,4,60.189165,25.598127,0.098995337,0.042102182,2.351311
bn=4,160,4,63.195144,25.035806,0.098742413,0.039118447,2.524191
bn=4,168,4,66.266144,27.827350,0.098610333,0.041409748,2.381331
bn=4,176,4,69.282681,27.400643,0.098412899,0.038921368,2.528506
bn=4,184,4,74.807890,30.036345,0.101641155,0.040810251,2.490579
bn=4,192,4,79.245434,29.277923,0.103184159,0.038122296,2.706662
bn=4,200,4,93.101725,32.381841,0.116377157,0.040477302,2.875121
bn=4,208,4,98.202585,31.843708,0.118031953,0.038273687,3.083893
bn=4,216,4,89.129931,34.540746,0.103159642,0.039977715,2.580429
bn=4,224,4,90.728995,33.884069,0.101260040,0.037817041,2.677630
bn=4,232,4,99.708787,37.034718,0.107444814,0.039908101,2.692306
bn=4,240,4,100.913004,36.422531,0.105117713,0.037940136,2.770620
bn=4,248,4,105.266590,39.055602,0.106115514,0.039370566,2.695301
bn=4,256,4,108.782990,38.301432,0.106233389,0.037403742,2.840181
bn=4,264,4,111.886225,41.357245,0.105952864,0.039164058,2.705360
bn=4,272,4,114.565438,40.797718,0.105299116,0.037497903,2.808133
bn=4,280,4,117.151256,43.564286,0.104599336,0.038896684,2.689158
bn=4,288,4,120.493060,42.886388,0.104594670,0.037227768,2.809587
bn=4,296,4,123.435074,45.843536,0.104252596,0.038719203,2.692530
bn=4,304,4,126.414294,45.068792,0.103959123,0.037063151,2.804919
bn=4,312,4,129.987491,48.112029,0.104156644,0.038551305,2.701767
bn=4,320,4,132.663985,47.735982,0.103643738,0.037293736,2.779119
bn=4,328,4,136.619860,50.337829,0.104130991,0.038367248,2.714059
bn=4,336,4,139.444186,49.755322,0.103753115,0.037020329,2.802598
bn=4,344,4,143.512519,52.623650,0.104296889,0.038243931,2.727149
bn=4,352,4,146.382605,52.140269,0.103964919,0.037031441,2.807477
bn=4,360,4,149.505374,54.838469,0.103823177,0.038082270,2.726286
bn=4,368,4,152.027502,54.217847,0.103279553,0.036832776,2.804012
bn=4,376,4,155.097159,57.164286,0.103123111,0.038008169,2.713183
bn=4,384,4,157.752153,56.648433,0.102703225,0.036880490,2.784758
bn=4,392,4,161.306379,59.466154,0.102873966,0.037924843,2.712575
bn=4,400,4,164.668366,58.704035,0.102917729,0.036690022,2.805060
bn=6,8,6,5.308043,8.076011,0.110584230,0.168250219,0.657261
bn=6,16,6,8.849411,6.658716,0.092181361,0.069361623,1.328997
bn=6,24,6,12.535140,10.299867,0.087049584,0.071526853,1.217020
bn=6,32,6,15.535268,8.924533,0.080912855,0.046481943,1.740737
bn=6,40,6,18.722613,13.017656,0.078010886,0.054240232,1.438248
bn=6,48,6,22.097359,12.180035,0.076726941,0.042291787,1.814228
bn=6,56,6,25.442342,16.009054,0.075721257,0.047645995,1.589247
bn=6,64,6,28.811953,15.329418,0.075031127,0.039920359,1.879520
bn=6,72,6,32.176025,19.268849,0.074481540,0.044603817,1.669847
bn=6,80,6,35.826101,18.576512,0.074637710,0.038701067,1.928570
bn=6,88,6,39.004797,22.549611,0.073872721,0.042707596,1.729733
bn=6,96,6,42.452184,21.824161,0.073701709,0.037889168,1.945192
bn=6,104,6,45.964782,25.914706,0.073661510,0.041529978,1.773695
bn=6,112,6,49.187615,25.231188,0.073195855,0.037546410,1.949477
bn=6,120,6,52.763453,29.189572,0.073282574,0.040541073,1.807613
bn=6,128,6,56.109945,28.575425,0.073059825,0.037207584,1.963573
bn=6,136,6,59.575723,32.474465,0.073009464,0.039797139,1.834541
bn=6,144,6,62.829684,31.803352,0.072719542,0.036809435,1.975568
bn=6,152,6,66.116471,36.133201,0.072496131,0.039619738,1.829798
bn=6,160,6,69.839469,35.501479,0.072749446,0.036980707,1.967227
bn=6,168,6,73.194794,39.581852,0.072613883,0.039267710,1.849201
bn=6,176,6,76.498037,38.530852,0.072441323,0.036487549,1.985371
bn=6,184,6,79.864273,42.825499,0.072340827,0.038791213,1.864877
bn=6,192,6,83.420012,41.948280,0.072413205,0.036413438,1.988640
bn=6,200,6,86.800156,45.904935,0.072333463,0.038254112,1.890868
bn=6,208,6,90.366390,45.201973,0.072408966,0.036219530,1.999169
bn=6,216,6,93.704764,49.390798,0.072303059,0.038110183,1.897211
bn=6,224,6,97.003652,48.431221,0.072175336,0.036035135,2.002916
bn=6,232,6,101.214974,52.944664,0.072711907,0.038034960,1.911712
bn=6,240,6,105.552271,52.053638,0.073300188,0.036148360,2.027760
bn=6,248,6,107.479990,55.780432,0.072231176,0.037486849,1.926840
bn=6,256,6,111.187463,55.140561,0.072387671,0.035898803,2.016437
bn=6,264,6,114.613425,59.138576,0.072356960,0.037334959,1.938048
bn=6,272,6,117.872605,58.317222,0.072225861,0.035733592,2.021231
bn=6,280,6,121.559707,62.430530,0.072356968,0.037161030,1.947120
bn=6,288,6,124.808054,61.779500,0.072226883,0.035752026,2.020218
bn=6,296,6,128.205302,65.716122,0.072187670,0.037002321,1.950896
bn=6,304,6,131.355523,65.189606,0.072015090,0.035739916,2.014976
bn=6,312,6,135.259861,69.158601,0.072254199,0.036943697,1.955792
bn=6,320,6,138.800435,68.570906,0.072291893,0.035714014,2.024188
bn=6,328,6,142.093324,72.355589,0.072201892,0.036766051,1.963820
bn=6,336,6,145.555281,71.725440,0.072200040,0.035578095,2.029340
bn=6,344,6,148.919196,75.556784,0.072150773,0.036606969,1.970957
bn=6,352,6,152.282924,74.937849,0.072103657,0.035481936,2.032123
bn=6,360,6,155.312552,78.835373,0.071903959,0.036497858,1.970087
bn=6,368,6,158.205681,78.265599,0.071651124,0.035446376,2.021395
bn=6,376,6,162.049924,82.198757,0.071830640,0.036435619,1.971440
bn=6,384,6,165.292749,81.801193,0.071741644,0.035503990,2.020664
bn=6,392,6,168.337635,85.596801,0.071572124,0.036393198,1.966635
bn=6,400,6,172.110722,84.846465,0.071712801,0.035352694,2.028496
bn=8,8,8,5.886818,10.366683,0.091981536,0.161979422,0.567859
bn=8,16,8,9.796565,6.983312,0.076535662,0.054557128,1.402854
bn=8,24,8,13.658859,12.887290,0.071139889,0.067121300,1.059871
bn=8,32,8,17.243137,10.414946,0.067356005,0.040683383,1.655615
bn=8,40,8,20.827833,15.858324,0.065086980,0.049557262,1.313369
bn=8,48,8,24.348716,14.775405,0.063408115,0.038477617,1.647922
bn=8,56,8,27.988256,20.122686,0.062473785,0.044916710,1.390881
bn=8,64,8,31.601586,18.759635,0.061721848,0.036639912,1.684552
bn=8,72,8,35.335119,24.182680,0.061345693,0.041983819,1.461175
bn=8,80,8,39.093646,22.821102,0.061083822,0.035657971,1.713048
bn=8,88,8,42.887852,28.102253,0.060920244,0.039917973,1.526136
bn=8,96,8,47.026392,26.944783,0.061232281,0.035084352,1.745287
bn=8,104,8,50.463385,31.859402,0.060653107,0.038292550,1.583940
bn=8,112,8,54.090434,31.387063,0.060368788,0.035030204,1.723335
bn=8,120,8,57.887558,36.008677,0.060299539,0.037509038,1.607600
bn=8,128,8,61.610545,35.331822,0.060166548,0.034503733,1.743769
bn=8,136,8,65.642079,40.248404,0.060332793,0.036993018,1.630924
bn=8,144,8,69.174986,39.626228,0.060047731,0.034397768,1.745687
bn=8,152,8,72.843313,44.484716,0.059904041,0.036582826,1.637491
bn=8,160,8,76.664989,44.287922,0.059894522,0.034599939,1.731059
bn=8,168,8,80.428039,48.988881,0.059842291,0.036450060,1.641761
bn=8,176,8,84.185957,47.986038,0.059791163,0.034080993,1.754384
bn=8,184,8,87.894242,53.248350,0.059710762,0.036174151,1.650647
bn=8,192,8,91.579590,52.132278,0.059622129,0.033940285,1.756677
bn=8,200,8,95.478329,57.567162,0.059673955,0.035979476,1.658555
bn=8,208,8,99.233466,56.444348,0.059635496,0.033920882,1.758076
bn=8,216,8,102.881750,61.533403,0.059538050,0.035609608,1.671966
bn=8,224,8,107.070491,60.376710,0.059749158,0.033692361,1.773374
bn=8,232,8,111.090084,65.784318,0.059854571,0.035444137,1.688702
bn=8,240,8,119.687899,64.851984,0.062337447,0.033777075,1.845555
bn=8,248,8,123.138944,69.431231,0.062066000,0.034995580,1.773538
bn=8,256,8,126.507370,68.950391,0.061771177,0.033667183,1.834759
bn=8,264,8,129.510575,73.733073,0.061321295,0.034911493,1.756479
bn=8,272,8,133.696181,72.773977,0.061441259,0.033443923,1.837143
bn=8,280,8,136.686452,77.926210,0.061020738,0.034788486,1.754050
bn=8,288,8,141.152773,77.225340,0.061264224,0.033517943,1.827804
bn=8,296,8,145.686627,82.023212,0.061523069,0.034638181,1.776163
bn=8,304,8,148.341129,81.526929,0.060995530,0.033522586,1.819535
bn=8,312,8,152.368659,86.239660,0.061045136,0.034551146,1.766805
bn=8,320,8,156.898046,85.579978,0.061288299,0.033429679,1.833350
bn=8,328,8,161.736584,90.303206,0.061637418,0.034414332,1.791039
bn=8,336,8,165.395723,89.665721,0.061531147,0.033357783,1.844581
bn=8,344,8,169.218525,94.492416,0.061489290,0.034335907,1.790816
bn=8,352,8,172.448932,93.891110,0.061238967,0.033342013,1.836691
bn=8,360,8,175.244801,98.741809,0.060848889,0.034285350,1.774778
bn=8,368,8,179.163347,98.020866,0.060857115,0.033295131,1.827808
bn=8,376,8,183.068409,102.846114,0.060860508,0.034190862,1.780023
bn=8,384,8,186.812189,102.536202,0.060811259,0.033377670,1.821914
bn=8,392,8,190.332213,107.207536,0.060692670,0.034186076,1.775362
bn=8,400,8,194.166731,106.477405,0.060677104,0.033274189,1.823549
bn=10,10,10,11.199681,7.926110,0.111996812,0.079261102,1.413011
bn=10,18,10,14.668731,10.549120,0.081492952,0.058606223,1.390517
bn=10,26,10,18.424549,13.228848,0.070863651,0.050880184,1.392755
bn=10,34,10,22.797768,15.805541,0.067052258,0.046486885,1.442391
bn=10,42,10,26.938299,18.627813,0.064138807,0.044351935,1.446133
bn=10,50,10,30.933067,21.428395,0.061866133,0.042856790,1.443555
bn=10,58,10,34.944337,24.245216,0.060248857,0.041802096,1.441288
bn=10,66,10,39.318540,27.127559,0.059573546,0.041102362,1.449395
bn=10,74,10,43.197706,30.006410,0.058375278,0.040549203,1.439616
bn=10,82,10,47.816819,32.724160,0.058313193,0.039907512,1.461208
bn=10,90,10,52.124462,35.593809,0.057916068,0.039548677,1.464425
bn=10,98,10,56.051834,38.611324,0.057195749,0.039399310,1.451694
bn=10,106,10,59.969050,41.267757,0.056574575,0.038931846,1.453170
bn=10,114,10,64.131327,44.179242,0.056255550,0.038753721,1.451617
bn=10,122,10,68.225932,46.948407,0.055922895,0.038482301,1.453211
bn=10,130,10,72.803523,49.779077,0.056002710,0.038291598,1.462533
bn=10,138,10,76.821509,52.614513,0.055667760,0.038126459,1.460082
bn=10,146,10,80.893038,55.664522,0.055406191,0.038126385,1.453224
bn=10,154,10,85.061763,58.250970,0.055234911,0.037825306,1.460263
bn=10,162,10,89.306577,61.031453,0.055127517,0.037673737,1.463288
bn=10,170,10,93.329944,63.824051,0.054899967,0.037543560,1.462301
bn=10,178,10,97.688477,66.668888,0.054881167,0.037454431,1.465278
bn=10,186,10,101.498275,69.459491,0.054568965,0.037343812,1.461259
bn=10,194,10,108.285977,72.418943,0.055817514,0.037329352,1.495271
bn=10,202,10,110.809106,79.961397,0.054855993,0.039584850,1.385783
bn=10,210,10,115.034548,81.695068,0.054778356,0.038902413,1.408097
bn=10,218,10,118.928272,84.620939,0.054554253,0.038816944,1.405424
bn=10,226,10,124.686253,87.580270,0.055170909,0.038752332,1.423680
bn=10,234,10,128.895132,90.197145,0.055083390,0.038545789,1.429038
bn=10,242,10,132.863447,92.963361,0.054902251,0.038414612,1.429202
bn=10,250,10,137.331671,95.831237,0.054932668,0.038332495,1.433057
bn=10,258,10,141.412142,98.671826,0.054810908,0.038244894,1.433156
bn=10,266,10,145.920538,101.381115,0.054857345,0.038113201,1.439327
bn=10,274,10,149.630233,104.789490,0.054609574,0.038244339,1.427913
bn=10,282,10,154.130285,107.191464,0.054656130,0.038011158,1.437897
bn=10,290,10,158.004524,110.033008,0.054484319,0.037942417,1.435974
bn=10,298,10,162.109240,113.131446,0.054399074,0.037963572,1.432928
bn=10,306,10,166.157688,121.085524,0.054299898,0.039570433,1.372234
bn=10,314,10,170.651761,124.022859,0.054347695,0.039497726,1.375970
bn=10,322,10,175.041395,126.904220,0.054360682,0.039411249,1.379319
bn=10,330,10,179.360719,129.785659,0.054351733,0.039328987,1.381976
bn=10,338,10,183.245911,132.481903,0.054214766,0.039195829,1.383177
bn=10,346,10,187.320983,135.417614,0.054139012,0.039138039,1.383284
bn=10,354,10,191.045061,138.423719,0.053967531,0.039102745,1.380147
bn=10,362,10,195.878132,141.064897,0.054109981,0.038968203,1.388568
bn=10,370,10,199.569880,143.825776,0.053937805,0.038871831,1.387581
bn=10,378,10,204.321283,146.727308,0.054053249,0.038816748,1.392524
bn=10,386,10,207.844303,149.468601,0.053845674,0.038722435,1.390555
bn=10,394,10,212.222921,152.410258,0.053863686,0.038682807,1.392445
bn=12,12,12,12.272921,8.962369,0.085228618,0.062238675,1.369384
bn=12,20,12,16.271537,12.281410,0.067798069,0.051172540,1.324892
bn=12,28,12,20.318195,15.051929,0.060470818,0.044797409,1.349873
bn=12,36,12,24.760703,17.657198,0.057316442,0.040873142,1.402301
bn=12,44,12,29.023435,20.643033,0.054968627,0.039096654,1.405968
bn=12,52,12,34.066940,23.689766,0.054594455,0.037964369,1.438045
bn=12,60,12,38.106600,26.712874,0.052925834,0.037101214,1.426526
bn=12,68,12,42.472274,29.876125,0.052049356,0.036612899,1.421613
bn=12,76,12,47.287428,32.892856,0.051850249,0.036066728,1.437620
bn=12,84,12,51.612049,35.858282,0.051202430,0.035573692,1.439334
bn=12,92,12,56.053329,38.974971,0.050772943,0.035303416,1.438188
bn=12,100,12,60.695004,42.067926,0.050579170,0.035056605,1.442786
bn=12,108,12,65.116753,45.218193,0.050244409,0.034890581,1.440057
bn=12,116,12,69.595489,48.181221,0.049996759,0.034612946,1.444453
bn=12,124,12,74.066227,51.325448,0.049775690,0.034492909,1.443070
bn=12,132,12,78.528083,54.197814,0.049575810,0.034215792,1.448916
bn=12,140,12,83.063579,57.230972,0.049442607,0.034066055,1.451375
bn=12,148,12,87.239826,60.500020,0.049121523,0.034065327,1.441980
bn=12,156,12,92.292108,63.290549,0.049301339,0.033809054,1.458229
bn=12,164,12,96.458687,66.340855,0.049013560,0.033709784,1.453986
bn=12,172,12,100.922733,69.482639,0.048896673,0.033664069,1.452488
bn=12,180,12,105.216543,72.419402,0.048711362,0.033527501,1.452878
bn=12,188,12,109.978019,75.520104,0.048749122,0.033475223,1.456275
bn=12,196,12,115.424393,78.498954,0.049074997,0.033375406,1.470394
bn=12,204,12,124.482344,86.011181,0.050850631,0.035135286,1.447281
bn=12,212,12,129.478060,87.798484,0.050895464,0.034511983,1.474719
bn=12,220,12,133.738008,90.670062,0.050658336,0.034344720,1.474996
bn=12,228,12,138.306185,94.508600,0.050550506,0.034542617,1.463424
bn=12,236,12,142.533292,97.007207,0.050329552,0.034253957,1.469306
bn=12,244,12,147.336195,99.852603,0.050319739,0.034102665,1.475537
bn=12,252,12,151.952998,102.860163,0.050249007,0.034014604,1.477277
bn=12,260,12,156.181936,105.952366,0.050058313,0.033959092,1.474077
bn=12,268,12,160.386806,108.990309,0.049871519,0.033890022,1.471569
bn=12,276,12,165.254236,112.401235,0.049895603,0.033937571,1.470217
bn=12,284,12,169.517769,115.342904,0.049741129,0.033844749,1.469685
bn=12,292,12,173.978490,118.465554,0.049651396,0.033808663,1.468600
bn=12,300,12,178.482058,121.731963,0.049578349,0.033814434,1.466189
bn=12,308,12,183.718811,124.531084,0.049707471,0.033693475,1.475285
bn=12,316,12,188.326493,127.322804,0.049664160,0.033576689,1.479126
bn=12,324,12,192.934735,130.630266,0.049623131,0.033598320,1.476953
bn=12,332,12,196.556669,133.518448,0.049336513,0.033513667,1.472131
bn=12,340,12,200.637754,136.594341,0.049175920,0.033479005,1.468858
bn=12,348,12,205.328911,139.787211,0.049168801,0.033473949,1.468868
bn=12,356,12,209.583636,142.981660,0.049059840,0.033469490,1.465808
bn=12,364,12,214.596038,145.835488,0.049129130,0.033387245,1.471494
bn=12,372,12,218.868808,148.912252,0.049029751,0.033358479,1.469784
bn=12,380,12,223.159961,151.856847,0.048938588,0.033301940,1.469542
bn=12,388,12,227.737409,154.878816,0.048912674,0.033264351,1.470423
bn=12,396,12,232.243270,158.000316,0.048872742,0.033249225,1.469891
