n,scalar_ns,simd1_ns,simd2_ns,scalar_ns_per_limb,simd1_ns_per_limb,simd2_ns_per_limb,simd1_speedup,simd2_speedup,simd2_over_simd1
8,3.769743,4.553910,4.749210,0.471217833,0.569238741,0.593651260,0.827804,0.793762,0.958877
16,6.383373,6.231414,24.569100,0.398960789,0.389463381,1.535568781,1.024386,0.259813,0.253628
24,9.051949,8.271096,15.627359,0.377164523,0.344629007,0.651139974,1.094407,0.579237,0.529270
32,11.994718,10.657333,47.255592,0.374834949,0.333041671,1.476737238,1.125490,0.253826,0.225525
40,15.149272,12.979054,30.574085,0.378731797,0.324476355,0.764352125,1.167209,0.495494,0.424512
48,18.207977,15.153457,69.661079,0.379332860,0.315697018,1.451272482,1.201573,0.261379,0.217531
56,21.554547,17.370947,47.745242,0.384902632,0.310195479,0.852593616,1.240839,0.451449,0.363826
64,24.961919,19.781659,91.931158,0.390029988,0.309088418,1.436424345,1.261872,0.271528,0.215179
72,28.051273,22.298692,70.182986,0.389601016,0.309704056,0.974763689,1.257978,0.399688,0.317722
80,31.247105,24.490010,114.642497,0.390588814,0.306125131,1.433031212,1.275912,0.272561,0.213621
88,34.375023,26.879954,92.720232,0.390625260,0.305454028,1.053639002,1.278835,0.370739,0.289904
96,37.327739,29.153189,136.872856,0.388830618,0.303679053,1.425758915,1.280400,0.272718,0.212995
104,40.652525,31.464471,115.084471,0.390889663,0.302542995,1.106581451,1.292014,0.353241,0.273403
112,43.809915,33.683908,159.263158,0.391159958,0.300749179,1.421992481,1.300619,0.275079,0.211498
120,46.537112,35.996665,137.888465,0.387809269,0.299972209,1.149070542,1.292817,0.337498,0.261056
128,49.409280,38.295771,181.528772,0.386009996,0.299185713,1.418193529,1.290202,0.272184,0.210963
136,52.776133,40.773682,159.929302,0.388059798,0.299806486,1.175950747,1.294368,0.329997,0.254948
144,55.880196,43.161269,204.136685,0.388056916,0.299731035,1.417615867,1.294684,0.273739,0.211433
152,58.934102,45.558066,182.333313,0.387724355,0.299724119,1.199561270,1.293604,0.323222,0.249861
160,62.085581,47.702553,226.383434,0.388034880,0.298140955,1.414896461,1.301515,0.274250,0.210716
168,65.587915,50.101195,204.448666,0.390404257,0.298221400,1.216956343,1.309109,0.320804,0.245055
176,68.346916,52.391288,248.687251,0.388334750,0.297677775,1.412995746,1.304547,0.274831,0.210671
184,71.898797,54.651133,227.035563,0.390754331,0.297017026,1.233888929,1.315596,0.316685,0.240716
192,74.975595,56.885101,271.103866,0.390497888,0.296276567,1.411999300,1.318018,0.276557,0.209828
200,78.234805,59.448756,249.330405,0.391174025,0.297243778,1.246652023,1.316004,0.313780,0.238434
208,81.354673,61.735558,293.858594,0.391128234,0.296805567,1.412781701,1.317793,0.276850,0.210086
216,84.449314,64.144430,271.550126,0.390969045,0.296964952,1.257176511,1.316549,0.310990,0.236216
224,87.663026,66.369692,315.767256,0.391352793,0.296293269,1.409675250,1.320829,0.277619,0.210185
232,90.657095,68.731502,293.856641,0.390763342,0.296256473,1.266623451,1.319004,0.308508,0.233895
240,93.769750,70.952227,340.253963,0.390707292,0.295634278,1.417724845,1.321590,0.275588,0.208527
248,97.247183,73.342260,316.341751,0.392125736,0.295734918,1.275571576,1.325937,0.307412,0.231845
256,100.112126,75.551546,360.085249,0.391062994,0.295123227,1.406583004,1.325084,0.278023,0.209816
264,102.861945,78.005460,338.954422,0.389628579,0.295475226,1.283918267,1.318651,0.303468,0.230136
272,106.462543,80.262831,382.993878,0.391406406,0.295083939,1.408065726,1.326424,0.277975,0.209567
280,109.422477,82.667456,361.054327,0.390794560,0.295240914,1.289479739,1.323646,0.303064,0.228961
288,112.456647,84.915498,404.937096,0.390474469,0.294845478,1.406031583,1.324336,0.277714,0.209700
296,115.798727,87.405143,383.224745,0.391211915,0.295287646,1.294678192,1.324850,0.302169,0.228078
304,118.788054,89.577424,427.815625,0.390750177,0.294662578,1.407288240,1.326094,0.277662,0.209383
312,121.942133,91.964216,406.045996,0.390840169,0.294757102,1.301429473,1.325974,0.300316,0.226487
320,124.938915,95.199334,452.963919,0.390434109,0.297497918,1.415512247,1.312393,0.275825,0.210170
328,127.855586,96.690786,427.930682,0.389803615,0.294788982,1.304666713,1.322314,0.298776,0.225950
336,131.012657,98.920853,472.299309,0.389918622,0.294407301,1.405652705,1.324419,0.277393,0.209445
344,134.075580,101.544338,450.871695,0.389754594,0.295187030,1.310673531,1.320365,0.297370,0.225218
352,137.086166,103.686188,494.381908,0.389449335,0.294563034,1.404494057,1.322126,0.277288,0.209729
360,140.478200,106.029379,473.210113,0.390217222,0.294526051,1.314472536,1.324899,0.296862,0.224064
368,143.382167,108.216263,518.201485,0.389625455,0.294065932,1.408156209,1.324960,0.276692,0.208830
376,146.735231,110.504012,495.349013,0.390253273,0.293893649,1.317417588,1.327872,0.296226,0.223083
384,149.984125,112.840027,539.720187,0.390583660,0.293854237,1.405521320,1.329175,0.277892,0.209071
392,152.982871,115.133129,517.211882,0.390262426,0.293706961,1.319418066,1.328748,0.295784,0.222603
400,157.016200,117.600368,561.488024,0.392540500,0.294000920,1.403720060,1.335168,0.279643,0.209444
408,160.155343,120.223638,540.176365,0.392537606,0.294665779,1.323961679,1.332145,0.296487,0.222564
416,165.302157,122.110677,584.204581,0.397360954,0.293535281,1.404337934,1.353708,0.282953,0.209020
424,165.401400,124.510832,563.344311,0.390097641,0.293657622,1.328642244,1.328410,0.293606,0.221021
432,168.889501,126.938938,607.109476,0.390947919,0.293840134,1.405346009,1.330478,0.278186,0.209087
440,171.918613,129.818983,585.708851,0.390724120,0.295043144,1.331156479,1.324295,0.293522,0.221644
448,174.982043,132.011340,628.929583,0.390584917,0.294668169,1.403860677,1.325508,0.278222,0.209898
456,178.825119,134.344645,607.242339,0.392160349,0.294615450,1.331671795,1.331092,0.294487,0.221237
464,181.226653,136.642194,651.282543,0.390574683,0.294487488,1.403626170,1.326286,0.278261,0.209805
472,185.421381,139.145586,630.128356,0.392841909,0.294799970,1.335017703,1.332571,0.294260,0.220821
480,188.661469,141.307982,674.442411,0.393044727,0.294391629,1.405088356,1.335108,0.279730,0.209518
488,191.210667,143.723344,652.626302,0.391825137,0.294515050,1.337348980,1.330408,0.292986,0.220223
496,196.338389,145.960439,695.859491,0.395843526,0.294275079,1.402942522,1.345148,0.282152,0.209756
504,198.507003,148.730339,675.072617,0.393863102,0.295099878,1.339429795,1.334677,0.294053,0.220318
512,210.041387,151.139392,718.917462,0.410237084,0.295194125,1.404135668,1.389720,0.292163,0.210232
520,208.244387,152.757176,698.002778,0.400469976,0.293763801,1.342313034,1.363238,0.298343,0.218849
528,210.917978,155.613184,740.957677,0.399465867,0.294721940,1.403328934,1.355399,0.284656,0.210016
536,213.412855,157.725998,719.573473,0.398158312,0.294264921,1.342487823,1.353061,0.296582,0.219194
544,216.752454,160.302991,763.427846,0.398442011,0.294674617,1.403360010,1.352142,0.283920,0.209978
552,220.748750,162.208207,741.442421,0.399907156,0.293855448,1.343192792,1.360898,0.297729,0.218774
560,222.332050,164.704057,785.641146,0.397021517,0.294114388,1.402930618,1.349888,0.282994,0.209643
568,225.641752,167.251114,764.284045,0.397256605,0.294456187,1.345570501,1.349120,0.295233,0.218834
576,230.219210,169.127365,808.845097,0.399686128,0.293623897,1.404244960,1.361218,0.284627,0.209097
584,232.298345,171.615174,786.076042,0.397771138,0.293861599,1.346020619,1.353600,0.295516,0.218319
592,235.856862,173.895949,831.524336,0.398406862,0.293743157,1.404601919,1.356310,0.283644,0.209129
600,238.576892,176.357672,808.791218,0.397628154,0.293929453,1.347985363,1.352801,0.294980,0.218051
608,241.134479,178.615060,852.466761,0.396602762,0.293774769,1.402083489,1.350023,0.282867,0.209527
616,244.726725,180.745544,830.974004,0.397283645,0.293418091,1.348983773,1.353985,0.294506,0.217510
624,248.678962,183.031920,874.566551,0.398523978,0.293320385,1.401548960,1.358664,0.284345,0.209283
632,251.798090,185.766832,853.918182,0.398414699,0.293934860,1.351136364,1.355452,0.294874,0.217546
640,253.763682,187.647625,900.009524,0.396505754,0.293199414,1.406264881,1.352342,0.281957,0.208495
648,258.747590,190.220145,878.519860,0.399301836,0.293549606,1.355740524,1.360253,0.294527,0.216523
656,262.685749,169.627147,918.932646,0.400435593,0.258577969,1.400811960,1.548607,0.285860,0.184591
664,262.934349,192.105828,897.533333,0.395985465,0.289316006,1.351706827,1.368695,0.292952,0.214038
672,266.371893,194.277497,940.781875,0.396386745,0.289103419,1.399973028,1.371090,0.283139,0.206506
680,268.634760,196.449529,920.065257,0.395051118,0.288896367,1.353037143,1.367449,0.291974,0.213517
688,272.630087,198.552656,963.415816,0.396264662,0.288593977,1.400313687,1.373087,0.282983,0.206092
696,276.179504,200.902904,943.000625,0.396809632,0.288653598,1.354885955,1.374691,0.292873,0.213046
704,278.628802,206.752616,986.172201,0.395779548,0.293682693,1.400812785,1.347643,0.282536,0.209652
712,282.386389,209.261693,964.793048,0.396610097,0.293906872,1.355046416,1.349441,0.292691,0.216898
720,285.636588,211.329673,1008.155914,0.396717484,0.293513435,1.400216547,1.351616,0.283326,0.209620
728,290.801374,213.793565,987.510526,0.399452437,0.293672479,1.356470503,1.360197,0.294479,0.216498
736,294.135188,216.082373,1030.742788,0.399640201,0.293590181,1.400465745,1.361218,0.285362,0.209638
744,294.996364,218.147747,1009.207997,0.396500489,0.293209337,1.356462362,1.352278,0.292305,0.216157
752,297.127373,220.366197,1052.771181,0.395116188,0.293040156,1.399961676,1.348335,0.282234,0.209320
760,301.795820,225.330710,1033.032967,0.397099763,0.296487777,1.359253904,1.339346,0.292145,0.218125
768,305.226562,225.461463,1077.078125,0.397430420,0.293569614,1.402445475,1.353786,0.283384,0.209327
776,310.815604,228.160128,1055.011236,0.400535573,0.294020783,1.359550562,1.362270,0.294609,0.216263
784,311.963559,229.762607,1100.323765,0.397912703,0.293064550,1.403474189,1.357765,0.283520,0.208814
792,314.349080,232.178373,1077.386719,0.396905404,0.293154511,1.360336766,1.353912,0.291770,0.215501
800,316.942884,234.325281,1121.139137,0.396178605,0.292906601,1.401423921,1.352577,0.282697,0.209006
808,320.972910,236.732683,1099.179506,0.397243700,0.292985993,1.360370676,1.355845,0.292011,0.215372
816,324.004634,239.643893,1143.419588,0.397064502,0.293681242,1.401249496,1.352025,0.283365,0.209585
824,329.376316,241.816447,1122.225074,0.399728539,0.293466561,1.361923634,1.362092,0.293503,0.215479
832,332.344523,244.145752,1166.123071,0.399452552,0.293444413,1.401590230,1.361255,0.285000,0.209365
840,335.532589,246.018652,1146.788110,0.399443559,0.292879347,1.365223940,1.363850,0.292585,0.214528
848,336.534722,248.454282,1188.786392,0.396856984,0.292988541,1.401870746,1.354514,0.283091,0.208998
856,339.051444,250.763118,1168.630787,0.396088136,0.292947568,1.365222882,1.352079,0.290127,0.214579
864,342.949703,252.928066,1211.182292,0.396932527,0.292740817,1.401831356,1.355918,0.283153,0.208827
872,348.553903,255.122452,1189.878165,0.399717779,0.292571620,1.364539180,1.366222,0.292932,0.214411
880,351.641152,257.769746,1232.963068,0.399592218,0.292920166,1.401094396,1.364168,0.285200,0.209065
888,354.537972,260.008830,1210.810096,0.399254473,0.292802736,1.363524883,1.363561,0.292811,0.214740
896,355.593395,262.431215,1254.384167,0.396867628,0.292891981,1.399982329,1.354997,0.283480,0.209211
904,358.701336,266.134295,1234.240543,0.396793513,0.294396344,1.365310335,1.347821,0.290625,0.215626
912,362.081684,266.967507,1281.888091,0.397019391,0.292727530,1.405579047,1.356276,0.282460,0.208261
920,367.600342,269.544899,1256.784167,0.399565589,0.292983586,1.366069746,1.363781,0.292493,0.214472
928,370.413632,272.117029,1300.745719,0.399152621,0.293229557,1.401665646,1.361229,0.284770,0.209201
936,373.848730,274.021684,1278.805743,0.399411036,0.292758209,1.366245452,1.364303,0.292342,0.214279
944,377.432480,276.378952,1324.745599,0.399822542,0.292774314,1.403332202,1.365634,0.284909,0.208628
952,378.636971,279.030227,1300.946490,0.397727910,0.293098978,1.366540430,1.356975,0.291047,0.214482
960,380.446862,280.907841,1344.706250,0.396298815,0.292612334,1.400735677,1.354348,0.282922,0.208899
968,385.362705,283.743580,1323.455986,0.398101968,0.293123533,1.367206597,1.358137,0.291179,0.214396
976,388.679236,285.411474,1369.778986,0.398236922,0.292429789,1.403462075,1.361821,0.283753,0.208363
984,391.886979,288.686731,1350.179464,0.398259125,0.293380824,1.372133602,1.357482,0.290248,0.213814
992,395.676820,290.054205,1390.828125,0.398867762,0.292393352,1.402044481,1.364148,0.284490,0.208548
1000,396.900316,293.111621,1368.732337,0.396900316,0.293111621,1.368732337,1.354093,0.289977,0.214148
1008,399.734309,294.932488,1412.626866,0.396561814,0.292591754,1.401415541,1.355342,0.282972,0.208783
1016,405.681843,297.273734,1390.409926,0.399293152,0.292592258,1.368513707,1.364674,0.291771,0.213803
1024,408.057337,299.375299,1436.847064,0.398493493,0.292358690,1.403170961,1.363029,0.283995,0.208356
1032,410.670306,301.951568,1411.493470,0.397936343,0.292588728,1.367726231,1.360054,0.290947,0.213923
1040,414.138491,305.184862,1456.053365,0.398210088,0.293446983,1.400051313,1.357009,0.284425,0.209597
1048,416.052544,306.632251,1435.497633,0.396996703,0.292588026,1.369749649,1.356845,0.289832,0.213607
1056,417.955833,308.941406,1478.951172,0.395791509,0.292558150,1.400521943,1.352864,0.282603,0.208892
1064,422.839668,311.377483,1457.491346,0.397405703,0.292648011,1.369822694,1.357965,0.290115,0.213639
1072,425.788037,313.728261,1501.141865,0.397190333,0.292656960,1.400318904,1.357187,0.283643,0.208993
1080,428.366581,315.857849,1479.839844,0.396635723,0.292460972,1.370222078,1.356201,0.289468,0.213441
1088,432.830069,318.975659,1523.417843,0.397821755,0.293176157,1.400200223,1.356938,0.284118,0.209382
1096,436.142878,320.856655,1502.426091,0.397940582,0.292752423,1.370826726,1.359308,0.290292,0.213559
1104,439.833820,323.433405,1545.677254,0.398400199,0.292965041,1.400069977,1.359890,0.284557,0.209250
1112,442.389888,325.228374,1526.915827,0.397832633,0.292471559,1.373125743,1.360244,0.289728,0.212997
1120,446.293246,328.039991,1567.589583,0.398476113,0.292892849,1.399633557,1.360484,0.284700,0.209264
1128,448.738337,329.862061,1549.078893,0.397817675,0.292430905,1.373296891,1.360382,0.289681,0.212941
1136,451.666617,332.191034,1589.895127,0.397593853,0.292421684,1.399555570,1.359659,0.284086,0.208939
1144,454.831220,334.618883,1567.313542,0.397579738,0.292499024,1.370029320,1.359252,0.290198,0.213498
1152,457.971494,336.788978,1612.114407,0.397544700,0.292351544,1.399404867,1.359817,0.284081,0.208911
1160,461.126225,338.878836,1593.565678,0.397522608,0.292136927,1.373763515,1.360741,0.289368,0.212654
1168,464.760520,342.107045,1636.008082,0.397911404,0.292899868,1.400691851,1.358524,0.284082,0.209111
1176,467.626244,344.211538,1624.025862,0.397641364,0.292696886,1.380974373,1.358543,0.287943,0.211950
1184,471.694724,346.829105,1656.700658,0.398390814,0.292929987,1.399240421,1.360021,0.284719,0.209349
1192,473.759785,348.701441,1634.634159,0.397449484,0.292534766,1.371337382,1.358640,0.289826,0.213321
1200,477.322652,351.249064,1682.015625,0.397768877,0.292707553,1.401679687,1.358929,0.283780,0.208826
1208,480.394133,353.136983,1656.595943,0.397677262,0.292331940,1.371354257,1.360362,0.289989,0.213170
1216,483.415432,355.512784,1704.814205,0.397545585,0.292362487,1.401985366,1.359769,0.283559,0.208535
1224,486.464216,357.783032,1680.944196,0.397438085,0.292306399,1.373320422,1.359663,0.289399,0.212846
1232,489.873372,360.682933,1724.103409,0.397624491,0.292762121,1.399434585,1.358183,0.284132,0.209200
1240,492.827716,362.751207,1702.483817,0.397441706,0.292541296,1.372970820,1.358583,0.289476,0.213072
1248,496.491733,365.737111,1748.646412,0.397829914,0.293058582,1.401158984,1.357510,0.283929,0.209154
1256,499.165891,367.420898,1726.893182,0.397425072,0.292532562,1.374914954,1.358567,0.289054,0.212764
1264,502.333222,370.043430,1770.679245,0.397415524,0.292755878,1.400853833,1.357498,0.283695,0.208984
1272,506.114247,372.182912,1752.732060,0.397888559,0.292596629,1.377934010,1.359854,0.288757,0.212344
1280,508.893919,374.717629,1793.119693,0.397573374,0.292748148,1.400874760,1.358073,0.283804,0.208975
1288,511.095788,376.621737,1770.219340,0.396813500,0.292408181,1.374393897,1.357053,0.288719,0.212754
1296,514.769809,379.338710,1815.120793,0.397198926,0.292699622,1.400556168,1.357019,0.283601,0.208988
1304,517.575893,381.135925,1792.270637,0.396914028,0.292282151,1.374440672,1.357982,0.288782,0.212655
1312,521.307812,384.037372,1838.335172,0.397338272,0.292711412,1.401170100,1.357440,0.283576,0.208905
1320,525.738827,388.488120,1817.092548,0.398286990,0.294309182,1.376585264,1.353294,0.289330,0.213797
1328,528.469452,389.572355,1860.717525,0.397943865,0.293352677,1.401142714,1.356537,0.284014,0.209367
1336,531.412959,390.244035,1835.775841,0.397764191,0.292098829,1.374083714,1.361745,0.289476,0.212577
1344,533.395241,392.722542,1879.807500,0.396871459,0.292204272,1.398666295,1.358199,0.283750,0.208916
1352,537.212857,394.785058,1858.462623,0.397346788,0.292000782,1.374602531,1.360773,0.289063,0.212426
1360,539.224677,397.206224,1904.194375,0.396488733,0.292063400,1.400142923,1.357543,0.283177,0.208595
1368,543.268244,399.863431,1883.563750,0.397125910,0.292297830,1.376874086,1.358634,0.288426,0.212291
1376,546.871730,402.554050,1925.269133,0.397435850,0.292553816,1.399178149,1.358505,0.284049,0.209090
1384,549.342471,404.546336,1904.244375,0.396923751,0.292302266,1.375899115,1.357922,0.288483,0.212445
1392,553.088603,406.880817,1954.649740,0.397333766,0.292299438,1.404202399,1.359338,0.282960,0.208160
1400,556.311575,409.417576,1926.786990,0.397365411,0.292441126,1.376276421,1.358788,0.288725,0.212487
1408,558.594308,411.361294,1972.331380,0.396728912,0.292160010,1.400803537,1.357917,0.283215,0.208566
1416,562.552957,413.905837,1950.606505,0.397283161,0.292306382,1.377546967,1.359133,0.288399,0.212193
1424,564.825489,415.694414,1992.701823,0.396647113,0.291920234,1.399369258,1.358752,0.283447,0.208608
1432,568.426705,418.144722,1971.915365,0.396946023,0.292000504,1.377035869,1.359402,0.288261,0.212050
1440,571.700076,420.426289,2014.967420,0.397013942,0.291962701,1.399282931,1.359810,0.283727,0.208652
1448,574.905107,423.468750,1995.672872,0.397033913,0.292450794,1.378227122,1.357609,0.288076,0.212193
1456,577.987347,425.179864,2037.228059,0.396969331,0.292019138,1.399195095,1.359395,0.283713,0.208705
1464,581.190586,428.626142,2018.445479,0.396988105,0.292777419,1.378719589,1.355938,0.287940,0.212355
1472,584.227873,430.252724,2060.599185,0.396893935,0.292291252,1.399863577,1.357871,0.283523,0.208800
1480,588.289453,433.276498,2041.088995,0.397492874,0.292754390,1.379114186,1.357769,0.288223,0.212277
1488,590.582351,434.738426,2082.642663,0.396896741,0.292162921,1.399625446,1.358477,0.283574,0.208744
1496,593.580301,437.334593,2062.235734,0.396778276,0.292335958,1.378499822,1.357268,0.287833,0.212068
1504,596.299842,439.753505,2107.347917,0.396475959,0.292389298,1.401162179,1.355987,0.282962,0.208676
1512,600.398487,442.263119,2083.765972,0.397088947,0.292502063,1.378152098,1.357559,0.288131,0.212242
1520,602.957131,444.701126,2127.812500,0.396682323,0.292566530,1.399876645,1.355870,0.283369,0.208995
1528,607.083065,446.830804,2105.105556,0.397305670,0.292428536,1.377686882,1.358642,0.288386,0.212261
1536,610.872971,449.121112,2149.198864,0.397703757,0.292396558,1.399218010,1.360152,0.284233,0.208971
1544,613.358252,451.722206,2131.656250,0.397252754,0.292566195,1.380606380,1.357822,0.287738,0.211911
1552,616.507761,453.674819,2171.086648,0.397234382,0.292316249,1.398896036,1.358920,0.283963,0.208962
1560,618.939556,456.218447,2151.989347,0.396756126,0.292447722,1.379480350,1.356674,0.287613,0.211998
1568,622.407492,457.855640,2196.417878,0.396943553,0.291999771,1.400776708,1.359397,0.283374,0.208456
1576,625.802500,460.969975,2174.127131,0.397082805,0.292493639,1.379522291,1.357578,0.287841,0.212025
1584,628.725417,462.989840,2219.710029,0.396922612,0.292291566,1.401332089,1.357968,0.283247,0.208581
1592,631.852349,465.289604,2196.978198,0.396892179,0.292267339,1.380011431,1.357977,0.287601,0.211786
1600,635.194679,467.442786,2240.961310,0.396996674,0.292151741,1.400600818,1.358871,0.283447,0.208590
1608,638.584609,469.739375,2218.619913,0.397129732,0.292126477,1.379738752,1.359444,0.287830,0.211726
1616,641.458759,472.665358,2267.158482,0.396942301,0.292490939,1.402944605,1.357110,0.282935,0.208484
1624,644.613014,474.648359,2246.861607,0.396929196,0.292271157,1.383535472,1.358085,0.286895,0.211249
1632,647.153448,477.287754,2286.629464,0.396540103,0.292455731,1.401120995,1.355898,0.283016,0.208730
1640,650.222414,479.488520,2267.024554,0.396477082,0.292371049,1.382332045,1.356075,0.286818,0.211506
1648,653.546441,481.259936,2306.312500,0.396569442,0.292026660,1.399461468,1.357991,0.283373,0.208671
1656,657.034965,484.254510,2285.863095,0.396760245,0.292424221,1.380352111,1.356797,0.287434,0.211848
1664,659.810315,486.472150,2329.909299,0.396520622,0.292351052,1.400185877,1.356317,0.283191,0.208794
1672,663.437940,489.040202,2306.837652,0.396793026,0.292488159,1.379687591,1.356612,0.287596,0.211996
1680,666.281472,490.568359,2351.134375,0.396596114,0.292004976,1.399484747,1.358183,0.283387,0.208652
1688,668.444592,493.061518,2329.291921,0.395997981,0.292098056,1.379912275,1.355702,0.286973,0.211679
1696,671.647768,495.418092,2374.992969,0.396018731,0.292109724,1.400349628,1.355719,0.282800,0.208598
1704,675.081610,497.930225,2350.306250,0.396174654,0.292212573,1.379287705,1.355776,0.287231,0.211858
1712,679.400589,500.547207,2399.906250,0.396846138,0.292375705,1.401814398,1.357316,0.283095,0.208569
1720,681.189312,502.550468,2375.914844,0.396040297,0.292180505,1.381345839,1.355464,0.286706,0.211519
1728,685.372263,505.067540,2418.551282,0.396627467,0.292284456,1.399624585,1.356991,0.283381,0.208831
1736,689.250000,507.924493,2397.468750,0.397033410,0.292583233,1.381030386,1.356993,0.287491,0.211859
1744,693.024357,510.141474,2444.207532,0.397376351,0.292512313,1.401495145,1.358494,0.283537,0.208714
1752,695.525926,512.231997,2418.839744,0.396989684,0.292369861,1.380616292,1.357834,0.287545,0.211768
1760,697.988889,514.096995,2466.642628,0.396584596,0.292100565,1.401501493,1.357699,0.282971,0.208420
1768,700.793377,517.380151,2442.965545,0.396376344,0.292635832,1.381767842,1.354504,0.286862,0.211784
1776,704.114272,519.580801,2493.421875,0.396460739,0.292556757,1.403953758,1.355158,0.282389,0.208381
1784,707.300752,521.161806,2464.423077,0.396469031,0.292131057,1.381403070,1.357162,0.287005,0.211474
1792,711.117898,523.672222,2507.961349,0.396829184,0.292227803,1.399532003,1.357945,0.283544,0.208804
1800,713.530303,526.110684,2487.657895,0.396405724,0.292283714,1.382032164,1.356236,0.286828,0.211488
1808,716.656011,528.516854,2531.422697,0.396380537,0.292321269,1.400123173,1.355976,0.283104,0.208783
1816,720.324905,530.904308,2513.782895,0.396654683,0.292348187,1.384241682,1.356789,0.286550,0.211197
1824,722.668750,532.812855,2552.704392,0.396199973,0.292112311,1.399508987,1.356328,0.283099,0.208725
1832,727.178295,535.746786,2533.461349,0.396931384,0.292438202,1.382893749,1.357317,0.287030,0.211468
1840,730.349322,537.618214,2574.663007,0.396928979,0.292183812,1.399273373,1.358491,0.283668,0.208811
1848,732.947510,540.980963,2556.200169,0.396616618,0.292738616,1.383225200,1.354849,0.286733,0.211635
1856,736.299316,542.346821,2600.363176,0.396712994,0.292212727,1.401057746,1.357617,0.283152,0.208566
1864,739.692913,546.266715,2577.053209,0.396830962,0.293061542,1.382539275,1.354087,0.287031,0.211973
1872,743.777559,547.122456,2626.745660,0.397317072,0.292266269,1.403176100,1.359435,0.283156,0.208289
1880,745.379960,550.217836,2598.057432,0.396478702,0.292669062,1.381945443,1.354700,0.286899,0.211780
1888,748.725694,551.232091,2643.542535,0.396570813,0.291966150,1.400181427,1.358277,0.283228,0.208520
1896,752.015500,554.029779,2620.869792,0.396632648,0.292209799,1.382315291,1.357356,0.286934,0.211392
1904,755.273000,556.363351,2664.461806,0.396676996,0.292207642,1.399402209,1.357518,0.283462,0.208809
1912,757.497984,558.724516,2643.724826,0.396180954,0.292219935,1.382701269,1.355763,0.286527,0.211340
1920,761.253024,560.833705,2686.127679,0.396485950,0.292100888,1.399024833,1.357360,0.283402,0.208789
1928,763.826982,564.560629,2665.312500,0.396175820,0.292821903,1.382423496,1.352958,0.286581,0.211818
1936,768.143293,565.333584,2708.117857,0.396768230,0.292011149,1.398821207,1.358743,0.283645,0.208755
1944,771.319672,568.727652,2687.483929,0.396769379,0.292555376,1.382450581,1.356220,0.287004,0.211621
1952,774.101434,569.576136,2733.571429,0.396568358,0.291791053,1.400395199,1.359083,0.283183,0.208363
1960,776.772211,572.424162,2710.385714,0.396312352,0.292053144,1.382849854,1.356987,0.286591,0.211197
1968,779.331612,574.179116,2755.598214,0.396001835,0.291757681,1.400202345,1.357297,0.282818,0.208368
1976,783.138542,576.990606,2732.955357,0.396325173,0.291999294,1.383074573,1.357281,0.286554,0.211123
1984,786.633333,579.273148,2773.871324,0.396488575,0.291972353,1.398120627,1.357966,0.283587,0.208832
1992,791.255777,582.329581,2752.973214,0.397216756,0.292334127,1.382014666,1.358777,0.287419,0.211528
2000,793.041492,583.899845,2800.828125,0.396520746,0.291949922,1.400414062,1.358181,0.283145,0.208474
2008,798.001059,586.834375,2777.740809,0.397410886,0.292248195,1.383337056,1.359840,0.287284,0.211263
2016,803.261752,588.558984,2822.151654,0.398443329,0.291943941,1.399876813,1.364794,0.284627,0.208550
2024,803.980235,591.452830,2799.872243,0.397223436,0.292219778,1.383336088,1.359331,0.287149,0.211243
2032,807.046474,593.168632,2845.154356,0.397168541,0.291913697,1.400174388,1.360568,0.283656,0.208484
2040,809.491649,596.373022,2823.079044,0.396809632,0.292339717,1.383862277,1.357358,0.286741,0.211249
2048,815.253533,597.639928,2865.398674,0.398073014,0.291816371,1.399120446,1.364122,0.284517,0.208571
2056,817.755978,601.266627,2843.335227,0.397741235,0.292444857,1.382945149,1.360055,0.287604,0.211465
2064,822.079348,602.366386,2888.978220,0.398294258,0.291844179,1.399698750,1.364750,0.284557,0.208505
2072,825.718750,605.149597,2865.910038,0.398512910,0.292060616,1.383161215,1.364487,0.288117,0.211154
2080,827.558114,607.891532,2910.606061,0.397864478,0.292255544,1.399329837,1.361358,0.284325,0.208854
2088,832.887721,611.002841,2888.504735,0.398892587,0.292625882,1.383383494,1.363149,0.288346,0.211529
2096,837.255301,612.595779,2935.226562,0.399453865,0.292268979,1.400394352,1.366734,0.285244,0.208705
2104,839.704799,615.590686,2912.660985,0.399099239,0.292581125,1.384344575,1.364064,0.288295,0.211350
2112,842.785156,617.039885,2955.206055,0.399046002,0.292159036,1.399245291,1.365852,0.285187,0.208798
2120,846.309685,619.877056,2932.531250,0.399202681,0.292394838,1.383269458,1.365286,0.288594,0.211380
2128,847.672297,621.860927,2978.614258,0.398342245,0.292227879,1.399724745,1.363122,0.284586,0.208775
2136,852.078266,623.829056,2956.623047,0.398913046,0.292054802,1.384186820,1.365884,0.288193,0.210994
2144,855.108807,626.106667,2997.148438,0.398838063,0.292027363,1.397923712,1.365756,0.285307,0.208901
2152,857.790341,628.200417,2976.661133,0.398601460,0.291914692,1.383206846,1.365472,0.288172,0.211042
2160,860.602924,631.143456,3020.360352,0.398427280,0.292196045,1.398314978,1.363562,0.284934,0.208963
2168,864.547592,633.794975,3007.431641,0.398776564,0.292340855,1.387191716,1.364081,0.287470,0.210743
2176,867.761468,637.019003,3041.312500,0.398787439,0.292747704,1.397661994,1.362222,0.285325,0.209455
2184,869.881944,639.052296,3024.720766,0.398297594,0.292606363,1.384945406,1.361206,0.287591,0.211276
2192,872.483218,641.869048,3064.456653,0.398030665,0.292823471,1.398018546,1.359285,0.284711,0.209456
2200,876.621787,643.320205,3046.534274,0.398464449,0.292418275,1.384788306,1.362652,0.287744,0.211165
2208,880.380257,646.383134,3088.618952,0.398722942,0.292745984,1.398831047,1.362010,0.285040,0.209279
2216,884.360981,648.067241,3064.416331,0.399079865,0.292449116,1.382859355,1.364613,0.288590,0.211481
2224,885.487028,650.715948,3110.292339,0.398150642,0.292588106,1.398512742,1.360789,0.284696,0.209214
2232,888.783019,652.383247,3089.597782,0.398200277,0.292286401,1.384228397,1.362363,0.287669,0.211155
2240,893.484965,655.846154,3131.492708,0.398877216,0.292788462,1.397987816,1.362339,0.285322,0.209436
2248,896.307143,657.799825,3117.631048,0.398713142,0.292615581,1.386846552,1.362583,0.287496,0.210993
2256,899.450000,660.920555,3155.262500,0.398692376,0.292961239,1.398609264,1.360905,0.285063,0.209466
2264,903.813702,662.133143,3134.054167,0.399210999,0.292461635,1.384299544,1.365003,0.288385,0.211270
2272,903.849760,664.575484,3175.001042,0.397821197,0.292506815,1.397447642,1.360041,0.284677,0.209315
2280,909.471454,666.981826,3162.907292,0.398890989,0.292535889,1.387240040,1.363563,0.287543,0.210876
2288,913.747876,670.935714,3200.843750,0.399365331,0.293241134,1.398970170,1.361901,0.285471,0.209612
2296,911.908981,672.004911,3178.760417,0.397172901,0.292685066,1.384477533,1.356997,0.286876,0.211405
2304,918.286408,674.420089,3222.644792,0.398561809,0.292717053,1.398717357,1.361594,0.284948,0.209275
2312,922.237132,676.117806,3201.812500,0.398891493,0.292438497,1.384866998,1.364018,0.288036,0.211167
2320,923.793505,679.626812,3245.174569,0.398186856,0.292942591,1.398782142,1.359266,0.284667,0.209427
2328,928.629950,680.870018,3221.395833,0.398896027,0.292469939,1.383761097,1.363887,0.288269,0.211359
2336,931.430384,683.501359,3269.483836,0.398728760,0.292594760,1.399607807,1.362734,0.284886,0.209055
2344,933.564975,685.897126,3246.726293,0.398278573,0.292618228,1.385122139,1.361086,0.287540,0.211258
2352,937.566250,688.371807,3291.628233,0.398625106,0.292675088,1.399501800,1.362006,0.284834,0.209128
2360,940.369688,690.368107,3269.548491,0.398461732,0.292528859,1.385401903,1.362128,0.287615,0.211151
2368,942.506875,692.996783,3315.075431,0.398018106,0.292650669,1.399947395,1.360045,0.284309,0.209044
2376,946.575312,694.868519,3290.733836,0.398390283,0.292453080,1.384988988,1.362237,0.287649,0.211159
2384,950.117424,697.870833,3338.016164,0.398539188,0.292731054,1.400174565,1.361452,0.284635,0.209068
2392,952.617424,700.317864,3313.987069,0.398251432,0.292775027,1.385446099,1.360264,0.287454,0.211322
2400,956.885204,703.188200,3359.823661,0.398702168,0.292995083,1.399926525,1.360781,0.284802,0.209293
2408,960.329082,704.878965,3339.923491,0.398807758,0.292723822,1.387011417,1.362403,0.287530,0.211046
2416,962.373087,707.554511,3381.619420,0.398333231,0.292861967,1.399676912,1.360140,0.284589,0.209235
2424,965.054528,709.887688,3358.428571,0.398124805,0.292857957,1.385490335,1.359447,0.287353,0.211375
2432,967.684601,712.661458,3407.088170,0.397896629,0.293035139,1.400940859,1.357846,0.284021,0.209170
2440,972.271907,714.297348,3384.064732,0.398472093,0.292744815,1.386911775,1.361158,0.287309,0.211077
2448,974.697809,717.684160,3425.457589,0.398160870,0.293171634,1.399288231,1.358115,0.284545,0.209515
2456,979.356445,718.924618,3401.295759,0.398760768,0.292721750,1.384892410,1.362252,0.287936,0.211368
2464,981.667318,721.796154,3447.353795,0.398403944,0.292936751,1.399088391,1.360034,0.284760,0.209377
2472,984.339518,723.536538,3432.232143,0.398195598,0.292692774,1.388443423,1.360456,0.286793,0.210806
2480,990.257237,726.132692,3472.270833,0.399297273,0.292795440,1.400109207,1.363741,0.285190,0.209123
2488,989.297039,727.849322,3448.046875,0.397627427,0.292543940,1.385870930,1.359206,0.286915,0.211090
2496,994.168421,730.756298,3490.673611,0.398304656,0.292770953,1.398507056,1.360465,0.284807,0.209345
2504,998.089096,732.313953,3469.853795,0.398597882,0.292457649,1.385724359,1.362925,0.287646,0.211050
2512,999.917886,735.789062,3515.649306,0.398056483,0.292909659,1.399541921,1.358974,0.284419,0.209290
2520,1002.560505,737.200195,3492.351852,0.397841470,0.292539760,1.385853909,1.359957,0.287073,0.211090
2528,1006.792553,740.455709,3538.101852,0.398256548,0.292901783,1.399565606,1.359693,0.284557,0.209280
2536,1009.721774,741.673720,3515.650463,0.398155274,0.292458092,1.386297501,1.361410,0.287208,0.210963
2544,1012.252016,745.079861,3557.141204,0.397897805,0.292877304,1.398247328,1.358582,0.284569,0.209460
2552,1012.813172,746.595238,3538.577546,0.396870365,0.292552993,1.386589948,1.356576,0.286220,0.210987
2560,1018.639449,749.444692,3585.902778,0.397906035,0.292751833,1.400743273,1.359192,0.284068,0.208997
2568,1022.521399,751.330750,3565.925926,0.398178115,0.292574280,1.388600438,1.360947,0.286748,0.210697
2576,1026.247283,754.880250,3604.304398,0.398387920,0.293043575,1.399186490,1.359484,0.284728,0.209439
2584,1026.298234,756.316280,3580.369213,0.397174239,0.292692059,1.385591801,1.356970,0.286646,0.211240
2592,1032.136676,759.488911,3630.890625,0.398200878,0.293012697,1.400806568,1.358988,0.284265,0.209174
2600,1035.828297,760.272681,3612.418269,0.398395499,0.292412570,1.389391642,1.362443,0.286741,0.210461
2608,1036.964973,764.929370,3650.722356,0.397609269,0.293301139,1.399816854,1.355635,0.284044,0.209528
2616,1042.056250,765.081809,3630.338942,0.398339545,0.292462465,1.387744244,1.362019,0.287041,0.210747
2624,1045.250694,768.837602,3678.126202,0.398342490,0.293002135,1.401724925,1.359521,0.284180,0.209030
2632,1049.101389,769.992828,3651.094952,0.398594753,0.292550467,1.387194131,1.362482,0.287339,0.210894
2640,1051.406597,773.202357,3699.902644,0.398260075,0.292879681,1.401478274,1.359808,0.284171,0.208979
2648,1055.632725,774.203893,3674.736779,0.398652842,0.292373072,1.387740475,1.363507,0.287268,0.210683
2656,1058.424157,779.607955,3747.727163,0.398503071,0.293527091,1.411041854,1.357636,0.282418,0.208022
2664,1062.296699,779.698347,3697.728365,0.398760022,0.292679560,1.388036173,1.362446,0.287284,0.210859
2672,1065.835227,782.870312,3743.436298,0.398890429,0.292990386,1.400986639,1.361445,0.284721,0.209131
2680,1066.392756,784.216667,3716.164663,0.397907745,0.292618159,1.386628606,1.359819,0.286961,0.211029
2688,1072.113636,786.510677,3762.590000,0.398851799,0.292600698,1.399773065,1.363127,0.284940,0.209034
2696,1074.187145,788.705882,3756.002500,0.398437368,0.292546692,1.393176001,1.361962,0.285992,0.209985
2704,1075.632812,791.993697,3780.976250,0.397793200,0.292897077,1.398290033,1.358133,0.284485,0.209468
2712,1079.264368,793.193803,3767.415000,0.397958838,0.292475591,1.389164823,1.360657,0.286473,0.210541
2720,1084.573276,795.877119,3809.037500,0.398740175,0.292601882,1.400381434,1.362740,0.284737,0.208944
2728,1085.058190,798.477754,3783.977500,0.397748603,0.292697124,1.387088526,1.358908,0.286751,0.211015
2736,1089.264368,801.752938,3827.513750,0.398122941,0.293038355,1.398945084,1.358604,0.284588,0.209471
2744,1093.533067,802.687500,3806.488750,0.398517882,0.292524599,1.387204355,1.362340,0.287281,0.210873
2752,1096.392442,804.928686,3852.562500,0.398398416,0.292488621,1.399913699,1.362099,0.284588,0.208933
2760,1097.042878,807.329594,3830.150000,0.397479304,0.292510722,1.387735507,1.358854,0.286423,0.210783
2768,1103.747059,810.577317,3874.761250,0.398752550,0.292838626,1.399841492,1.361680,0.284856,0.209194
2776,1105.989706,812.379041,3854.150000,0.398411277,0.292643747,1.388382565,1.361421,0.286961,0.210780
2784,1108.430882,814.641972,3899.598750,0.398143277,0.292615651,1.400717942,1.360636,0.284242,0.208904
2792,1111.842279,816.560598,3874.498750,0.398224312,0.292464398,1.387714452,1.361616,0.286964,0.210753
2800,1114.926838,825.688596,3947.188802,0.398188157,0.294888784,1.409710286,1.350299,0.282461,0.209184
2808,1116.213542,821.212500,3897.547500,0.397511945,0.292454594,1.388015491,1.359226,0.286389,0.210700
2816,1121.299107,823.800164,3946.798177,0.398188603,0.292542672,1.401561853,1.361130,0.284103,0.208726
2824,1121.879464,825.587171,3920.731771,0.397266099,0.292346732,1.388361109,1.358887,0.286140,0.210570
2832,1127.489583,828.810855,3964.141927,0.398124853,0.292659200,1.399767630,1.360370,0.284422,0.209077
2840,1131.679970,830.620299,3941.785156,0.398478863,0.292471936,1.387952520,1.362452,0.287098,0.210722
2848,1132.583584,832.854535,3985.847656,0.397676820,0.292434879,1.399525160,1.359882,0.284151,0.208953
2856,1137.112575,834.320243,3969.545573,0.398148661,0.292128937,1.389896909,1.362921,0.286459,0.210180
2864,1141.777485,838.298828,4006.731771,0.398665323,0.292702105,1.398998523,1.362017,0.284965,0.209223
2872,1143.174322,840.271205,3991.171875,0.398041199,0.292573539,1.389683800,1.360483,0.286426,0.210532
2880,1145.934451,842.151786,4030.950521,0.397893907,0.292413814,1.399635598,1.360722,0.284284,0.208921
2888,1150.400915,844.300223,4010.065104,0.398338267,0.292347723,1.388526698,1.362550,0.286878,0.210545
2896,1152.192073,846.824887,4052.342448,0.397856379,0.292411909,1.399289519,1.360603,0.284327,0.208972
2904,1154.847942,849.223536,4032.617188,0.397674911,0.292432347,1.388642282,1.359887,0.286377,0.210589
2912,1159.931327,851.681025,4076.266304,0.398328066,0.292472879,1.399816725,1.361932,0.284557,0.208937
2920,1160.583719,854.469602,4050.402344,0.397460178,0.292626576,1.387124090,1.358250,0.286535,0.210959
2928,1163.881944,856.625568,4094.051630,0.397500664,0.292563377,1.398241677,1.358682,0.284286,0.209237
2936,1168.727238,858.651136,4074.841146,0.398067860,0.292456109,1.387888674,1.361120,0.286815,0.210720
2944,1171.593750,861.508601,4121.021739,0.397959834,0.292631998,1.399803580,1.359933,0.284297,0.209052
2952,1175.559766,863.234518,4096.008152,0.398224853,0.292423617,1.387536637,1.361808,0.287001,0.210750
2960,1177.774219,865.783257,4141.156250,0.397896696,0.292494344,1.399039274,1.360357,0.284407,0.209068
2968,1179.149219,867.299885,4121.903533,0.397287473,0.292216942,1.388781514,1.359563,0.286069,0.210412
2976,1184.473438,869.627315,4159.850543,0.398008548,0.292213479,1.397799242,1.362047,0.284739,0.209053
2984,1187.461234,871.684606,4141.509511,0.397942773,0.292119506,1.387905332,1.362260,0.286722,0.210475
2992,1188.861946,874.838252,4190.244565,0.397346907,0.292392464,1.400482809,1.358951,0.283721,0.208780
3000,1194.601266,876.945970,4162.554348,0.398200422,0.292315323,1.387518116,1.362229,0.286988,0.210675
3008,1198.081883,879.846086,4211.331522,0.398298498,0.292502023,1.400043724,1.361695,0.284490,0.208923
3016,1199.941456,881.528037,4187.430707,0.397858573,0.292283832,1.388405407,1.361206,0.286558,0.210518
3024,1202.228766,884.481722,4236.845109,0.397562423,0.292487342,1.401073118,1.359247,0.283756,0.208760
3032,1205.890224,885.814269,4211.968750,0.397721050,0.292155102,1.389171751,1.361335,0.286301,0.210309
3040,1209.543670,889.160377,4269.535511,0.397876207,0.292486966,1.404452471,1.360321,0.283296,0.208257
3048,1214.483974,891.147406,4232.293478,0.398452747,0.292371196,1.388547729,1.362832,0.286956,0.210559
3056,1215.256811,894.125595,4280.301136,0.397662569,0.292580365,1.400622100,1.359157,0.283919,0.208893
3064,1215.565705,895.447321,4259.942935,0.396725100,0.292247820,1.390320801,1.357495,0.285348,0.210202
3072,1220.609578,898.616667,4298.680398,0.397333847,0.292518446,1.399310025,1.358321,0.283950,0.209045
3080,1225.431006,900.664286,4282.190341,0.397867210,0.292423469,1.390321539,1.360586,0.286169,0.210328
3088,1228.762581,903.338942,4323.453125,0.397915344,0.292532041,1.400081971,1.360245,0.284209,0.208939
3096,1232.439935,904.853365,4296.707386,0.398074914,0.292265299,1.387825383,1.362033,0.286834,0.210592
3104,1236.098684,908.284555,4350.157670,0.398227669,0.292617447,1.401468322,1.360916,0.284150,0.208793
3112,1237.484375,909.309495,4326.379261,0.397649221,0.292194568,1.390224698,1.360906,0.286032,0.210178
3120,1241.530428,913.286408,4365.923295,0.397926419,0.292720002,1.399334390,1.359410,0.284368,0.209185
3128,1244.523849,914.527306,4340.242898,0.397865681,0.292368065,1.387545683,1.360838,0.286741,0.210709
3136,1247.023438,917.573422,4390.241477,0.397647780,0.292593566,1.399949451,1.359045,0.284044,0.209003
3144,1249.244243,919.703431,4369.985795,0.397342317,0.292526537,1.389944591,1.358312,0.285869,0.210459
3152,1254.625833,921.685662,4416.688920,0.398041191,0.292412964,1.401233795,1.361230,0.284065,0.208682
3160,1256.767500,924.400123,4393.265625,0.397711234,0.292531684,1.390273932,1.359549,0.286067,0.210413
3168,1261.430000,927.200061,4437.796875,0.398178662,0.292676787,1.400819721,1.360472,0.284247,0.208933
3176,1264.125417,929.001547,4417.171875,0.398024376,0.292506784,1.390797190,1.360736,0.286184,0.210316
3184,1265.300417,931.204517,4457.127841,0.397393347,0.292463730,1.399851709,1.358778,0.283882,0.208925
3192,1269.523649,933.583540,4443.151989,0.397720441,0.292476046,1.391964909,1.359839,0.285726,0.210117
3200,1271.715372,935.832921,4479.794643,0.397411054,0.292447788,1.399935826,1.358913,0.283878,0.208901
3208,1275.131757,937.160272,4458.946023,0.397484962,0.292132254,1.389945768,1.360634,0.285972,0.210175
3216,1280.418497,941.144688,4501.550595,0.398140080,0.292644492,1.399735882,1.360491,0.284439,0.209071
3224,1283.670186,942.635000,4476.282738,0.398160728,0.292380583,1.388425167,1.361789,0.286771,0.210584
3232,1286.790668,945.535000,4521.474702,0.398140677,0.292554146,1.398971133,1.360913,0.284595,0.209121
3240,1288.841182,947.352588,4501.104167,0.397790488,0.292392774,1.389229681,1.360466,0.286339,0.210471
3248,1291.524829,950.742424,4542.367560,0.397636955,0.292716264,1.398512180,1.358438,0.284329,0.209305
3256,1292.098459,951.572917,4527.488095,0.396836136,0.292252124,1.390506172,1.357855,0.285390,0.210177
3264,1299.564212,954.643939,4566.340774,0.398150800,0.292476697,1.399001463,1.361308,0.284596,0.209061
3272,1302.245226,956.837691,4544.063988,0.397996707,0.292432057,1.388772612,1.360989,0.286582,0.210569
3280,1304.219618,959.289860,4592.544643,0.397627932,0.292466421,1.400166050,1.359568,0.283986,0.208880
3288,1306.689236,961.846939,4569.852679,0.397411568,0.292532524,1.389857871,1.358521,0.285937,0.210477
3296,1312.027778,964.235332,4612.961310,0.398066680,0.292547127,1.399563504,1.360692,0.284422,0.209027
3304,1314.506076,965.781888,4591.860119,0.397852929,0.292306867,1.389788172,1.361080,0.286269,0.210325
3312,1315.335069,968.915271,4636.813988,0.397142231,0.292546881,1.400004223,1.357534,0.283672,0.208961
3320,1319.978733,970.364691,4612.171131,0.397583956,0.292278521,1.389208172,1.360291,0.286195,0.210392
3328,1322.769806,973.074098,4654.907738,0.397466889,0.292390053,1.398710258,1.359372,0.284167,0.209043
3336,1326.365317,974.446521,4632.468750,0.397591522,0.292100276,1.388629721,1.361147,0.286319,0.210351
3344,1329.626761,978.347331,4696.020312,0.397615658,0.292567982,1.404312294,1.359054,0.283139,0.208335
3352,1331.396127,979.170573,4662.764881,0.397194549,0.292115326,1.391039642,1.359718,0.285538,0.209998
3360,1335.361356,982.116862,4701.659375,0.397428975,0.292296685,1.399303385,1.359677,0.284019,0.208887
3368,1339.252641,984.349609,4683.122024,0.397640333,0.292265323,1.390475660,1.360546,0.285974,0.210191
3376,1340.099554,989.168750,4721.018750,0.396948920,0.293000222,1.398406028,1.354773,0.283858,0.209524
3384,1344.255357,988.895724,4709.800000,0.397238581,0.292226869,1.391784870,1.359350,0.285417,0.209966
3392,1349.250893,991.142105,4743.564062,0.397774438,0.292199913,1.398456386,1.361309,0.284438,0.208945
3400,1350.938393,993.464474,4726.581250,0.397334821,0.292195433,1.390170956,1.359826,0.285817,0.210187
3408,1357.018304,996.550000,4771.126562,0.398186122,0.292414906,1.399978451,1.361716,0.284423,0.208871
3416,1360.209239,998.983378,4750.018750,0.398187716,0.292442441,1.390520711,1.361593,0.286359,0.210311
3424,1361.011322,1001.287234,4790.265625,0.397491625,0.292432019,1.399026176,1.359262,0.284120,0.209025
3432,1365.136775,1003.029588,4768.985937,0.397767126,0.292258038,1.389564667,1.361013,0.286253,0.210323
3440,1369.153986,1006.519947,4824.671875,0.398009880,0.292593008,1.402520894,1.360285,0.283782,0.208619
3448,1370.267663,1008.186492,4796.876562,0.397409415,0.292397474,1.391205500,1.359141,0.285658,0.210176
3456,1374.317029,1010.585349,4833.687500,0.397661177,0.292414742,1.398636429,1.359922,0.284321,0.209071
3464,1379.748621,1011.936156,4814.968750,0.398310803,0.292129375,1.390002526,1.363474,0.286554,0.210165
3472,1379.444853,1016.025538,4856.109375,0.397305545,0.292634083,1.398649014,1.357687,0.284064,0.209226
3480,1384.118566,1016.737903,4835.000000,0.397735220,0.292166064,1.389367816,1.361333,0.286271,0.210287
3488,1387.459559,1020.347147,4883.465625,0.397780837,0.292530719,1.400076154,1.359792,0.284114,0.208939
3496,1390.465074,1021.967391,4863.107813,0.397730284,0.292324769,1.391049145,1.360577,0.285921,0.210147
3504,1392.000000,1024.250000,4914.418750,0.397260274,0.292308790,1.402516767,1.359043,0.283248,0.208417
3512,1395.441636,1026.814538,4878.717188,0.397335318,0.292373160,1.389156375,1.359001,0.286026,0.210468
3520,1397.886489,1029.019022,4939.296053,0.397126843,0.292334949,1.403209106,1.358465,0.283013,0.208333
3528,1401.535448,1030.715316,4903.543750,0.397260614,0.292152867,1.389893353,1.359770,0.285821,0.210198
3536,1406.446828,1033.524038,4951.074013,0.397750800,0.292286210,1.400190615,1.360826,0.284069,0.208747
3544,1407.682836,1036.219780,4925.059375,0.397201703,0.292387071,1.389689440,1.358479,0.285820,0.210397
3552,1410.406716,1039.125000,4967.766447,0.397073963,0.292546453,1.398582896,1.357302,0.283912,0.209173
3560,1414.715951,1039.739698,4945.611842,0.397392121,0.292061713,1.389216810,1.360644,0.286055,0.210235
3568,1416.274254,1043.181250,4997.123355,0.396937851,0.292371427,1.400539057,1.357649,0.283418,0.208756
3576,1420.598011,1043.382986,4966.088816,0.397258952,0.291773766,1.388727297,1.361531,0.286060,0.210102
3584,1422.505682,1045.719444,5010.100329,0.396904487,0.291774399,1.397907458,1.360313,0.283928,0.208722
3592,1425.725379,1047.917708,4985.266447,0.396916865,0.291736556,1.387880414,1.360532,0.285988,0.210203
3600,1429.229640,1051.410417,5026.332237,0.397008233,0.292058449,1.396203399,1.359345,0.284348,0.209180
3608,1433.026042,1055.818820,5034.557566,0.397180167,0.292632711,1.395387352,1.357265,0.284638,0.209714
3616,1436.052083,1056.335323,5048.947368,0.397138297,0.292128131,1.396279693,1.359466,0.284426,0.209219
3624,1440.048295,1059.126404,5035.840461,0.397364320,0.292253423,1.389580701,1.359657,0.285960,0.210318
3632,1448.193750,1063.652388,5084.851974,0.398731759,0.292855834,1.400014310,1.361529,0.284805,0.209181
3640,1446.693750,1064.797051,5060.379934,0.397443338,0.292526662,1.390214268,1.358657,0.285886,0.210418
3648,1450.453365,1066.598722,5104.144737,0.397602348,0.292379036,1.399162483,1.359887,0.284172,0.208967
3656,1452.972115,1069.890625,5084.095395,0.397421257,0.292639668,1.390616902,1.358057,0.285788,0.210439
3664,1456.154327,1071.765625,5131.577303,0.397422032,0.292512452,1.400539657,1.358650,0.283763,0.208857
3672,1461.582212,1073.203835,5101.116776,0.398034371,0.292266840,1.389193022,1.361887,0.286522,0.210386
3680,1466.988281,1077.582386,5150.703947,0.398638120,0.292821301,1.399647812,1.361370,0.284813,0.209211
3688,1465.855957,1077.903017,5131.955592,0.397466366,0.292273052,1.391528089,1.359915,0.285633,0.210037
3696,1469.410645,1080.844828,5176.871711,0.397567815,0.292436371,1.400668753,1.359502,0.283841,0.208783
3704,1474.498047,1083.359195,5147.777961,0.398082626,0.292483584,1.389788866,1.361043,0.286434,0.210452
3712,1474.107422,1085.726293,5194.141447,0.397119456,0.292490919,1.399283795,1.357716,0.283802,0.209029
3720,1482.734863,1087.708693,5172.379934,0.398584641,0.292394810,1.390424713,1.363173,0.286664,0.210292
3728,1485.347168,1091.345203,5215.821181,0.398430034,0.292742812,1.399093664,1.361024,0.284777,0.209237
3736,1485.859863,1092.522892,5203.761513,0.397714096,0.292431181,1.392869784,1.360026,0.285536,0.209949
3744,1487.955078,1094.699128,5236.218750,0.397423899,0.292387588,1.398562700,1.359237,0.284166,0.209063
3752,1496.965278,1102.577035,5231.756944,0.398977952,0.293863815,1.394391510,1.357697,0.286131,0.210747
3760,1492.287698,1100.276526,5263.614583,0.396885026,0.292626736,1.399897496,1.356284,0.283510,0.209034
3768,1498.294643,1101.672238,5236.741319,0.397636582,0.292375859,1.389793344,1.360019,0.286112,0.210374
3776,1502.837798,1104.787868,5281.807292,0.397997298,0.292581533,1.398783711,1.360295,0.284531,0.209169
3784,1502.863095,1105.883088,5261.843750,0.397162552,0.292252402,1.390550674,1.358971,0.285615,0.210170
3792,1509.330853,1109.155147,5315.123264,0.398030288,0.292498720,1.401667527,1.360793,0.283969,0.208679
3800,1514.935484,1111.283824,5305.748264,0.398667233,0.292443111,1.396249543,1.363230,0.285527,0.209449
3808,1519.310484,1117.921131,5375.017361,0.398978593,0.293571726,1.411506660,1.359050,0.282662,0.207985
3816,1523.821573,1121.540923,5353.229167,0.399324311,0.293904854,1.402837832,1.358686,0.284655,0.209507
3824,1530.076613,1124.531994,5419.963542,0.400124637,0.294072174,1.417354483,1.360634,0.282304,0.207480
3832,1536.104335,1123.293155,5341.284722,0.400862300,0.293134957,1.393863445,1.367501,0.287591,0.210304
3840,1531.200101,1126.109375,5379.201389,0.398750026,0.293257650,1.400833695,1.359726,0.284652,0.209345
3848,1534.930444,1129.174479,5361.248264,0.398890448,0.293444511,1.393255786,1.359339,0.286301,0.210618
3856,1536.139617,1130.019955,5404.043403,0.398376457,0.293054968,1.401463538,1.359392,0.284257,0.209106
3864,1540.487705,1130.780497,5378.661458,0.398676942,0.292645056,1.391993131,1.362322,0.286407,0.210235
3872,1546.271516,1133.570030,5423.765625,0.399346983,0.292760855,1.400765916,1.364072,0.285092,0.209001
3880,1545.492828,1136.653614,5402.185764,0.398322894,0.292951962,1.392315919,1.359687,0.286087,0.210406
3888,1545.579918,1137.289910,5445.725694,0.397525699,0.292512837,1.400649613,1.359003,0.283815,0.208841
3896,1550.928279,1139.112199,5421.472222,0.398082207,0.292379928,1.391548312,1.361524,0.286071,0.210111
3904,1550.549180,1141.069654,5476.123264,0.397169360,0.292282186,1.402695508,1.358856,0.283147,0.208372
3912,1553.085041,1143.061747,5446.647569,0.397005379,0.292193698,1.392292323,1.358706,0.285145,0.209865
3920,1562.034324,1146.929116,5486.071181,0.398478144,0.292583958,1.399507954,1.361928,0.284727,0.209062
3928,1559.262807,1148.030488,5463.086806,0.396961000,0.292268454,1.390806213,1.358207,0.285418,0.210143
3936,1564.095313,1150.073552,5524.452206,0.397381939,0.292193484,1.403570174,1.359996,0.283122,0.208179
3944,1569.709375,1153.041921,5504.786458,0.397999334,0.292353428,1.395736932,1.361364,0.285154,0.209462
3952,1568.991146,1155.446646,5533.295956,0.397011930,0.292370103,1.400125495,1.357909,0.283555,0.208817
3960,1575.584375,1157.778935,5512.581597,0.397874842,0.292368418,1.392066060,1.360868,0.285816,0.210025
3968,1577.886458,1160.054784,5553.496324,0.397652837,0.292352516,1.399570646,1.360183,0.284125,0.208887
3976,1578.990625,1161.806713,5530.444853,0.397130439,0.292204908,1.390956955,1.359082,0.285509,0.210075
3984,1583.615625,1165.760802,5584.507353,0.397493882,0.292610643,1.401733773,1.358440,0.283573,0.208749
3992,1589.095869,1167.087577,5560.794118,0.398070107,0.292356608,1.392984498,1.361591,0.285768,0.209878
4000,1587.411979,1170.444059,5591.895221,0.396852995,0.292611015,1.397973805,1.356248,0.283877,0.209311
4008,1591.150953,1171.632716,5576.878676,0.396993751,0.292323532,1.391436796,1.358063,0.285312,0.210088
4016,1598.327331,1175.164844,5623.641544,0.397989873,0.292620728,1.400309149,1.360088,0.284216,0.208969
4024,1597.787076,1176.946094,5592.742647,0.397064383,0.292481634,1.389846582,1.357570,0.285689,0.210442
4032,1602.903602,1178.914844,5641.709559,0.397545536,0.292389594,1.399233522,1.359643,0.284117,0.208964
4040,1603.024894,1181.528125,5622.170956,0.396788340,0.292457457,1.391626474,1.356739,0.285126,0.210155
4048,1606.733051,1183.598047,5662.150735,0.396920220,0.292390822,1.398752652,1.357499,0.283767,0.209037
4056,1608.962394,1187.030459,5646.250000,0.396686981,0.292660370,1.392073471,1.355452,0.284961,0.210233
4064,1615.000530,1188.746835,5695.494485,0.397391863,0.292506603,1.401450415,1.358574,0.283558,0.208717
4072,1620.341056,1190.594541,5662.001838,0.397922656,0.292385693,1.390471964,1.360951,0.286178,0.210278
4080,1620.389547,1193.489715,5711.580882,0.397154301,0.292521989,1.399897275,1.357690,0.283702,0.208960
4088,1622.830280,1194.407437,5711.746324,0.396974139,0.292174031,1.397198220,1.358691,0.284122,0.209114
4096,1635.275323,1201.025316,5760.400735,0.399237139,0.293219071,1.406347836,1.361566,0.283882,0.208497
