n,scalar_ns,simd_ns,scalar_ns_per_limb,simd_ns_per_limb,speedup
8,3.719655,4.532587,0.464956889,0.566573386,0.820647
16,6.302171,6.124124,0.393885679,0.382757768,1.029073
24,9.074796,8.336672,0.378116505,0.347361353,1.088539
32,12.088806,10.720244,0.377775195,0.335007611,1.127662
40,15.113465,13.187478,0.377836628,0.329686951,1.146047
48,18.419972,15.338908,0.383749412,0.319560585,1.200866
56,21.681350,17.703963,0.387166960,0.316142195,1.224661
64,25.161073,20.263305,0.393141758,0.316614142,1.241706
72,28.396379,22.893333,0.394394154,0.317962964,1.240378
80,32.003040,25.106133,0.400037996,0.313826661,1.274710
88,34.875476,27.724211,0.396312233,0.315047851,1.257943
96,38.212294,29.919681,0.398044726,0.311663347,1.277162
104,41.204773,32.307310,0.396199737,0.310647208,1.275401
112,45.715124,34.473633,0.408170748,0.307800293,1.326090
120,47.875925,37.083272,0.398966043,0.309027263,1.291038
128,50.678649,39.190033,0.395926943,0.306172136,1.293151
136,53.887482,41.612780,0.396231486,0.305976325,1.294974
144,57.441155,43.968267,0.398896910,0.305335186,1.306423
152,60.132312,46.481238,0.395607314,0.305797616,1.293690
160,63.635410,48.754631,0.397721310,0.304716446,1.305218
168,66.777622,51.204687,0.397485845,0.304789801,1.304131
176,69.943955,53.378024,0.397408836,0.303284225,1.310351
184,73.074703,55.700434,0.397145124,0.302719751,1.311923
192,76.498649,58.061436,0.398430464,0.302403311,1.317547
200,79.950314,60.644304,0.399751572,0.303221519,1.318348
208,82.541401,62.922504,0.396833657,0.302512039,1.311795
216,86.001833,65.678068,0.398156635,0.304065130,1.309445
224,89.493828,67.954144,0.399526016,0.303366714,1.316974
232,92.437346,70.306058,0.398436836,0.303043353,1.314785
240,95.988517,72.559334,0.399952155,0.302330558,1.322897
248,98.708059,74.934979,0.398016368,0.302157174,1.317249
256,101.997113,77.139314,0.398426222,0.301325447,1.322246
264,105.320041,79.561466,0.398939548,0.301369190,1.323757
272,108.115819,81.923745,0.397484630,0.301190237,1.319713
280,111.196868,84.470017,0.397131670,0.301678632,1.316406
288,114.744270,86.665203,0.398417603,0.300920845,1.323995
296,117.980542,89.341518,0.398582914,0.301829452,1.320557
304,121.572013,91.605713,0.399907936,0.301334582,1.327123
312,125.266814,94.602201,0.401496199,0.303212183,1.324143
320,128.205516,96.525688,0.400642237,0.301642775,1.328201
328,130.983982,98.772204,0.399341409,0.301134768,1.326122
336,134.241997,101.236347,0.399529754,0.301298652,1.326026
344,137.034900,103.346469,0.398357266,0.300425782,1.325976
352,140.084188,105.833275,0.397966444,0.300662712,1.323631
360,143.634428,108.178165,0.398984521,0.300494902,1.327758
368,146.671631,110.634397,0.398564214,0.300636949,1.325733
376,150.480018,113.565186,0.400212814,0.302035070,1.325054
384,153.278952,115.506312,0.399163938,0.300797686,1.327018
392,156.436198,118.082297,0.399071933,0.301230349,1.324807
400,159.966195,120.284655,0.399915487,0.300711639,1.329897
408,163.289402,123.003973,0.400219123,0.301480326,1.327513
416,168.479915,125.408798,0.404999795,0.301463458,1.343446
424,169.843467,127.667347,0.400574214,0.301102233,1.330359
432,173.414164,130.335330,0.401421675,0.301702152,1.330523
440,176.834098,132.926036,0.401895678,0.302104627,1.330320
448,179.523542,134.946718,0.400722192,0.301220352,1.330329
456,183.097892,137.267844,0.401530466,0.301025974,1.333873
464,186.454150,139.640299,0.401840841,0.300948921,1.335246
472,189.880757,141.720874,0.402289739,0.300256090,1.339822
480,195.510156,143.890673,0.407312826,0.299772235,1.358741
488,196.758058,146.768633,0.403192742,0.300755395,1.340600
496,200.242138,148.821181,0.403713987,0.300042703,1.345522
504,203.575515,151.278982,0.403919673,0.300156710,1.345696
512,214.184860,153.478161,0.418329805,0.299762033,1.395540
520,211.607897,155.872872,0.406938263,0.299755522,1.357567
528,215.713003,158.623575,0.408547354,0.300423437,1.359905
536,219.174650,161.100999,0.408907928,0.300561565,1.360480
544,221.660387,163.516169,0.407463947,0.300581194,1.355587
552,226.152485,165.985343,0.409696531,0.300698085,1.362485
560,228.041945,168.356430,0.407217759,0.300636481,1.354519
568,230.212546,170.597500,0.405303778,0.300347711,1.349449
576,236.098854,173.013434,0.409893843,0.300370545,1.364627
584,237.546282,175.558703,0.406757332,0.300614218,1.353087
592,241.019039,177.772550,0.407126755,0.300291469,1.355772
600,245.743210,180.366887,0.409572017,0.300611478,1.362463
608,247.265214,182.337075,0.406686207,0.299896505,1.356089
616,250.873580,185.087278,0.407262304,0.300466361,1.355434
624,255.299338,187.494760,0.409133554,0.300472373,1.361635
632,258.139166,189.783401,0.408448047,0.300290191,1.360178
640,259.829900,191.969900,0.405984218,0.299952969,1.353493
648,264.117606,194.493724,0.407588898,0.300144636,1.357975
656,266.267263,196.592374,0.405895218,0.299683497,1.354413
664,271.163746,199.307657,0.408379136,0.300162133,1.360528
672,273.685769,201.279171,0.407270490,0.299522576,1.359732
680,275.864522,203.869905,0.405683121,0.299808684,1.353140
688,280.347481,206.825785,0.407481804,0.300618873,1.355476
696,284.554451,209.704590,0.408842602,0.301299698,1.356930
704,285.615027,211.466498,0.405703163,0.300378548,1.350640
712,289.452643,214.161387,0.406534611,0.300788465,1.351563
720,293.266113,216.421731,0.407314046,0.300585737,1.355068
728,296.862638,218.628715,0.407778350,0.300314169,1.357839
736,299.046079,220.989338,0.406312607,0.300257253,1.353215
744,302.484375,223.694568,0.406565020,0.300664743,1.352220
752,305.244014,225.692233,0.405909593,0.300122650,1.352479
760,309.338507,228.311664,0.407024352,0.300410084,1.354896
768,312.889063,230.524800,0.407407633,0.300162500,1.357290
776,315.595113,233.368004,0.406694734,0.300731964,1.352350
784,319.840030,235.475799,0.407959222,0.300351784,1.358271
792,322.666989,237.927611,0.407407814,0.300413650,1.356156
800,324.613430,240.287324,0.405766787,0.300359155,1.350939
808,328.195476,242.385820,0.406182520,0.299982451,1.354021
816,331.666851,245.064866,0.406454474,0.300324591,1.353384
824,334.246552,247.216694,0.405639020,0.300020260,1.352039
832,338.922044,249.726978,0.407358226,0.300152618,1.357170
840,341.463182,251.872068,0.406503788,0.299847700,1.355701
848,343.981799,254.269563,0.405638914,0.299846183,1.352823
856,348.743611,257.185445,0.407410760,0.300450286,1.356001
864,351.107160,259.244216,0.406374027,0.300051176,1.354349
872,354.670401,261.649983,0.406732111,0.300057319,1.355515
880,357.274834,263.704793,0.405994129,0.299664537,1.354829
888,360.702524,265.962730,0.406196536,0.299507579,1.356215
896,363.533794,268.695827,0.405729680,0.299883736,1.352957
904,367.920956,271.039108,0.406992208,0.299822022,1.357446
912,370.604620,273.608418,0.406364714,0.300009231,1.354507
920,373.223462,275.990349,0.405677676,0.299989510,1.352306
928,376.111875,278.220048,0.405292969,0.299806086,1.351850
936,379.891827,280.708739,0.405867336,0.299902499,1.353331
944,382.854082,283.768410,0.405565764,0.300602129,1.349178
952,386.393390,286.016101,0.405875410,0.300437081,1.350950
960,389.714082,288.334452,0.405952169,0.300348387,1.351604
968,393.734963,290.545182,0.406750995,0.300149981,1.355159
976,398.206435,292.081873,0.407998397,0.299264214,1.363338
984,400.369016,295.671678,0.406879081,0.300479348,1.354100
992,404.056465,296.988232,0.407314984,0.299383298,1.360513
1000,407.366748,299.366541,0.407366748,0.299366541,1.360762
1008,409.402975,302.178959,0.406153745,0.299780713,1.354836
1016,413.710765,304.073119,0.407195635,0.299284566,1.360563
1024,417.124306,306.887766,0.407347955,0.299695084,1.359208
1032,419.692383,309.533313,0.406678666,0.299935381,1.355888
1040,423.747889,311.650228,0.407449893,0.299663681,1.359691
1048,426.351562,313.838315,0.406824010,0.299464041,1.358507
1056,429.250143,316.216856,0.406486878,0.299447780,1.357455
1064,433.263969,318.546081,0.407202978,0.299385414,1.360130
1072,437.589390,321.955801,0.408199057,0.300331903,1.359160
1080,439.889749,323.644935,0.407305323,0.299671236,1.359174
1088,443.889298,325.956489,0.407986487,0.299592361,1.361805
1096,446.911458,328.489401,0.407765929,0.299716607,1.360505
1104,450.745944,330.425286,0.408284369,0.299298266,1.364139
1112,454.330465,333.884008,0.408570562,0.300255403,1.360743
1120,457.927591,336.327845,0.408863921,0.300292719,1.361551
1128,460.965839,338.262702,0.408657659,0.299878282,1.362745
1136,463.715363,340.737659,0.408200144,0.299945122,1.360916
1144,466.325031,342.092614,0.407626775,0.299032005,1.363154
1152,469.455625,344.358402,0.407513563,0.298922224,1.363276
1160,472.651539,347.254051,0.407458223,0.299356940,1.361112
1168,476.847240,350.353895,0.408259623,0.299960526,1.361044
1176,479.783960,353.402843,0.407979558,0.300512622,1.357612
1184,483.228365,354.857901,0.408132065,0.299711065,1.361752
1192,486.292908,357.217799,0.407963849,0.299679362,1.361334
1200,488.990072,359.239104,0.407491726,0.299365920,1.361183
1208,492.973658,362.231660,0.408090777,0.299860646,1.360935
1216,495.663651,365.934460,0.407618134,0.300932944,1.354515
1224,499.149767,366.747437,0.407802097,0.299630259,1.361018
1232,502.088068,368.716299,0.407539016,0.299282710,1.361719
1240,505.155410,371.863142,0.407383395,0.299889631,1.358444
1248,508.639358,373.686006,0.407563588,0.299427889,1.361141
1256,511.578635,376.533007,0.407307830,0.299787426,1.358655
1264,516.474073,378.378906,0.408602906,0.299350401,1.364965
1272,518.022272,380.034793,0.407250214,0.298769491,1.363092
1280,521.332639,383.588648,0.407291124,0.299678631,1.359093
1288,524.971194,385.903421,0.407586331,0.299614457,1.360369
1296,527.857268,388.126937,0.407297275,0.299480661,1.360012
1304,531.201448,390.514134,0.407363073,0.299474029,1.360262
1312,534.132635,392.518959,0.407113289,0.299176036,1.360782
1320,537.281250,394.698661,0.407031250,0.299014137,1.361244
1328,540.268499,398.150821,0.406828689,0.299812365,1.356944
1336,545.053107,400.801950,0.407973882,0.300001459,1.359906
1344,547.573401,402.711239,0.407420685,0.299636339,1.359717
1352,550.945724,405.721175,0.407504233,0.300089626,1.357942
1360,554.326103,407.766984,0.407592723,0.299828664,1.359419
1368,556.770525,409.283152,0.406995998,0.299183591,1.360355
1376,560.640811,411.408306,0.407442450,0.298988594,1.362736
1384,563.313061,413.809884,0.407018108,0.298995581,1.361285
1392,566.683923,416.430448,0.407100520,0.299159805,1.360813
1400,569.035038,418.247917,0.406453598,0.298748512,1.360521
1408,572.459032,420.760230,0.406576017,0.298835390,1.360535
1416,576.135928,423.155265,0.406875655,0.298838464,1.361524
1424,579.150270,425.779836,0.406706650,0.299002694,1.360211
1432,582.093750,427.949432,0.406490049,0.298847369,1.360193
1440,585.738548,430.721760,0.406762881,0.299112334,1.359900
1448,588.735352,433.082517,0.406585188,0.299090136,1.359407
1456,591.801297,434.909578,0.406456935,0.298701633,1.360746
1464,595.380736,437.496366,0.406680830,0.298836316,1.360882
1472,598.488256,440.565581,0.406581696,0.299297270,1.358454
1480,601.611579,442.122066,0.406494310,0.298731125,1.360736
1488,605.352016,444.476600,0.406822591,0.298707392,1.361944
1496,607.678427,447.655506,0.406202157,0.299234964,1.357469
1504,611.317979,449.441537,0.406461422,0.298830809,1.360172
1512,615.154208,451.836689,0.406848021,0.298833789,1.361453
1520,617.661390,453.346165,0.406356178,0.298254056,1.362450
1528,620.555921,455.898817,0.406122985,0.298363100,1.361170
1536,623.951780,458.659299,0.406218607,0.298606314,1.360382
1544,627.034375,461.180300,0.406110347,0.298691904,1.359630
1552,631.433305,462.816349,0.406851357,0.298206410,1.364328
1560,635.307221,466.541511,0.407248219,0.299065071,1.361738
1568,636.975296,469.853906,0.406234245,0.299651726,1.355688
1576,640.215774,471.378141,0.406228283,0.299097805,1.358179
1584,642.952697,473.351916,0.405904480,0.298833280,1.358297
1592,646.092680,474.983428,0.405837110,0.298356425,1.360243
1600,650.339440,478.433514,0.406462150,0.299020946,1.359310
1608,653.043620,483.499678,0.406121654,0.300683879,1.350660
1616,658.130463,483.773357,0.407258950,0.299364701,1.360411
1624,660.491857,487.933128,0.406706809,0.300451434,1.353652
1632,664.730414,489.551595,0.407310303,0.299970340,1.357835
1640,666.587988,493.959704,0.406456090,0.301194941,1.349478
1648,671.061384,494.115954,0.407197442,0.299827642,1.358105
1656,673.155134,497.094081,0.406494646,0.300177585,1.354181
1664,676.858138,498.415179,0.406765708,0.299528353,1.358021
1672,679.527853,501.869151,0.406416180,0.300160976,1.353994
1680,682.446784,504.758905,0.406218324,0.300451729,1.352025
1688,686.070940,506.121472,0.406440130,0.299834995,1.355546
1696,689.353171,510.265795,0.406458238,0.300864266,1.350969
1704,693.286765,510.316746,0.406858430,0.299481658,1.358542
1712,694.885417,511.549762,0.405891014,0.298802431,1.358393
1720,698.487269,513.076503,0.406097249,0.298300292,1.361371
1728,701.642957,516.134100,0.406043378,0.298688715,1.359420
1736,704.222015,518.512604,0.405657843,0.298682375,1.358158
1744,708.067434,520.957639,0.406001969,0.298714242,1.359165
1752,712.110559,523.078993,0.406455798,0.298561069,1.361382
1760,714.392756,528.268083,0.405904975,0.300152320,1.352330
1768,718.682013,531.526306,0.406494351,0.300637051,1.352110
1776,721.852163,533.580433,0.406448290,0.300439433,1.352846
1784,726.025000,534.264027,0.406964686,0.299475351,1.358925
1792,728.884448,537.463214,0.406743553,0.299923669,1.356157
1800,732.910610,541.186063,0.407172561,0.300658924,1.354267
1808,736.795410,541.220366,0.407519585,0.299347548,1.361359
1816,739.351624,543.436597,0.407131952,0.299249227,1.360511
1824,741.273376,546.029251,0.406399877,0.299358142,1.357571
1832,744.951637,548.449379,0.406632990,0.299371932,1.358287
1840,748.225446,553.578125,0.406644264,0.300857677,1.351617
1848,754.041250,554.969490,0.408030979,0.300308165,1.358708
1856,754.711250,557.648854,0.406633217,0.300457356,1.353381
1864,756.946825,556.914756,0.406087352,0.298774011,1.359179
1872,760.162550,559.238281,0.406069738,0.298738398,1.359282
1880,764.264228,561.877807,0.406523525,0.298871174,1.360197
1888,767.331047,564.889872,0.406425343,0.299200144,1.358373
1896,772.150359,558.987165,0.407252299,0.294824454,1.381338
1904,762.491108,549.052449,0.400468019,0.288367883,1.388740
1912,762.940803,551.006031,0.399027617,0.288183070,1.384632
1920,764.073933,554.234191,0.397955173,0.288663641,1.378612
1928,767.643293,555.638868,0.398155235,0.288194434,1.381551
1936,770.403432,558.544457,0.397935657,0.288504368,1.379305
1944,774.268699,561.237909,0.398286368,0.288702628,1.379573
1952,777.255940,563.376684,0.398184396,0.288615105,1.379638
1960,797.721133,585.989258,0.407000578,0.298974111,1.361324
1968,794.173845,585.971680,0.403543620,0.297749837,1.355311
1976,814.333244,582.095679,0.412111965,0.294582834,1.398968
1984,789.638918,581.316551,0.398003487,0.293002294,1.358363
1992,792.971376,584.694293,0.398078000,0.293521232,1.356215
2000,796.497617,586.462109,0.398248808,0.293231055,1.358140
2008,820.780978,594.892207,0.408755467,0.296261059,1.379714
2016,814.723599,590.916863,0.404128769,0.293113523,1.378745
2024,822.874178,595.762460,0.406558388,0.294349042,1.381212
2032,829.099507,616.275531,0.408021411,0.303285202,1.345339
2040,808.899515,607.942540,0.396519370,0.298011049,1.330553
2048,816.148098,609.929992,0.398509813,0.297817379,1.338101
2056,820.751359,576.636311,0.399198132,0.280465132,1.423343
2064,846.442849,619.201275,0.410098280,0.300000618,1.366991
2072,845.001408,615.039828,0.407819212,0.296833894,1.373897
2080,831.035675,621.050290,0.399536382,0.298581870,1.338113
2088,834.815819,623.645488,0.399816005,0.298680789,1.338606
2096,840.260882,632.761116,0.400887825,0.301889845,1.327927
2104,859.393466,631.683096,0.408456970,0.300229608,1.360482
2112,864.898222,625.434375,0.409516204,0.296133700,1.382876
2120,867.197534,617.466077,0.409055441,0.291257584,1.404446
2128,875.684317,640.783163,0.411505788,0.301119908,1.366584
2136,880.991238,622.447227,0.412449082,0.291407878,1.415367
2144,871.951678,641.189413,0.406693880,0.299062226,1.359897
2152,860.915998,643.509418,0.400053902,0.299028540,1.337845
2160,864.522649,645.617295,0.400241967,0.298896896,1.339064
2168,886.036262,648.690733,0.408688313,0.299211593,1.365884
2176,896.587798,657.501093,0.412034833,0.302160429,1.363629
2184,877.665012,650.354526,0.401861269,0.297781376,1.349518
2192,886.569870,662.034551,0.404457058,0.302023062,1.339160
2200,880.886390,645.529538,0.400402905,0.293422517,1.364595
2208,898.159226,651.500651,0.406775012,0.295063701,1.378601
2216,906.344651,652.843967,0.409000294,0.294604678,1.388302
2224,909.385517,657.560096,0.408896365,0.295665511,1.382969
2232,910.566141,660.683319,0.407959740,0.296005071,1.378219
2240,915.984527,662.067562,0.408921664,0.295565876,1.383521
2248,919.358150,685.325046,0.408967148,0.304859896,1.341492
2256,906.936599,661.075044,0.402010904,0.293029718,1.371912
2264,906.843450,664.409111,0.400549227,0.293466922,1.364887
2272,911.703883,677.085207,0.401278118,0.298012855,1.346513
2280,941.529688,681.029212,0.412951617,0.298697023,1.382510
2288,923.782169,593.478046,0.403750948,0.259387258,1.556557
2296,919.529718,674.114955,0.400492038,0.293604075,1.364055
2304,937.021658,679.374094,0.406693428,0.294867228,1.379243
2312,942.164062,681.783288,0.407510408,0.294888965,1.381911
2320,947.807765,699.828591,0.408537830,0.301650255,1.354343
2328,933.367884,695.315972,0.400931222,0.298675246,1.342365
2336,958.419962,717.570372,0.410282518,0.307179098,1.335646
2344,965.836735,695.732639,0.412046389,0.296814266,1.388230
2352,937.198020,678.780351,0.398468546,0.288597088,1.380709
2360,944.829687,684.018116,0.400351562,0.289838185,1.381293
2368,948.344381,685.956889,0.400483269,0.289677740,1.382513
2376,952.855114,687.492016,0.401033297,0.289348492,1.385987
2384,957.648278,693.091452,0.401698103,0.290726280,1.381706
2392,958.461416,692.053079,0.400694572,0.289319849,1.384954
2400,969.331508,705.407660,0.403888128,0.293919858,1.374144
2408,980.157878,707.656250,0.407042308,0.293877180,1.385076
2416,986.616211,713.698864,0.408367637,0.295405159,1.382398
2424,992.577303,715.779103,0.409479085,0.295288409,1.386709
2432,995.836842,719.994036,0.409472386,0.296050179,1.383118
2440,1000.616689,721.893029,0.410088807,0.295857799,1.386101
2448,998.429189,721.484375,0.407855061,0.294724009,1.383854
2456,999.150598,724.522837,0.406820276,0.295001155,1.379046
2464,1006.750332,728.208576,0.408583739,0.295539195,1.382503
2472,1012.578629,724.292067,0.409619187,0.292998409,1.398025
2480,1004.247008,729.082849,0.404938310,0.293985020,1.377411
2488,1012.723454,730.846415,0.407043189,0.293748559,1.385686
2496,1019.862432,738.232037,0.408598731,0.295766041,1.381493
2504,1022.899117,738.640502,0.408506037,0.294984226,1.384840
2512,1027.338655,744.919395,0.408972394,0.296544345,1.379127
2520,1033.137019,744.780506,0.409975008,0.295547820,1.387170
2528,1031.845810,747.009921,0.408166855,0.295494431,1.381301
2536,1033.758585,748.629464,0.407633512,0.295200893,1.380868
2544,1039.747596,750.363750,0.408705816,0.294954304,1.385658
2552,1039.740385,751.633500,0.407421781,0.294527234,1.383308
2560,1044.435764,755.143500,0.407982720,0.294977930,1.383096
2568,1048.414583,757.775958,0.408261131,0.295084096,1.383542
2576,1053.727177,760.691784,0.409055581,0.295299606,1.385222
2584,1054.113764,765.280742,0.407938763,0.296161278,1.377421
2592,1059.454003,766.579014,0.408739970,0.295748076,1.382055
2600,1061.859199,767.204014,0.408407384,0.295078467,1.384064
2608,1066.109730,772.416752,0.408784406,0.296172068,1.380226
2616,1068.386009,771.784068,0.408404438,0.295024491,1.384307
2624,1071.798651,775.112603,0.408459852,0.295393523,1.382765
2632,1074.731889,775.938791,0.408332785,0.294809571,1.385073
2640,1077.882543,779.257231,0.408288842,0.295173194,1.383218
2648,1080.616020,780.052944,0.408087621,0.294581928,1.385311
2656,1086.593032,786.475000,0.409108822,0.296112575,1.381599
2664,1091.804142,787.383854,0.409836390,0.295564510,1.386622
2672,1092.323765,789.654674,0.408803804,0.295529444,1.383293
2680,1091.295422,788.950893,0.407199784,0.294384662,1.383224
2688,1099.648983,796.836600,0.409095604,0.296442187,1.380018
2696,1103.222426,797.246822,0.409207131,0.295714697,1.383790
2704,1105.678309,798.708951,0.408904700,0.295380529,1.384332
2712,1106.759191,799.704449,0.408097047,0.294876272,1.383960
2720,1106.590074,804.261485,0.406834586,0.295684370,1.375908
2728,1113.365441,805.703526,0.408125162,0.295345867,1.381855
2736,1115.688971,808.802532,0.407781057,0.295614961,1.379433
2744,1118.785342,809.260776,0.407720606,0.294920108,1.382478
2752,1123.383185,812.393588,0.408206099,0.295201159,1.382807
2760,1125.470610,813.605873,0.407779207,0.294784737,1.383312
2768,1127.583705,816.194293,0.407364055,0.294867881,1.381514
2776,1130.739834,815.718750,0.407327030,0.293846812,1.386188
2784,1135.144955,820.463043,0.407738849,0.294706553,1.383542
2792,1139.727033,821.775815,0.408211688,0.294332312,1.386907
2800,1138.951054,825.938596,0.406768234,0.294978070,1.378978
2808,1144.544588,827.186129,0.407601349,0.294581955,1.383660
2816,1152.566311,831.588496,0.409292014,0.295308415,1.385982
2824,1152.795351,832.042312,0.408213651,0.294632547,1.385501
2832,1155.485518,834.600387,0.408010423,0.294703527,1.384478
2840,1158.443287,836.262168,0.407902566,0.294458510,1.385263
2848,1162.015818,839.030413,0.408011172,0.294603375,1.384951
2856,1166.120756,839.993025,0.408305587,0.294115205,1.388251
2864,1169.079861,844.857827,0.408198276,0.294992258,1.383759
2872,1170.630401,844.144810,0.407601115,0.293922288,1.386765
2880,1175.115234,848.784910,0.408026123,0.294716983,1.384468
2888,1176.380859,849.164977,0.407334093,0.294032194,1.385338
2896,1180.798828,852.859375,0.407734402,0.294495641,1.384518
2904,1184.001953,854.467330,0.407714171,0.294238061,1.385661
2912,1187.320016,858.217330,0.407733522,0.294717490,1.383472
2920,1191.283623,861.251433,0.407973844,0.294949121,1.383201
2928,1196.943829,866.133888,0.408792291,0.295810754,1.381939
2936,1199.974288,866.627007,0.408710589,0.295172686,1.384649
2944,1204.356971,871.847512,0.409088645,0.296143856,1.381385
2952,1210.695112,871.309317,0.410127071,0.295158983,1.389512
2960,1210.975561,874.732060,0.409113365,0.295517588,1.384396
2968,1211.756811,877.142231,0.408273858,0.295533097,1.381483
2976,1221.617289,879.507886,0.410489680,0.295533564,1.388978
2984,1224.088880,882.329147,0.410217453,0.295686712,1.387338
2992,1225.200893,884.133762,0.409492277,0.295499252,1.385764
3000,1226.507711,890.322524,0.408835904,0.296774175,1.377599
3008,1229.709416,888.925413,0.408812971,0.295520416,1.383366
3016,1233.567434,888.946050,0.409007770,0.294743385,1.387674
3024,1236.161595,892.227005,0.408783596,0.295048613,1.385479
3032,1237.571957,894.227679,0.408170171,0.294929973,1.383956
3040,1239.923931,897.016369,0.407869714,0.295071174,1.382276
3048,1242.814145,898.105655,0.407747423,0.294654086,1.383817
3056,1246.736842,902.587798,0.407963626,0.295349410,1.381291
3064,1248.101974,900.507143,0.407343986,0.293899198,1.385999
3072,1252.152083,904.698017,0.407601590,0.294498052,1.384055
3080,1257.181250,905.533053,0.408175731,0.294004238,1.388333
3088,1258.430833,912.225425,0.407522938,0.295409788,1.379517
3096,1260.547917,912.137439,0.407153720,0.294618036,1.381971
3104,1265.355833,913.654430,0.407653297,0.294347432,1.384939
3112,1268.435389,916.190837,0.407594919,0.294405796,1.384466
3120,1270.779139,919.584865,0.407301006,0.294738739,1.381905
3128,1274.368666,920.614277,0.407406862,0.294314027,1.384259
3136,1277.315878,923.993566,0.407307359,0.294640806,1.382386
3144,1279.406250,923.429534,0.406935830,0.293711684,1.385494
3152,1285.669949,927.789216,0.407890212,0.294349370,1.385735
3160,1288.319777,929.583849,0.407696132,0.294172104,1.385910
3168,1291.590325,932.823329,0.407698966,0.294451808,1.384603
3176,1294.445205,934.234220,0.407570909,0.294154351,1.385568
3184,1296.273116,938.345312,0.407120954,0.294706442,1.381446
3192,1299.894692,940.732813,0.407235179,0.294715793,1.381789
3200,1306.039062,944.157812,0.408137207,0.295049316,1.383285
3208,1311.660156,945.723438,0.408871620,0.294801570,1.386938
3216,1312.558160,947.984533,0.408133756,0.294771310,1.384578
3224,1314.455295,949.928977,0.407709459,0.294642983,1.383741
3232,1318.313368,953.192866,0.407893988,0.294923535,1.383050
3240,1320.314236,954.167929,0.407504394,0.294496274,1.383734
3248,1324.562060,957.584503,0.407808516,0.294822815,1.383233
3256,1304.602865,967.253544,0.400676555,0.297068042,1.348770
3264,1300.032106,971.963595,0.398294150,0.297782964,1.337532
3272,1305.605469,973.838273,0.399023676,0.297627834,1.340680
3280,1308.213976,977.394531,0.398845724,0.297986138,1.338471
3288,1311.594618,978.520508,0.398903473,0.297603561,1.340385
3296,1315.275174,982.234701,0.399051934,0.298008101,1.339064
3304,1316.221354,984.701823,0.398372081,0.298033239,1.336670
3312,1321.582306,987.673026,0.399028474,0.298210455,1.338077
3320,1322.282130,988.192434,0.398277750,0.297648324,1.338082
3328,1327.150088,991.800987,0.398783079,0.298017123,1.338121
3336,1331.124120,997.997008,0.399018021,0.299159775,1.333796
3344,1334.011884,997.053947,0.398926999,0.298162066,1.337954
3352,1336.348592,998.532247,0.398672014,0.297891482,1.338313
3360,1341.854911,1002.195811,0.399361581,0.298272563,1.338915
3368,1345.618304,1003.974069,0.399530375,0.298092063,1.340292
3376,1347.252232,1008.526546,0.399067604,0.298734166,1.335862
3384,1350.077679,1007.065824,0.398959125,0.297596284,1.340605
3392,1356.193750,1011.927083,0.399821271,0.298327560,1.340209
3400,1349.551339,1016.836358,0.396926864,0.299069517,1.327206
3408,1360.944293,1017.639449,0.399338114,0.298603125,1.337354
3416,1364.458786,1018.546371,0.399431729,0.298169312,1.339614
3424,1366.600543,1029.756793,0.399123991,0.300746727,1.327110
3432,1385.323989,1039.486264,0.403649181,0.302880613,1.332701
3440,1390.222426,1029.913383,0.404134426,0.299393425,1.349844
3448,1380.723805,1028.714334,0.400441939,0.298351025,1.342184
3456,1380.544577,1034.318338,0.399463130,0.299281926,1.334739
3464,1392.198989,1043.338542,0.401905020,0.301194729,1.334369
3472,1409.470149,1054.650632,0.405953384,0.303758823,1.336433
3480,1414.055037,1053.621840,0.406337654,0.302764897,1.342090
3488,1418.014925,1059.060744,0.406540976,0.303629801,1.338936
3496,1422.606534,1060.240520,0.406924066,0.303272460,1.341777
3504,1425.248580,1067.562145,0.406749024,0.304669562,1.335050
3512,1438.856061,1074.454545,0.409697056,0.305938082,1.339150
3520,1446.002404,1083.094109,0.410796137,0.307697190,1.335066
3528,1454.607692,1084.660560,0.412303768,0.307443469,1.341072
3536,1452.685096,1080.971624,0.410827233,0.305704645,1.343870
3544,1448.343750,1075.352983,0.408674873,0.303429171,1.346854
3552,1432.298295,1069.355469,0.403237133,0.301057283,1.339403
3560,1432.994792,1070.580611,0.402526627,0.300724891,1.338521
3568,1438.231534,1074.166903,0.403091798,0.301055746,1.338927
3576,1446.963462,1074.198864,0.404631840,0.300391181,1.347016
3584,1464.938965,1077.760417,0.408744131,0.300714402,1.359244
3592,1460.732692,1068.858310,0.406662776,0.297566345,1.366629
3600,1462.006731,1074.653409,0.406112981,0.298514836,1.360445
3608,1467.707520,1072.906605,0.406792550,0.297368793,1.367973
3616,1469.079590,1079.904813,0.406272010,0.298646243,1.360379
3624,1474.518555,1079.825790,0.406875981,0.297965174,1.365515
3632,1478.468750,1083.762572,0.407067387,0.298392779,1.364200
3640,1480.407227,1082.361710,0.406705282,0.297352118,1.367756
3648,1461.150962,1064.159059,0.400534803,0.291710268,1.373057
3656,1470.866699,1064.829705,0.402315837,0.291255390,1.381316
3664,1476.847656,1070.395952,0.403069775,0.292138633,1.379721
3672,1482.755859,1072.398793,0.403800615,0.292047601,1.382653
3680,1487.057617,1076.798295,0.404091744,0.292608232,1.380999
3688,1488.400298,1077.441406,0.403579256,0.292147887,1.381421
3696,1491.619544,1078.335129,0.403576716,0.291757340,1.383262
3704,1490.354663,1075.928267,0.402363570,0.290477394,1.385180
3712,1491.440972,1079.146911,0.401789055,0.290718457,1.382056
3720,1494.526290,1081.460129,0.401754379,0.290715089,1.381952
3728,1495.066468,1086.061063,0.401037143,0.291325392,1.376595
3736,1500.210813,1085.289152,0.401555357,0.290494955,1.382314
3744,1503.315476,1089.013649,0.401526569,0.290869030,1.380438
3752,1507.998016,1089.807471,0.401918448,0.290460413,1.383729
3760,1510.805556,1093.166788,0.401809988,0.290735848,1.382045
3768,1512.633569,1093.878997,0.401442030,0.290307589,1.382816
3776,1517.149698,1098.257267,0.401787526,0.290852031,1.381416
3784,1518.223286,1098.875363,0.401221799,0.290400466,1.381616
3792,1525.093246,1103.538971,0.402187037,0.291017661,1.382002
3800,1528.106855,1103.792279,0.402133383,0.290471652,1.384415
3808,1530.818548,1106.571691,0.402000669,0.290591305,1.383388
3816,1535.128024,1107.435662,0.402287218,0.290208507,1.386201
3824,1539.116291,1114.788603,0.402488570,0.291524216,1.380635
3832,1540.981045,1113.872794,0.402134928,0.290676616,1.383444
3840,1548.173156,1118.119420,0.403170093,0.291176932,1.384622
3848,1545.919570,1116.467634,0.401746250,0.290142317,1.384652
3856,1560.673156,1119.596354,0.404738889,0.290351752,1.393961
3864,1553.009221,1122.813988,0.401917500,0.290583330,1.383140
3872,1558.731557,1133.936370,0.402564968,0.292855468,1.374620
3880,1567.127604,1131.056099,0.403898867,0.291509304,1.385544
3888,1565.617708,1131.357304,0.402679452,0.290986961,1.383840
3896,1571.830729,1026.958220,0.403447312,0.263592972,1.530569
3904,1587.038542,1152.455793,0.406516020,0.295198717,1.377093
3912,1596.814089,1155.371189,0.408183561,0.295340283,1.382079
3920,1601.972987,1161.787809,0.408666578,0.296374441,1.378886
3928,1605.378178,1159.809028,0.408701165,0.295267064,1.384175
3936,1605.568856,1161.070216,0.407918917,0.294987352,1.382835
3944,1607.597458,1161.467978,0.407605846,0.294489853,1.384108
3952,1611.400424,1168.778549,0.407743022,0.295743560,1.378705
3960,1620.282866,1170.368056,0.409162340,0.295547489,1.384422
3968,1622.507543,1173.982422,0.408898070,0.295862506,1.382054
3976,1626.403556,1176.271484,0.409055220,0.295842929,1.382677
3984,1600.617055,1151.530107,0.401761309,0.289038681,1.389991
3992,1588.434375,1150.222561,0.397904403,0.288131904,1.380980
4000,1591.824682,1153.183689,0.397956171,0.288295922,1.380374
4008,1598.779131,1155.645960,0.398896989,0.288334820,1.383451
4016,1604.621292,1160.059799,0.399557095,0.288859512,1.383223
4024,1604.848517,1162.092978,0.398819214,0.288790502,1.380998
4032,1608.656780,1192.213212,0.398972416,0.295687801,1.349303
4040,1608.942797,1164.666281,0.398253167,0.288283733,1.381463
4048,1611.675847,1167.837577,0.398141267,0.288497425,1.380051
4056,1616.695043,1188.708465,0.398593452,0.293074079,1.360043
4064,1623.752694,1194.060522,0.399545446,0.293814105,1.359858
4072,1625.396013,1195.223101,0.399164050,0.293522373,1.359910
4080,1627.524246,1197.569225,0.398903001,0.293521869,1.359023
4088,1630.692349,1198.027690,0.398897346,0.293059611,1.361147
4096,1641.424569,1203.010817,0.400738420,0.293703813,1.364430
