an,bn,ratio,dispatch_ns,toom32_ns,speedup
60,30,0.5000,52.9,131.1,0.4035
60,32,0.5333,56.2,132.4,0.4245
60,34,0.5667,58.8,131.8,0.4465
60,36,0.6000,63.3,133.1,0.4758
60,38,0.6333,66.6,135.0,0.4936
60,40,0.6667,69.5,134.2,0.5174
60,42,0.7000,73.2,136.2,0.5377
60,44,0.7333,76.9,146.5,0.5248
64,32,0.5000,59.9,133.5,0.4487
64,34,0.5312,62.8,140.2,0.4484
64,36,0.5625,66.5,144.3,0.4607
64,38,0.5938,70.1,144.6,0.4850
64,40,0.6250,73.9,147.4,0.5010
64,42,0.6562,77.4,143.8,0.5378
64,44,0.6875,81.0,143.0,0.5667
64,46,0.7188,84.9,154.6,0.5491
64,48,0.7500,88.6,146.9,0.6032
68,34,0.5000,67.4,142.9,0.4717
68,36,0.5294,71.5,144.8,0.4942
68,38,0.5588,75.0,142.2,0.5275
68,40,0.5882,78.3,144.7,0.5413
68,42,0.6176,82.4,147.2,0.5600
68,44,0.6471,86.6,147.8,0.5861
68,46,0.6765,89.8,149.9,0.5994
68,48,0.7059,93.1,139.9,0.6657
68,50,0.7353,97.3,171.3,0.5680
72,36,0.5000,74.4,143.7,0.5177
72,38,0.5278,78.7,139.1,0.5660
72,40,0.5556,82.7,138.3,0.5982
72,42,0.5833,86.4,139.4,0.6197
72,44,0.6111,90.5,140.2,0.6458
72,46,0.6389,94.8,141.0,0.6723
72,48,0.6667,98.9,147.7,0.6699
72,50,0.6944,102.0,170.9,0.5971
72,52,0.7222,106.8,171.7,0.6220
72,54,0.7500,111.3,177.5,0.6272
76,38,0.5000,83.6,160.9,0.5198
76,40,0.5263,87.5,167.6,0.5221
76,42,0.5526,91.7,169.9,0.5398
76,44,0.5789,96.5,163.9,0.5890
76,46,0.6053,103.6,185.2,0.5594
76,48,0.6316,110.9,186.7,0.5941
76,50,0.6579,108.1,182.4,0.5928
76,52,0.6842,112.9,183.7,0.6146
76,54,0.7105,116.5,190.8,0.6107
76,56,0.7368,120.5,186.5,0.6460
80,40,0.5000,91.9,167.7,0.5476
80,42,0.5250,95.6,179.1,0.5337
80,44,0.5500,100.3,184.2,0.5444
80,46,0.5750,108.3,181.6,0.5961
80,48,0.6000,116.4,186.9,0.6226
80,50,0.6250,112.7,181.5,0.6210
80,52,0.6500,117.8,190.2,0.6192
80,54,0.6750,122.4,187.1,0.6540
80,56,0.7000,127.1,186.9,0.6801
80,58,0.7250,130.7,200.8,0.6508
80,60,0.7500,135.3,204.6,0.6614
84,42,0.5000,100.9,172.0,0.5868
84,44,0.5238,106.0,180.4,0.5874
84,46,0.5476,110.3,173.6,0.6355
84,48,0.5714,114.4,176.4,0.6483
84,50,0.5952,119.5,174.1,0.6863
84,52,0.6190,124.7,178.4,0.6990
84,54,0.6429,128.9,182.4,0.7067
84,56,0.6667,132.8,184.4,0.7200
84,58,0.6905,137.6,185.4,0.7422
84,60,0.7143,143.4,199.5,0.7186
84,62,0.7381,147.4,202.3,0.7288
88,44,0.5000,109.7,183.5,0.5981
88,46,0.5227,114.8,183.9,0.6246
88,48,0.5455,120.1,192.7,0.6233
88,50,0.5682,123.9,186.3,0.6650
88,52,0.5909,129.2,187.0,0.6909
88,54,0.6136,134.2,188.1,0.7133
88,56,0.6364,139.2,199.1,0.6991
88,58,0.6591,143.4,202.6,0.7078
88,60,0.6818,148.5,202.8,0.7324
88,62,0.7045,153.5,200.2,0.7671
88,64,0.7273,163.5,184.7,0.8852
88,66,0.7500,163.0,208.0,0.7838
92,46,0.5000,120.5,185.9,0.6480
92,48,0.5217,124.8,196.7,0.6347
92,50,0.5435,130.3,189.4,0.6877
92,52,0.5652,136.0,191.2,0.7116
92,54,0.5870,140.5,201.8,0.6966
92,56,0.6087,145.3,193.8,0.7496
92,58,0.6304,150.6,208.0,0.7240
92,60,0.6522,156.2,208.6,0.7490
92,62,0.6739,166.1,211.0,0.7869
92,64,0.6957,170.9,187.8,0.9103
92,66,0.7174,171.0,228.0,0.7499
92,68,0.7391,176.9,215.6,0.8203
96,48,0.5000,130.7,175.7,0.7440
96,50,0.5208,135.7,177.7,0.7636
96,52,0.5417,141.0,180.3,0.7822
96,54,0.5625,146.4,181.0,0.8089
96,56,0.5833,156.9,181.1,0.8659
96,58,0.6042,162.4,198.6,0.8177
96,60,0.6250,167.5,186.7,0.8971
96,62,0.6458,167.9,188.7,0.8898
96,64,0.6667,178.3,190.5,0.9360
96,66,0.6875,183.7,231.0,0.7952
96,68,0.7083,183.1,235.1,0.7788
96,70,0.7292,188.5,237.9,0.7923
96,72,0.7500,200.2,224.9,0.8900
100,50,0.5000,141.6,209.5,0.6759
100,52,0.5200,152.9,210.8,0.7253
100,54,0.5400,157.8,213.4,0.7394
100,56,0.5600,162.6,228.1,0.7130
100,58,0.5800,163.2,231.4,0.7052
100,60,0.6000,169.3,231.4,0.7318
100,62,0.6200,179.9,220.1,0.8172
100,64,0.6400,184.8,235.8,0.7839
100,66,0.6600,185.7,225.1,0.8251
100,68,0.6800,191.7,224.2,0.8547
100,70,0.7000,202.7,243.6,0.8320
100,72,0.7200,207.4,248.4,0.8349
100,74,0.7400,208.0,255.0,0.8156
104,52,0.5000,157.2,229.6,0.6849
104,54,0.5192,158.1,217.2,0.7277
104,56,0.5385,163.9,218.7,0.7493
104,58,0.5577,168.8,234.1,0.7210
104,60,0.5769,174.7,238.8,0.7317
104,62,0.5962,181.0,222.9,0.8117
104,64,0.6154,186.7,224.2,0.8327
104,66,0.6346,192.0,242.9,0.7906
104,68,0.6538,197.9,244.0,0.8111
104,70,0.6731,204.6,233.2,0.8776
104,72,0.6923,210.0,252.5,0.8316
104,74,0.7115,214.7,260.1,0.8257
104,76,0.7308,221.1,263.9,0.8380
104,78,0.7500,226.7,267.4,0.8476
108,54,0.5000,164.5,221.5,0.7424
108,56,0.5185,170.0,238.2,0.7137
108,58,0.5370,176.1,222.8,0.7902
108,60,0.5556,188.7,225.4,0.8373
108,62,0.5741,188.7,227.2,0.8305
108,64,0.5926,193.8,245.7,0.7885
108,66,0.6111,200.5,231.6,0.8659
108,68,0.6296,211.3,249.7,0.8463
108,70,0.6481,212.6,237.1,0.8964
108,72,0.6667,218.0,258.0,0.8448
108,74,0.6852,228.0,262.1,0.8700
108,76,0.7037,230.8,249.4,0.9253
108,78,0.7222,236.1,269.7,0.8755
108,80,0.7407,242.1,262.9,0.9209
112,56,0.5000,176.6,235.4,0.7501
112,58,0.5179,181.7,254.5,0.7139
112,60,0.5357,188.4,239.6,0.7862
112,62,0.5536,194.4,240.7,0.8074
112,64,0.5714,200.9,259.9,0.7728
112,66,0.5893,206.2,262.7,0.7849
112,68,0.6071,213.5,248.2,0.8601
112,70,0.6250,219.8,249.7,0.8803
112,72,0.6429,226.3,267.5,0.8460
112,74,0.6607,231.6,254.6,0.9099
112,76,0.6786,238.4,254.4,0.9371
112,78,0.6964,244.7,258.1,0.9483
112,80,0.7143,255.7,250.2,1.0220
112,82,0.7321,260.7,293.7,0.8878
112,84,0.7500,263.4,299.8,0.8787
116,58,0.5000,193.0,258.1,0.7478
116,60,0.5172,199.8,259.8,0.7688
116,62,0.5345,202.0,262.3,0.7700
116,64,0.5517,208.1,246.9,0.8428
116,66,0.5690,215.0,250.9,0.8571
116,68,0.5862,226.3,251.2,0.9011
116,70,0.6034,227.6,271.6,0.8383
116,72,0.6207,233.4,270.5,0.8628
116,74,0.6379,240.2,273.4,0.8786
116,76,0.6552,251.6,275.8,0.9125
116,78,0.6724,252.6,278.1,0.9085
116,80,0.6897,259.4,271.5,0.9555
116,82,0.7069,265.8,300.1,0.8859
116,84,0.7241,276.5,304.5,0.9080
116,86,0.7414,279.1,307.6,0.9073
120,60,0.5000,202.0,237.8,0.8494
120,62,0.5167,208.6,239.5,0.8710
120,64,0.5333,215.3,242.1,0.8891
120,66,0.5500,221.6,244.7,0.9056
120,68,0.5667,228.5,246.7,0.9263
120,70,0.5833,235.6,248.8,0.9472
120,72,0.6000,242.5,250.9,0.9667
120,74,0.6167,248.1,253.9,0.9769
120,76,0.6333,255.2,255.7,0.9981
120,78,0.6500,262.0,257.6,1.0170
120,80,0.6667,268.6,276.7,0.9705
120,82,0.6833,274.3,306.0,0.8963
120,84,0.7000,281.4,295.9,0.9510
120,86,0.7167,288.5,297.3,0.9705
120,88,0.7333,300.1,323.1,0.9290
120,90,0.7500,302.0,328.5,0.9195
124,62,0.5000,216.4,278.1,0.7783
124,64,0.5161,222.5,280.6,0.7932
124,66,0.5323,230.2,281.7,0.8173
124,68,0.5484,242.0,299.9,0.8068
124,70,0.5645,243.6,286.9,0.8492
124,72,0.5806,249.9,304.3,0.8211
124,74,0.5968,257.8,290.7,0.8871
124,76,0.6129,269.4,309.8,0.8697
124,78,0.6290,271.2,294.7,0.9203
124,80,0.6452,282.2,315.9,0.8934
124,82,0.6613,287.8,319.2,0.9016
124,84,0.6774,297.3,303.3,0.9804
124,86,0.6935,303.0,323.9,0.9354
124,88,0.7097,315.5,311.5,1.0129
124,90,0.7258,319.3,339.8,0.9395
124,92,0.7419,320.0,341.1,0.9382
128,64,0.5000,234.3,301.1,0.7783
128,66,0.5156,238.7,304.4,0.7841
128,68,0.5312,249.1,307.6,0.8099
128,70,0.5469,250.6,310.3,0.8077
128,72,0.5625,263.5,297.0,0.8872
128,74,0.5781,264.6,299.7,0.8829
128,76,0.5938,277.0,301.8,0.9179
128,78,0.6094,279.3,302.7,0.9228
128,80,0.6250,291.4,320.6,0.9088
128,82,0.6406,293.0,309.7,0.9462
128,84,0.6562,305.9,312.6,0.9787
128,86,0.6719,307.6,312.6,0.9839
128,88,0.6875,311.3,332.2,0.9370
128,90,0.7031,315.7,323.2,0.9766
128,92,0.7188,319.8,329.5,0.9705
128,94,0.7344,322.7,351.9,0.9168
128,96,0.7500,326.2,327.2,0.9970
132,66,0.5000,243.6,295.1,0.8255
132,68,0.5152,251.5,294.2,0.8550
132,70,0.5303,258.8,299.6,0.8640
132,72,0.5455,269.2,301.5,0.8930
132,74,0.5606,277.5,306.8,0.9044
132,76,0.5758,285.5,306.4,0.9319
132,78,0.5909,291.7,311.6,0.9361
132,80,0.6061,298.5,313.3,0.9530
132,82,0.6212,306.8,313.3,0.9792
132,84,0.6364,310.4,314.1,0.9881
132,86,0.6515,317.5,319.6,0.9936
132,88,0.6667,335.7,321.6,1.0440
132,90,0.6818,339.8,343.5,0.9893
132,92,0.6970,344.2,331.3,1.0390
132,94,0.7121,347.8,342.9,1.0143
132,96,0.7273,350.3,360.2,0.9725
132,98,0.7424,358.9,367.6,0.9761
136,68,0.5000,258.4,304.5,0.8485
136,70,0.5147,269.4,321.7,0.8374
136,72,0.5294,277.2,323.4,0.8571
136,74,0.5441,280.9,314.2,0.8940
136,76,0.5588,292.8,314.3,0.9316
136,78,0.5735,300.4,317.5,0.9460
136,80,0.5882,307.4,320.0,0.9605
136,82,0.6029,311.0,336.0,0.9256
136,84,0.6176,322.4,338.9,0.9511
136,86,0.6324,329.8,340.2,0.9694
136,88,0.6471,353.1,331.1,1.0663
136,90,0.6618,359.2,347.5,1.0337
136,92,0.6765,362.5,339.2,1.0689
136,94,0.6912,367.5,346.3,1.0613
136,96,0.7059,371.2,347.4,1.0686
136,98,0.7206,374.1,368.3,1.0157
136,100,0.7353,377.1,375.1,1.0054
136,102,0.7500,382.2,381.1,1.0028
140,70,0.5000,277.4,332.2,0.8350
140,72,0.5143,285.1,317.5,0.8981
140,74,0.5286,293.3,334.9,0.8758
140,76,0.5429,301.7,325.9,0.9256
140,78,0.5571,308.9,328.4,0.9407
140,80,0.5714,316.4,329.7,0.9598
140,82,0.5857,324.8,346.3,0.9379
140,84,0.6000,333.2,336.8,0.9893
140,86,0.6143,339.8,341.4,0.9954
140,88,0.6286,361.1,343.0,1.0528
140,90,0.6429,365.0,357.9,1.0198
140,92,0.6571,370.6,361.4,1.0255
140,94,0.6714,373.0,366.4,1.0180
140,96,0.6857,376.3,367.2,1.0248
140,98,0.7000,380.5,376.9,1.0096
140,100,0.7143,385.4,392.5,0.9821
140,102,0.7286,388.2,396.8,0.9783
140,104,0.7429,392.7,392.5,1.0006
144,72,0.5000,292.6,326.3,0.8968
144,74,0.5139,301.1,330.7,0.9104
144,76,0.5278,305.5,332.0,0.9200
144,78,0.5417,317.0,331.8,0.9553
144,80,0.5556,325.0,334.8,0.9707
144,82,0.5694,329.1,336.0,0.9795
144,84,0.5833,341.1,335.7,1.0160
144,86,0.5972,349.3,356.0,0.9812
144,88,0.6111,367.7,347.3,1.0586
144,90,0.6250,371.9,365.8,1.0167
144,92,0.6389,375.3,352.3,1.0652
144,94,0.6528,380.0,370.0,1.0269
144,96,0.6667,382.4,361.1,1.0590
144,98,0.6806,387.4,400.9,0.9664
144,100,0.6944,391.0,383.3,1.0200
144,102,0.7083,395.6,391.4,1.0108
144,104,0.7222,397.4,413.9,0.9601
144,106,0.7361,402.9,425.5,0.9470
144,108,0.7500,406.3,423.8,0.9587
148,74,0.5000,306.2,353.7,0.8658
148,76,0.5135,318.9,355.9,0.8959
148,78,0.5270,326.2,357.6,0.9120
148,80,0.5405,333.5,381.1,0.8753
148,82,0.5541,341.1,379.3,0.8992
148,84,0.5676,351.4,366.0,0.9602
148,86,0.5811,358.3,384.2,0.9325
148,88,0.5946,396.7,373.8,1.0613
148,90,0.6081,401.9,373.9,1.0750
148,92,0.6216,404.3,380.5,1.0624
148,94,0.6351,407.1,393.5,1.0347
148,96,0.6486,410.8,390.5,1.0518
148,98,0.6622,417.3,399.5,1.0445
148,100,0.6757,420.4,386.8,1.0867
148,102,0.6892,421.9,413.9,1.0195
148,104,0.7027,426.7,422.5,1.0098
148,106,0.7162,433.3,416.2,1.0410
148,108,0.7297,437.1,436.9,1.0005
148,110,0.7432,441.4,443.3,0.9957
152,76,0.5000,325.6,381.0,0.8545
152,78,0.5132,330.4,383.5,0.8617
152,80,0.5263,342.4,385.8,0.8876
152,82,0.5395,347.7,369.5,0.9409
152,84,0.5526,359.4,391.2,0.9187
152,86,0.5658,364.2,394.1,0.9242
152,88,0.5789,415.8,395.4,1.0516
152,90,0.5921,415.0,398.0,1.0425
152,92,0.6053,418.0,385.9,1.0833
152,94,0.6184,423.9,409.0,1.0364
152,96,0.6316,426.2,408.8,1.0426
152,98,0.6447,430.9,411.6,1.0471
152,100,0.6579,433.5,399.4,1.0856
152,102,0.6711,441.4,419.6,1.0519
152,104,0.6842,444.7,411.2,1.0815
152,106,0.6974,448.0,440.0,1.0181
152,108,0.7105,450.9,442.3,1.0194
152,110,0.7237,459.1,448.8,1.0228
152,112,0.7368,462.4,434.9,1.0631
152,114,0.7500,465.7,458.6,1.0154
156,78,0.5000,343.3,383.9,0.8943
156,80,0.5128,351.4,384.4,0.9143
156,82,0.5256,357.8,387.1,0.9243
156,84,0.5385,366.2,388.4,0.9428
156,86,0.5513,379.9,394.6,0.9627
156,88,0.5641,421.6,397.0,1.0619
156,90,0.5769,425.8,401.3,1.0610
156,92,0.5897,428.2,402.4,1.0641
156,94,0.6026,429.6,411.3,1.0446
156,96,0.6154,434.3,412.3,1.0533
156,98,0.6282,437.8,412.1,1.0622
156,100,0.6410,441.9,412.6,1.0710
156,102,0.6538,446.0,436.8,1.0211
156,104,0.6667,450.2,436.4,1.0315
156,106,0.6795,453.9,433.0,1.0483
156,108,0.6923,460.4,432.8,1.0637
156,110,0.7051,464.1,455.2,1.0196
156,112,0.7179,466.2,460.1,1.0133
156,114,0.7308,470.1,467.5,1.0056
156,116,0.7436,476.2,483.4,0.9852
160,80,0.5000,360.6,394.1,0.9150
160,82,0.5125,365.4,412.5,0.8858
160,84,0.5250,374.1,414.8,0.9018
160,86,0.5375,386.9,402.0,0.9623
160,88,0.5500,428.2,420.3,1.0187
160,90,0.5625,441.6,424.8,1.0396
160,92,0.5750,441.6,410.3,1.0763
160,94,0.5875,445.3,427.0,1.0427
160,96,0.6000,445.6,419.7,1.0617
160,98,0.6125,450.3,419.9,1.0724
160,100,0.6250,453.1,437.6,1.0355
160,102,0.6375,458.1,424.1,1.0800
160,104,0.6500,461.5,446.6,1.0333
160,106,0.6625,466.7,433.2,1.0774
160,108,0.6750,471.0,435.8,1.0807
160,110,0.6875,474.6,459.4,1.0330
160,112,0.7000,478.9,467.0,1.0255
160,114,0.7125,482.6,473.6,1.0192
160,116,0.7250,487.5,489.9,0.9952
160,118,0.7375,493.0,483.1,1.0204
160,120,0.7500,496.9,510.1,0.9741
164,82,0.5000,374.6,408.2,0.9178
164,84,0.5122,384.5,410.4,0.9369
164,86,0.5244,396.7,426.8,0.9295
164,88,0.5366,453.9,414.8,1.0944
164,90,0.5488,457.5,433.7,1.0547
164,92,0.5610,467.8,435.3,1.0747
164,94,0.5732,469.0,422.0,1.1114
164,96,0.5854,470.0,442.2,1.0629
164,98,0.5976,471.7,444.7,1.0608
164,100,0.6098,477.2,433.7,1.1004
164,102,0.6220,481.1,453.1,1.0618
164,104,0.6341,485.3,455.6,1.0652
164,106,0.6463,489.2,444.9,1.0996
164,108,0.6585,496.4,447.1,1.1103
164,110,0.6707,498.9,451.9,1.1039
164,112,0.6829,503.3,472.1,1.0661
164,114,0.6951,507.5,482.5,1.0519
164,116,0.7073,520.7,499.2,1.0431
164,118,0.7195,523.7,506.1,1.0347
164,120,0.7317,527.9,501.2,1.0532
164,122,0.7439,531.4,526.5,1.0093
168,84,0.5000,393.0,415.0,0.9471
168,86,0.5119,406.7,417.0,0.9753
168,88,0.5238,471.7,415.8,1.1343
168,90,0.5357,473.8,419.4,1.1296
168,92,0.5476,476.6,421.6,1.1304
168,94,0.5595,487.4,445.7,1.0937
168,96,0.5714,489.7,452.1,1.0833
168,98,0.5833,491.4,453.4,1.0839
168,100,0.5952,493.9,438.4,1.1266
168,102,0.6071,501.0,438.8,1.1418
168,104,0.6190,504.5,446.5,1.1299
168,106,0.6310,506.3,447.6,1.1312
168,108,0.6429,511.3,451.1,1.1335
168,110,0.6548,522.1,473.2,1.1035
168,112,0.6667,528.0,458.2,1.1522
168,114,0.6786,530.8,482.5,1.1000
168,116,0.6905,534.8,504.8,1.0594
168,118,0.7024,541.3,515.3,1.0505
168,120,0.7143,546.8,505.8,1.0811
168,122,0.7262,548.7,537.4,1.0210
168,124,0.7381,554.2,537.4,1.0312
168,126,0.7500,559.0,545.4,1.0251
172,86,0.5000,413.2,448.3,0.9217
172,88,0.5116,479.0,464.9,1.0305
172,90,0.5233,484.0,465.8,1.0390
172,92,0.5349,488.5,458.0,1.0665
172,94,0.5465,490.4,471.7,1.0396
172,96,0.5581,501.2,464.3,1.0796
172,98,0.5698,504.1,465.2,1.0836
172,100,0.5814,506.5,472.0,1.0730
172,102,0.5930,506.2,485.4,1.0430
172,104,0.6047,516.5,492.2,1.0493
172,106,0.6163,521.6,491.9,1.0605
172,108,0.6279,524.8,482.0,1.0888
172,110,0.6395,529.8,479.9,1.1041
172,112,0.6512,533.3,505.7,1.0546
172,114,0.6628,541.6,487.4,1.1113
172,116,0.6744,544.0,510.1,1.0663
172,118,0.6860,549.1,499.0,1.1004
172,120,0.6977,552.5,531.4,1.0398
172,122,0.7093,558.8,520.7,1.0732
172,124,0.7209,562.3,544.6,1.0326
172,126,0.7326,566.5,536.8,1.0552
172,128,0.7442,571.8,561.5,1.0183
176,88,0.5000,433.0,460.2,0.9410
176,90,0.5114,487.3,460.9,1.0572
176,92,0.5227,494.8,485.2,1.0198
176,94,0.5341,499.5,466.6,1.0705
176,96,0.5455,502.7,487.3,1.0317
176,98,0.5568,515.0,490.3,1.0505
176,100,0.5682,520.2,498.8,1.0430
176,102,0.5795,524.2,499.0,1.0505
176,104,0.5909,525.0,482.9,1.0874
176,106,0.6023,526.9,504.9,1.0435
176,108,0.6136,530.8,491.8,1.0792
176,110,0.6250,536.7,494.9,1.0845
176,112,0.6364,541.2,515.2,1.0505
176,114,0.6477,542.7,516.1,1.0516
176,116,0.6591,548.0,521.4,1.0510
176,118,0.6705,552.5,526.8,1.0488
176,120,0.6818,557.5,518.1,1.0759
176,122,0.6932,561.7,525.0,1.0700
176,124,0.7045,566.6,528.1,1.0730
176,126,0.7159,571.7,543.3,1.0523
176,128,0.7273,577.1,567.7,1.0165
176,130,0.7386,569.6,588.9,0.9673
176,132,0.7500,577.2,577.7,0.9990
180,90,0.5000,454.8,489.9,0.9283
180,92,0.5111,525.4,513.3,1.0236
180,94,0.5222,537.3,491.3,1.0936
180,96,0.5333,540.0,492.7,1.0960
180,98,0.5444,544.8,501.1,1.0872
180,100,0.5556,547.5,506.0,1.0821
180,102,0.5667,541.2,520.1,1.0405
180,104,0.5778,541.6,522.8,1.0360
180,106,0.5889,546.6,504.8,1.0827
180,108,0.6000,551.7,507.9,1.0862
180,110,0.6111,554.4,530.4,1.0453
180,112,0.6222,560.8,514.7,1.0895
180,114,0.6333,562.7,547.2,1.0285
180,116,0.6444,569.1,529.7,1.0744
180,118,0.6556,572.6,539.7,1.0609
180,120,0.6667,575.4,539.8,1.0661
180,122,0.6778,581.3,537.6,1.0813
180,124,0.6889,588.1,555.7,1.0584
180,126,0.7000,592.4,559.6,1.0586
180,128,0.7111,602.6,544.7,1.1063
180,130,0.7222,583.7,602.1,0.9694
180,132,0.7333,591.3,622.7,0.9496
180,134,0.7444,595.9,604.2,0.9861
184,92,0.5000,462.2,510.5,0.9054
184,94,0.5109,520.8,490.5,1.0618
184,96,0.5217,529.5,491.8,1.0768
184,98,0.5326,531.1,493.1,1.0770
184,100,0.5435,538.5,522.4,1.0308
184,102,0.5543,541.8,521.9,1.0381
184,104,0.5652,546.9,506.0,1.0808
184,106,0.5761,550.1,530.3,1.0373
184,108,0.5870,553.9,534.6,1.0361
184,110,0.5978,561.8,519.5,1.0813
184,112,0.6087,568.7,542.9,1.0475
184,114,0.6196,571.3,531.4,1.0752
184,116,0.6304,573.2,554.6,1.0336
184,118,0.6413,582.2,561.3,1.0372
184,120,0.6522,588.3,545.4,1.0785
184,122,0.6630,591.1,570.2,1.0366
184,124,0.6739,595.2,574.5,1.0360
184,126,0.6848,601.6,556.1,1.0818
184,128,0.6957,607.4,560.3,1.0841
184,130,0.7065,606.5,587.8,1.0319
184,132,0.7174,609.7,640.1,0.9526
184,134,0.7283,617.0,604.1,1.0212
184,136,0.7391,621.4,650.8,0.9548
184,138,0.7500,628.7,648.8,0.9691
188,94,0.5000,490.6,526.9,0.9311
188,96,0.5106,525.4,528.7,0.9938
188,98,0.5213,534.7,532.8,1.0037
188,100,0.5319,538.4,536.0,1.0045
188,102,0.5426,542.9,540.1,1.0051
188,104,0.5532,550.1,544.0,1.0112
188,106,0.5638,554.0,548.5,1.0100
188,108,0.5745,559.7,551.7,1.0145
188,110,0.5851,561.4,556.2,1.0094
188,112,0.5957,564.7,559.4,1.0095
188,114,0.6064,570.1,562.5,1.0135
188,116,0.6170,576.2,548.3,1.0507
188,118,0.6277,578.8,569.1,1.0171
188,120,0.6383,583.1,553.7,1.0531
188,122,0.6489,588.8,559.1,1.0532
188,124,0.6596,595.9,562.3,1.0597
188,126,0.6702,599.8,566.4,1.0588
188,128,0.6809,604.5,566.4,1.0672
188,130,0.6915,621.6,594.7,1.0452
188,132,0.7021,628.3,616.2,1.0197
188,134,0.7128,633.5,608.4,1.0412
188,136,0.7234,638.5,661.9,0.9647
188,138,0.7340,642.9,679.2,0.9465
188,140,0.7447,648.2,659.1,0.9836
192,96,0.5000,511.8,510.5,1.0025
192,98,0.5104,526.5,520.6,1.0112
192,100,0.5208,532.8,519.8,1.0250
192,102,0.5312,535.6,528.3,1.0137
192,104,0.5417,538.2,552.9,0.9734
192,106,0.5521,552.8,537.6,1.0282
192,108,0.5625,556.0,538.9,1.0317
192,110,0.5729,564.7,546.5,1.0334
192,112,0.5833,563.6,546.3,1.0317
192,114,0.5938,566.9,559.3,1.0136
192,116,0.6042,574.8,561.7,1.0233
192,118,0.6146,577.9,568.2,1.0170
192,120,0.6250,581.8,568.5,1.0235
192,122,0.6354,588.6,568.4,1.0355
192,124,0.6458,595.9,567.7,1.0496
192,126,0.6562,602.3,577.3,1.0432
192,128,0.6667,601.4,602.3,0.9985
192,130,0.6771,611.4,603.9,1.0124
192,132,0.6875,617.7,607.1,1.0173
192,134,0.6979,618.0,638.4,0.9679
192,136,0.7083,621.9,624.3,0.9962
192,138,0.7188,631.2,664.2,0.9503
192,140,0.7292,634.1,669.3,0.9474
192,142,0.7396,638.6,679.2,0.9401
192,144,0.7500,644.0,663.5,0.9707
196,98,0.5000,536.7,578.9,0.9271
196,100,0.5102,579.6,572.7,1.0120
196,102,0.5204,583.3,579.2,1.0071
196,104,0.5306,588.1,594.5,0.9893
196,106,0.5408,594.8,593.5,1.0023
196,108,0.5510,601.6,603.6,0.9966
196,110,0.5612,603.6,594.8,1.0148
196,112,0.5714,607.4,609.9,0.9959
196,114,0.5816,613.6,616.4,0.9956
196,116,0.5918,618.5,610.2,1.0137
196,118,0.6020,622.3,613.0,1.0153
196,120,0.6122,627.2,619.0,1.0133
196,122,0.6224,632.3,624.2,1.0130
196,124,0.6327,637.7,620.8,1.0272
196,126,0.6429,641.5,622.9,1.0299
196,128,0.6531,646.2,628.6,1.0279
196,130,0.6633,654.6,627.9,1.0425
196,132,0.6735,659.2,617.1,1.0681
196,134,0.6837,666.9,673.0,0.9909
196,136,0.6939,671.6,630.2,1.0658
196,138,0.7041,674.5,650.2,1.0373
196,140,0.7143,682.3,698.6,0.9767
196,142,0.7245,685.3,666.8,1.0278
196,144,0.7347,692.6,668.2,1.0366
196,146,0.7449,695.4,764.3,0.9099
200,100,0.5000,554.2,584.0,0.9490
200,102,0.5100,597.1,588.7,1.0143
200,104,0.5200,599.3,604.6,0.9913
200,106,0.5300,605.0,595.6,1.0157
200,108,0.5400,612.7,600.2,1.0209
200,110,0.5500,622.1,609.0,1.0215
200,112,0.5600,625.3,613.4,1.0194
200,114,0.5700,629.3,619.9,1.0151
200,116,0.5800,629.5,620.8,1.0141
200,118,0.5900,634.7,621.7,1.0209
200,120,0.6000,641.1,625.8,1.0246
200,122,0.6100,645.7,625.7,1.0320
200,124,0.6200,649.8,629.7,1.0319
200,126,0.6300,656.2,640.2,1.0249
200,128,0.6400,661.9,637.4,1.0384
200,130,0.6500,667.1,654.8,1.0187
200,132,0.6600,672.4,660.6,1.0179
200,134,0.6700,677.6,684.5,0.9900
200,136,0.6800,681.6,688.0,0.9906
200,138,0.6900,685.4,703.4,0.9743
200,140,0.7000,690.4,681.7,1.0127
200,142,0.7100,698.9,677.1,1.0322
200,144,0.7200,703.9,679.9,1.0353
200,146,0.7300,711.4,702.9,1.0120
200,148,0.7400,716.8,710.8,1.0085
200,150,0.7500,722.7,744.5,0.9707
204,102,0.5000,583.1,616.2,0.9463
204,104,0.5098,605.0,621.5,0.9734
204,106,0.5196,606.1,622.6,0.9735
204,108,0.5294,608.5,626.0,0.9721
204,110,0.5392,614.0,633.4,0.9693
204,112,0.5490,625.0,639.3,0.9776
204,114,0.5588,628.5,641.7,0.9794
204,116,0.5686,634.1,643.2,0.9858
204,118,0.5784,636.4,648.6,0.9812
204,120,0.5882,639.0,654.3,0.9765
204,122,0.5980,645.9,653.7,0.9882
204,124,0.6078,654.3,654.6,0.9995
204,126,0.6176,656.6,663.0,0.9903
204,128,0.6275,661.6,667.1,0.9917
204,130,0.6373,680.0,662.2,1.0268
204,132,0.6471,686.4,658.9,1.0418
204,134,0.6569,689.2,667.3,1.0328
204,136,0.6667,699.6,687.5,1.0176
204,138,0.6765,708.9,679.4,1.0435
204,140,0.6863,709.5,713.6,0.9943
204,142,0.6961,713.8,700.4,1.0192
204,144,0.7059,719.5,707.1,1.0175
204,146,0.7157,723.9,762.2,0.9498
204,148,0.7255,730.9,766.4,0.9537
204,150,0.7353,735.8,770.3,0.9552
204,152,0.7451,741.2,771.9,0.9602
208,104,0.5000,605.1,622.9,0.9713
208,106,0.5096,629.0,635.0,0.9905
208,108,0.5192,637.8,637.1,1.0010
208,110,0.5288,640.6,641.2,0.9990
208,112,0.5385,644.6,642.1,1.0038
208,114,0.5481,655.9,651.6,1.0066
208,116,0.5577,660.0,655.9,1.0062
208,118,0.5673,662.9,660.2,1.0041
208,120,0.5769,664.7,660.0,1.0071
208,122,0.5865,671.6,661.0,1.0161
208,124,0.5962,675.6,668.2,1.0111
208,126,0.6058,683.4,666.0,1.0260
208,128,0.6154,686.5,674.1,1.0183
208,130,0.6250,683.7,686.5,0.9959
208,132,0.6346,689.8,684.8,1.0073
208,134,0.6442,695.1,689.1,1.0088
208,136,0.6538,698.4,693.4,1.0072
208,138,0.6635,707.8,702.7,1.0072
208,140,0.6731,713.0,703.7,1.0133
208,142,0.6827,719.5,693.3,1.0378
208,144,0.6923,725.0,698.2,1.0383
208,146,0.7019,732.3,752.8,0.9727
208,148,0.7115,737.1,727.8,1.0128
208,150,0.7212,743.7,760.5,0.9779
208,152,0.7308,747.4,764.0,0.9782
208,154,0.7404,747.0,776.9,0.9615
208,156,0.7500,750.1,792.8,0.9461
212,106,0.5000,624.6,646.1,0.9668
212,108,0.5094,649.8,648.8,1.0015
212,110,0.5189,660.2,629.8,1.0483
212,112,0.5283,665.6,631.1,1.0546
212,114,0.5377,669.3,639.7,1.0462
212,116,0.5472,680.3,664.8,1.0234
212,118,0.5566,682.3,647.5,1.0536
212,120,0.5660,685.2,668.4,1.0251
212,122,0.5755,688.5,654.5,1.0518
212,124,0.5849,692.7,681.2,1.0169
212,126,0.5943,699.8,685.4,1.0211
212,128,0.6038,706.2,660.8,1.0688
212,130,0.6132,706.3,696.4,1.0143
212,132,0.6226,712.3,700.9,1.0163
212,134,0.6321,717.3,702.6,1.0210
212,136,0.6415,722.4,704.9,1.0248
212,138,0.6509,729.4,713.7,1.0219
212,140,0.6604,736.6,720.1,1.0230
212,142,0.6698,741.1,719.3,1.0302
212,144,0.6792,747.0,726.0,1.0289
212,146,0.6887,743.6,731.9,1.0160
212,148,0.6981,751.4,752.4,0.9986
212,150,0.7075,756.5,747.1,1.0125
212,152,0.7170,760.8,792.4,0.9602
212,154,0.7264,765.6,823.9,0.9293
212,156,0.7358,776.9,811.7,0.9572
212,158,0.7453,785.7,787.7,0.9975
216,108,0.5000,652.2,637.1,1.0237
216,110,0.5093,665.3,646.2,1.0295
216,112,0.5185,675.3,672.7,1.0039
216,114,0.5278,678.9,652.0,1.0412
216,116,0.5370,686.1,684.4,1.0024
216,118,0.5463,694.6,665.3,1.0441
216,120,0.5556,698.6,667.0,1.0474
216,122,0.5648,701.5,666.5,1.0525
216,124,0.5741,704.6,670.5,1.0509
216,126,0.5833,711.4,702.6,1.0125
216,128,0.5926,716.9,705.9,1.0155
216,130,0.6019,719.3,679.3,1.0589
216,132,0.6111,723.4,684.7,1.0566
216,134,0.6204,731.8,691.7,1.0581
216,136,0.6296,738.5,691.6,1.0678
216,138,0.6389,743.0,698.4,1.0638
216,140,0.6481,748.5,702.3,1.0657
216,142,0.6574,754.3,709.2,1.0636
216,144,0.6667,761.9,734.9,1.0366
216,146,0.6759,757.7,758.6,0.9988
216,148,0.6852,762.3,749.4,1.0172
216,150,0.6944,768.8,821.1,0.9363
216,152,0.7037,778.8,795.3,0.9793
216,154,0.7130,782.8,770.1,1.0165
216,156,0.7222,789.2,782.0,1.0092
216,158,0.7315,793.6,818.2,0.9699
216,160,0.7407,804.1,800.6,1.0044
216,162,0.7500,805.2,909.4,0.8854
220,110,0.5000,676.6,691.0,0.9791
220,112,0.5091,672.2,701.7,0.9580
220,114,0.5182,680.3,706.2,0.9633
220,116,0.5273,685.5,735.1,0.9326
220,118,0.5364,691.5,716.2,0.9655
220,120,0.5455,701.8,724.1,0.9693
220,122,0.5545,707.3,719.0,0.9837
220,124,0.5636,710.1,743.0,0.9557
220,126,0.5727,712.4,737.4,0.9661
220,128,0.5818,717.6,757.4,0.9474
220,130,0.5909,736.1,758.1,0.9710
220,132,0.6000,743.0,762.4,0.9746
220,134,0.6091,747.5,759.4,0.9843
220,136,0.6182,752.9,767.7,0.9807
220,138,0.6273,751.9,747.5,1.0059
220,140,0.6364,755.5,769.2,0.9822
220,142,0.6455,761.4,753.6,1.0103
220,144,0.6545,767.9,762.8,1.0066
220,146,0.6636,776.5,764.7,1.0154
220,148,0.6727,781.2,814.6,0.9591
220,150,0.6818,785.6,761.1,1.0322
220,152,0.6909,793.5,825.3,0.9614
220,154,0.7000,799.0,845.6,0.9448
220,156,0.7091,805.8,792.0,1.0174
220,158,0.7182,811.8,831.5,0.9763
220,160,0.7273,818.0,833.6,0.9813
220,162,0.7364,826.4,893.8,0.9246
220,164,0.7455,832.3,906.3,0.9184
224,112,0.5000,700.8,715.4,0.9797
224,114,0.5089,684.0,731.9,0.9345
224,116,0.5179,691.5,724.2,0.9549
224,118,0.5268,696.8,741.0,0.9404
224,120,0.5357,700.5,731.5,0.9576
224,122,0.5446,712.4,729.5,0.9766
224,124,0.5536,717.5,734.2,0.9772
224,126,0.5625,724.4,736.9,0.9830
224,128,0.5714,727.2,743.9,0.9776
224,130,0.5804,726.1,753.1,0.9641
224,132,0.5893,732.1,760.4,0.9628
224,134,0.5982,737.7,762.8,0.9671
224,136,0.6071,744.9,766.3,0.9721
224,138,0.6161,743.5,782.9,0.9496
224,140,0.6250,748.7,773.7,0.9677
224,142,0.6339,754.4,784.9,0.9613
224,144,0.6429,759.2,777.4,0.9766
224,146,0.6518,766.8,787.3,0.9740
224,148,0.6607,773.9,791.2,0.9781
224,150,0.6696,779.2,828.8,0.9402
224,152,0.6786,785.1,818.2,0.9596
224,154,0.6875,794.0,850.5,0.9335
224,156,0.6964,802.9,800.4,1.0031
224,158,0.7054,806.0,819.1,0.9839
224,160,0.7143,812.0,848.6,0.9568
224,162,0.7232,816.7,877.1,0.9312
224,164,0.7321,824.0,879.9,0.9364
224,166,0.7411,831.8,866.8,0.9597
224,168,0.7500,836.2,890.2,0.9394
228,114,0.5000,720.0,747.4,0.9634
228,116,0.5088,735.7,739.1,0.9954
228,118,0.5175,743.0,758.0,0.9802
228,120,0.5263,746.8,762.9,0.9789
228,122,0.5351,753.3,770.9,0.9772
228,124,0.5439,765.6,766.3,0.9990
228,126,0.5526,768.6,776.7,0.9897
228,128,0.5614,771.4,776.7,0.9932
228,130,0.5702,774.7,768.5,1.0081
228,132,0.5789,776.6,775.8,1.0009
228,134,0.5877,780.5,783.7,0.9959
228,136,0.5965,785.2,770.4,1.0191
228,138,0.6053,792.1,793.5,0.9983
228,140,0.6140,799.4,798.0,1.0019
228,142,0.6228,805.6,803.7,1.0023
228,144,0.6316,810.8,804.1,1.0083
228,146,0.6404,826.3,812.9,1.0166
228,148,0.6491,837.3,808.3,1.0360
228,150,0.6579,843.2,818.4,1.0303
228,152,0.6667,849.5,813.4,1.0444
228,154,0.6754,846.3,802.5,1.0545
228,156,0.6842,854.7,842.2,1.0148
228,158,0.6930,864.8,822.4,1.0515
228,160,0.7018,871.7,832.2,1.0475
228,162,0.7105,878.7,883.0,0.9952
228,164,0.7193,885.7,912.2,0.9709
228,166,0.7281,890.7,869.2,1.0247
228,168,0.7368,902.7,901.1,1.0018
228,170,0.7456,902.1,964.8,0.9350
232,116,0.5000,750.5,748.8,1.0022
232,118,0.5086,754.9,752.8,1.0028
232,120,0.5172,763.7,762.4,1.0017
232,122,0.5259,768.8,764.3,1.0060
232,124,0.5345,775.3,768.0,1.0096
232,126,0.5431,786.6,776.5,1.0130
232,128,0.5517,790.6,775.3,1.0197
232,130,0.5603,778.5,794.3,0.9801
232,132,0.5690,781.4,790.9,0.9879
232,134,0.5776,789.6,794.2,0.9942
232,136,0.5862,794.2,796.8,0.9967
232,138,0.5948,799.6,813.0,0.9835
232,140,0.6034,806.9,813.7,0.9916
232,142,0.6121,813.4,815.7,0.9971
232,144,0.6207,819.7,829.7,0.9879
232,146,0.6293,825.9,828.5,0.9969
232,148,0.6379,832.6,830.0,1.0032
232,150,0.6466,838.1,827.3,1.0131
232,152,0.6552,846.9,834.7,1.0146
232,154,0.6638,852.8,846.0,1.0081
232,156,0.6724,856.9,872.2,0.9824
232,158,0.6810,864.6,854.1,1.0123
232,160,0.6897,876.7,838.8,1.0452
232,162,0.6983,879.0,890.4,0.9872
232,164,0.7069,884.4,919.5,0.9618
232,166,0.7155,892.8,909.0,0.9821
232,168,0.7241,906.9,960.0,0.9447
232,170,0.7328,904.3,977.3,0.9253
232,172,0.7414,908.6,976.5,0.9304
232,174,0.7500,918.1,923.1,0.9946
236,118,0.5000,777.7,745.7,1.0429
236,120,0.5085,757.0,777.4,0.9738
236,122,0.5169,764.1,757.7,1.0085
236,124,0.5254,770.5,785.9,0.9804
236,126,0.5339,775.9,768.5,1.0096
236,128,0.5424,789.7,795.9,0.9923
236,130,0.5508,798.1,801.4,0.9958
236,132,0.5593,800.2,780.6,1.0252
236,134,0.5678,803.2,791.4,1.0149
236,136,0.5763,810.6,792.7,1.0226
236,138,0.5847,818.5,798.8,1.0247
236,140,0.5932,823.5,799.7,1.0297
236,142,0.6017,828.9,805.4,1.0291
236,144,0.6102,836.4,832.0,1.0053
236,146,0.6186,844.3,820.2,1.0294
236,148,0.6271,850.1,820.2,1.0366
236,150,0.6356,856.1,849.0,1.0084
236,152,0.6441,862.8,832.6,1.0363
236,154,0.6525,871.7,833.1,1.0463
236,156,0.6610,877.7,838.6,1.0467
236,158,0.6695,882.3,865.1,1.0199
236,160,0.6780,889.8,871.9,1.0206
236,162,0.6864,896.1,930.9,0.9626
236,164,0.6949,900.5,904.6,0.9955
236,166,0.7034,908.1,956.4,0.9495
236,168,0.7119,915.4,974.0,0.9398
236,170,0.7203,928.3,960.2,0.9667
236,172,0.7288,925.5,963.1,0.9610
236,174,0.7373,937.1,937.3,0.9998
236,176,0.7458,948.0,942.7,1.0057
240,120,0.5000,802.5,767.2,1.0460
240,122,0.5083,793.5,765.3,1.0368
240,124,0.5167,804.1,773.4,1.0398
240,126,0.5250,808.7,774.1,1.0447
240,128,0.5333,814.6,786.0,1.0364
240,130,0.5417,808.7,809.4,0.9992
240,132,0.5500,811.4,794.2,1.0215
240,134,0.5583,814.9,797.1,1.0223
240,136,0.5667,818.6,803.9,1.0184
240,138,0.5750,827.4,806.8,1.0255
240,140,0.5833,837.2,813.0,1.0297
240,142,0.5917,843.7,837.9,1.0070
240,144,0.6000,849.6,827.6,1.0266
240,146,0.6083,855.0,848.1,1.0081
240,148,0.6167,860.0,828.4,1.0381
240,150,0.6250,869.4,835.3,1.0409
240,152,0.6333,872.4,839.9,1.0386
240,154,0.6417,879.2,870.2,1.0104
240,156,0.6500,884.8,875.2,1.0110
240,158,0.6583,892.9,855.9,1.0432
240,160,0.6667,898.2,883.1,1.0171
240,162,0.6750,905.2,904.1,1.0012
240,164,0.6833,914.0,937.5,0.9749
240,166,0.6917,922.1,949.6,0.9711
240,168,0.7000,924.8,932.0,0.9923
240,170,0.7083,935.2,992.0,0.9427
240,172,0.7167,936.7,975.7,0.9600
240,174,0.7250,943.6,945.4,0.9981
240,176,0.7333,955.7,929.6,1.0281
240,178,0.7417,958.2,967.0,0.9909
240,180,0.7500,963.4,998.5,0.9649
244,122,0.5000,824.3,825.5,0.9985
244,124,0.5082,815.4,860.1,0.9480
244,126,0.5164,825.4,834.3,0.9892
244,128,0.5246,831.1,841.1,0.9881
244,130,0.5328,834.6,842.9,0.9901
244,132,0.5410,845.3,849.6,0.9949
244,134,0.5492,848.9,882.6,0.9618
244,136,0.5574,846.1,885.4,0.9556
244,138,0.5656,859.8,861.1,0.9985
244,140,0.5738,862.3,892.3,0.9664
244,142,0.5820,866.4,885.5,0.9784
244,144,0.5902,871.8,898.9,0.9699
244,146,0.5984,877.7,879.5,0.9980
244,148,0.6066,888.3,905.3,0.9812
244,150,0.6148,890.5,913.1,0.9752
244,152,0.6230,898.1,920.1,0.9760
244,154,0.6311,911.5,899.4,1.0134
244,156,0.6393,912.1,906.2,1.0066
244,158,0.6475,917.8,909.1,1.0096
244,160,0.6557,926.7,941.0,0.9848
244,162,0.6639,937.2,946.2,0.9905
244,164,0.6721,940.6,952.4,0.9875
244,166,0.6803,951.7,909.4,1.0465
244,168,0.6885,957.5,940.4,1.0181
244,170,0.6967,964.1,997.4,0.9666
244,172,0.7049,973.9,1000.9,0.9730
244,174,0.7131,979.9,950.3,1.0311
244,176,0.7213,978.1,967.3,1.0112
244,178,0.7295,984.4,1001.0,0.9833
244,180,0.7377,995.6,1019.6,0.9765
244,182,0.7459,1003.5,998.2,1.0053
248,124,0.5000,856.5,855.0,1.0019
248,126,0.5081,828.6,844.9,0.9807
248,128,0.5161,837.5,849.2,0.9862
248,130,0.5242,845.1,859.0,0.9839
248,132,0.5323,849.6,866.5,0.9806
248,134,0.5403,856.7,870.8,0.9838
248,136,0.5484,864.6,874.9,0.9882
248,138,0.5565,869.4,897.0,0.9692
248,140,0.5645,869.3,905.8,0.9597
248,142,0.5726,882.0,909.5,0.9698
248,144,0.5806,883.7,892.2,0.9904
248,146,0.5887,887.7,910.3,0.9752
248,148,0.5968,900.6,916.5,0.9827
248,150,0.6048,901.8,918.5,0.9818
248,152,0.6129,908.2,928.3,0.9784
248,154,0.6210,912.2,931.9,0.9788
248,156,0.6290,918.8,942.9,0.9745
248,158,0.6371,928.4,926.5,1.0020
248,160,0.6452,937.7,930.0,1.0083
248,162,0.6532,938.7,952.3,0.9857
248,164,0.6613,946.0,944.4,1.0017
248,166,0.6694,954.6,970.2,0.9839
248,168,0.6774,961.1,949.6,1.0120
248,170,0.6855,967.8,967.8,1.0000
248,172,0.6935,974.2,989.3,0.9847
248,174,0.7016,983.9,982.8,1.0012
248,176,0.7097,991.5,978.3,1.0135
248,178,0.7177,996.9,1006.5,0.9904
248,180,0.7258,1000.0,1027.3,0.9735
248,182,0.7339,1020.7,1010.8,1.0098
248,184,0.7419,1017.3,1060.9,0.9589
248,186,0.7500,1028.2,1047.9,0.9813
252,126,0.5000,885.1,893.2,0.9909
252,128,0.5079,825.2,856.0,0.9640
252,130,0.5159,842.3,873.3,0.9645
252,132,0.5238,849.8,854.7,0.9942
252,134,0.5317,858.6,888.9,0.9660
252,136,0.5397,868.5,886.7,0.9795
252,138,0.5476,872.8,869.8,1.0035
252,140,0.5556,870.3,895.0,0.9725
252,142,0.5635,878.7,904.2,0.9718
252,144,0.5714,879.9,900.2,0.9775
252,146,0.5794,887.7,889.1,0.9984
252,148,0.5873,893.9,910.8,0.9815
252,150,0.5952,899.5,922.4,0.9753
252,152,0.6032,906.8,925.8,0.9795
252,154,0.6111,928.2,920.5,1.0084
252,156,0.6190,936.0,951.2,0.9841
252,158,0.6270,942.0,962.2,0.9789
252,160,0.6349,950.8,960.5,0.9899
252,162,0.6429,959.2,945.2,1.0148
252,164,0.6508,963.6,967.4,0.9960
252,166,0.6587,970.5,955.8,1.0154
252,168,0.6667,987.3,997.4,0.9899
252,170,0.6746,985.9,1021.8,0.9649
252,172,0.6825,993.1,1003.1,0.9900
252,174,0.6905,1002.0,969.5,1.0335
252,176,0.6984,1019.2,963.5,1.0579
252,178,0.7063,1028.9,997.7,1.0313
252,180,0.7143,1022.9,1062.6,0.9627
252,182,0.7222,1035.6,1020.4,1.0149
252,184,0.7302,1043.7,1045.2,0.9985
252,186,0.7381,1058.8,1041.7,1.0164
252,188,0.7460,1057.7,1086.2,0.9738
256,128,0.5000,907.6,885.7,1.0248
256,130,0.5078,852.6,904.9,0.9421
256,132,0.5156,858.1,907.3,0.9458
256,134,0.5234,857.8,911.5,0.9411
256,136,0.5312,863.2,928.5,0.9297
256,138,0.5391,877.9,917.4,0.9570
256,140,0.5469,881.2,923.8,0.9539
256,142,0.5547,884.2,935.7,0.9449
256,144,0.5625,892.4,941.0,0.9484
256,146,0.5703,894.5,946.5,0.9451
256,148,0.5781,908.3,942.5,0.9637
256,150,0.5859,907.0,944.9,0.9600
256,152,0.5938,923.3,965.5,0.9562
256,154,0.6016,922.9,968.5,0.9528
256,156,0.6094,929.6,974.5,0.9539
256,158,0.6172,944.1,979.0,0.9644
256,160,0.6250,945.0,971.8,0.9724
256,162,0.6328,952.0,984.8,0.9667
256,164,0.6406,959.1,994.1,0.9648
256,166,0.6484,984.2,989.2,0.9950
256,168,0.6562,979.6,992.0,0.9875
256,170,0.6641,980.2,1001.9,0.9784
256,172,0.6719,994.7,1041.0,0.9556
256,174,0.6797,999.3,982.0,1.0176
256,176,0.6875,1002.3,978.4,1.0245
256,178,0.6953,1009.6,1018.3,0.9914
256,180,0.7031,1015.5,1045.6,0.9713
256,182,0.7109,1034.5,1051.2,0.9841
256,184,0.7188,1030.5,1085.2,0.9496
256,186,0.7266,1038.2,1054.7,0.9843
256,188,0.7344,1044.6,1063.4,0.9824
256,190,0.7422,1057.7,1060.7,0.9973
256,192,0.7500,1060.2,1078.5,0.9831
260,130,0.5000,938.1,909.9,1.0309
260,132,0.5077,894.1,920.4,0.9714
260,134,0.5154,903.2,922.7,0.9788
260,136,0.5231,909.6,910.1,0.9994
260,138,0.5308,917.0,901.1,1.0176
260,140,0.5385,928.6,941.1,0.9867
260,142,0.5462,932.5,914.4,1.0197
260,144,0.5538,935.9,948.2,0.9870
260,146,0.5615,939.5,946.3,0.9929
260,148,0.5692,950.7,929.4,1.0229
260,150,0.5769,961.1,932.9,1.0303
260,152,0.5846,960.6,939.8,1.0222
260,154,0.5923,968.1,938.2,1.0319
260,156,0.6000,975.9,982.4,0.9934
260,158,0.6077,982.9,981.1,1.0018
260,160,0.6154,989.6,988.3,1.0013
260,162,0.6231,998.2,990.4,1.0079
260,164,0.6308,1009.0,1000.7,1.0084
260,166,0.6385,1013.0,1006.9,1.0060
260,168,0.6462,1025.2,984.6,1.0412
260,170,0.6538,1028.8,1010.6,1.0180
260,172,0.6615,1044.9,1023.8,1.0205
260,174,0.6692,1050.4,999.2,1.0513
260,176,0.6769,1055.1,1022.5,1.0318
260,178,0.6846,1056.4,1042.0,1.0139
260,180,0.6923,1071.5,1049.6,1.0209
260,182,0.7000,1073.7,1072.6,1.0010
260,184,0.7077,1079.7,1041.3,1.0369
260,186,0.7154,1091.3,1066.7,1.0231
260,188,0.7231,1100.7,1103.0,0.9979
260,190,0.7308,1107.2,1103.7,1.0032
260,192,0.7385,1115.1,1082.2,1.0304
260,194,0.7462,1116.5,1131.1,0.9871
264,132,0.5000,967.5,930.2,1.0401
264,134,0.5076,916.3,916.5,0.9998
264,136,0.5152,926.4,904.1,1.0246
264,138,0.5227,933.7,943.9,0.9892
264,140,0.5303,938.3,937.3,1.0011
264,142,0.5379,957.3,933.0,1.0261
264,144,0.5455,960.7,942.1,1.0197
264,146,0.5530,965.8,961.2,1.0048
264,148,0.5606,976.1,968.1,1.0082
264,150,0.5682,976.8,950.0,1.0281
264,152,0.5758,992.2,978.3,1.0142
264,154,0.5833,991.8,941.8,1.0532
264,156,0.5909,998.5,983.0,1.0159
264,158,0.5985,1010.7,947.0,1.0672
264,160,0.6061,1016.3,992.0,1.0245
264,162,0.6136,1020.5,997.3,1.0233
264,164,0.6212,1027.0,965.2,1.0640
264,166,0.6288,1041.2,965.6,1.0783
264,168,0.6364,1048.2,976.0,1.0739
264,170,0.6439,1052.3,1028.1,1.0236
264,172,0.6515,1060.3,1034.4,1.0251
264,174,0.6591,1073.5,1024.9,1.0473
264,176,0.6667,1086.4,1017.1,1.0682
264,178,0.6742,1084.3,1043.2,1.0394
264,180,0.6818,1091.0,1097.6,0.9940
264,182,0.6894,1110.3,1059.8,1.0477
264,184,0.6970,1111.2,1055.0,1.0533
264,186,0.7045,1121.1,1111.2,1.0089
264,188,0.7121,1131.9,1090.9,1.0376
264,190,0.7197,1131.8,1089.6,1.0387
264,192,0.7273,1141.3,1066.8,1.0699
264,194,0.7348,1150.6,1123.5,1.0241
264,196,0.7424,1149.5,1163.3,0.9881
264,198,0.7500,1159.9,1173.6,0.9883
268,134,0.5000,997.9,958.8,1.0407
268,136,0.5075,937.6,966.2,0.9705
268,138,0.5149,952.7,974.6,0.9775
268,140,0.5224,960.3,977.6,0.9823
268,142,0.5299,967.3,983.7,0.9834
268,144,0.5373,973.5,983.2,0.9902
268,146,0.5448,984.5,989.6,0.9948
268,148,0.5522,981.4,1000.6,0.9809
268,150,0.5597,984.7,1004.0,0.9808
268,152,0.5672,993.5,1004.5,0.9890
268,154,0.5746,1004.7,1013.4,0.9914
268,156,0.5821,1010.6,1017.6,0.9932
268,158,0.5896,1018.9,1028.2,0.9909
268,160,0.5970,1035.7,1034.6,1.0010
268,162,0.6045,1040.4,1024.4,1.0157
268,164,0.6119,1039.2,1028.0,1.0109
268,166,0.6194,1045.4,1034.2,1.0109
268,168,0.6269,1061.5,1044.5,1.0163
268,170,0.6343,1061.4,1044.9,1.0157
268,172,0.6418,1068.0,1047.8,1.0193
268,174,0.6493,1086.4,1063.7,1.0214
268,176,0.6567,1092.8,1061.8,1.0293
268,178,0.6642,1093.0,1071.3,1.0203
268,180,0.6716,1100.4,1046.7,1.0513
268,182,0.6791,1109.3,1056.8,1.0497
268,184,0.6866,1116.6,1115.9,1.0007
268,186,0.6940,1122.6,1073.3,1.0459
268,188,0.7015,1136.5,1116.7,1.0177
268,190,0.7090,1144.4,1076.9,1.0627
268,192,0.7164,1154.2,1060.3,1.0886
268,194,0.7239,1161.1,1116.1,1.0403
268,196,0.7313,1161.8,1161.3,1.0004
268,198,0.7388,1169.7,1182.2,0.9895
268,200,0.7463,1185.0,1140.1,1.0394
272,136,0.5000,1031.3,975.1,1.0577
272,138,0.5074,957.4,980.8,0.9761
272,140,0.5147,969.0,968.1,1.0009
272,142,0.5221,981.3,991.7,0.9895
272,144,0.5294,986.2,995.2,0.9909
272,146,0.5368,992.3,974.4,1.0184
272,148,0.5441,999.6,1008.1,0.9915
272,150,0.5515,999.7,1012.1,0.9877
272,152,0.5588,1005.3,1016.6,0.9889
272,154,0.5662,1010.4,995.7,1.0148
272,156,0.5735,1017.7,1025.3,0.9926
272,158,0.5809,1028.7,1006.7,1.0219
272,160,0.5882,1033.2,1011.0,1.0219
272,162,0.5956,1043.0,1017.7,1.0249
272,164,0.6029,1048.2,1047.1,1.0011
272,166,0.6103,1056.6,1028.6,1.0272
272,168,0.6176,1063.8,1057.9,1.0056
272,170,0.6250,1071.6,1065.0,1.0062
272,172,0.6324,1076.0,1070.4,1.0053
272,174,0.6397,1085.1,1052.9,1.0305
272,176,0.6471,1091.3,1057.0,1.0324
272,178,0.6544,1108.2,1080.6,1.0255
272,180,0.6618,1107.6,1088.5,1.0175
272,182,0.6691,1116.5,1070.5,1.0430
272,184,0.6765,1130.4,1132.6,0.9981
272,186,0.6838,1131.1,1081.8,1.0455
272,188,0.6912,1137.9,1124.9,1.0116
272,190,0.6985,1150.6,1085.8,1.0596
272,192,0.7059,1159.7,1110.4,1.0444
272,194,0.7132,1168.8,1159.9,1.0076
272,196,0.7206,1182.3,1145.5,1.0321
272,198,0.7279,1182.1,1156.3,1.0223
272,200,0.7353,1199.1,1157.0,1.0364
272,202,0.7426,1204.0,1174.0,1.0256
272,204,0.7500,1211.9,1206.3,1.0046
276,138,0.5000,1060.5,973.3,1.0896
276,140,0.5072,993.6,977.9,1.0161
276,142,0.5145,1002.6,983.9,1.0190
276,144,0.5217,1008.2,996.0,1.0122
276,146,0.5290,1022.5,996.8,1.0258
276,148,0.5362,1024.1,1001.4,1.0227
276,150,0.5435,1029.1,1012.6,1.0163
276,152,0.5507,1031.9,1023.7,1.0081
276,154,0.5580,1037.8,1021.3,1.0162
276,156,0.5652,1046.4,1024.1,1.0218
276,158,0.5725,1053.1,1031.9,1.0206
276,160,0.5797,1058.7,1037.8,1.0201
276,162,0.5870,1077.4,1048.4,1.0277
276,164,0.5942,1083.3,1052.2,1.0295
276,166,0.6014,1090.6,1060.0,1.0289
276,168,0.6087,1095.0,1063.4,1.0297
276,170,0.6159,1096.1,1075.4,1.0193
276,172,0.6232,1111.3,1072.8,1.0359
276,174,0.6304,1113.8,1081.3,1.0300
276,176,0.6377,1120.1,1090.8,1.0269
276,178,0.6449,1136.9,1092.1,1.0410
276,180,0.6522,1146.5,1101.6,1.0408
276,182,0.6594,1148.2,1112.9,1.0317
276,184,0.6667,1152.9,1143.6,1.0082
276,186,0.6739,1161.0,1092.8,1.0624
276,188,0.6812,1178.2,1108.0,1.0633
276,190,0.6884,1178.1,1138.9,1.0344
276,192,0.6957,1185.4,1085.2,1.0923
276,194,0.7029,1196.0,1138.9,1.0501
276,196,0.7101,1206.2,1199.7,1.0055
276,198,0.7174,1220.7,1174.1,1.0396
276,200,0.7246,1226.1,1164.8,1.0526
276,202,0.7319,1229.1,1174.6,1.0464
276,204,0.7391,1239.0,1195.0,1.0368
276,206,0.7464,1252.0,1223.8,1.0231
280,140,0.5000,1090.5,1007.3,1.0826
280,142,0.5071,1011.4,985.6,1.0262
280,144,0.5143,1021.8,995.5,1.0264
280,146,0.5214,1032.5,999.6,1.0329
280,148,0.5286,1042.2,1003.4,1.0387
280,150,0.5357,1049.3,1042.3,1.0067
280,152,0.5429,1061.5,1042.6,1.0181
280,154,0.5500,1060.3,1054.9,1.0051
280,156,0.5571,1065.5,1041.7,1.0229
280,158,0.5643,1073.6,1046.2,1.0262
280,160,0.5714,1081.9,1047.6,1.0327
280,162,0.5786,1089.0,1046.1,1.0410
280,164,0.5857,1094.2,1087.3,1.0064
280,166,0.5929,1104.2,1094.3,1.0091
280,168,0.6000,1112.7,1062.2,1.0476
280,170,0.6071,1123.3,1063.3,1.0564
280,172,0.6143,1138.1,1111.4,1.0240
280,174,0.6214,1139.7,1078.9,1.0564
280,176,0.6286,1155.8,1080.5,1.0697
280,178,0.6357,1152.8,1084.0,1.0635
280,180,0.6429,1161.1,1092.8,1.0624
280,182,0.6500,1174.7,1136.2,1.0339
280,184,0.6571,1175.2,1142.8,1.0284
280,186,0.6643,1181.9,1152.5,1.0255
280,188,0.6714,1189.3,1116.4,1.0653
280,190,0.6786,1208.8,1143.1,1.0575
280,192,0.6857,1216.5,1096.5,1.1094
280,194,0.6929,1213.3,1187.4,1.0218
280,196,0.7000,1220.9,1182.4,1.0326
280,198,0.7071,1241.8,1177.9,1.0543
280,200,0.7143,1248.8,1213.4,1.0292
280,202,0.7214,1262.4,1207.8,1.0452
280,204,0.7286,1263.9,1281.6,0.9862
280,206,0.7357,1262.9,1210.5,1.0433
280,208,0.7429,1278.8,1242.1,1.0295
280,210,0.7500,1278.9,1241.5,1.0301
284,142,0.5000,1125.2,987.5,1.1394
284,144,0.5070,1035.6,1026.9,1.0085
284,146,0.5141,1046.6,1038.9,1.0074
284,148,0.5211,1055.7,1045.3,1.0099
284,150,0.5282,1068.2,1018.6,1.0487
284,152,0.5352,1077.0,1023.3,1.0524
284,154,0.5423,1087.7,1019.5,1.0669
284,156,0.5493,1094.6,1056.7,1.0358
284,158,0.5563,1093.2,1034.6,1.0566
284,160,0.5634,1100.8,1038.3,1.0602
284,162,0.5704,1108.4,1076.6,1.0295
284,164,0.5775,1117.7,1044.5,1.0700
284,166,0.5845,1126.9,1090.5,1.0335
284,168,0.5915,1140.5,1056.7,1.0793
284,170,0.5986,1145.3,1058.4,1.0821
284,172,0.6056,1150.1,1067.5,1.0774
284,174,0.6127,1153.7,1113.7,1.0359
284,176,0.6197,1167.2,1076.7,1.0840
284,178,0.6268,1176.9,1121.8,1.0491
284,180,0.6338,1178.9,1088.9,1.0826
284,182,0.6408,1190.0,1094.0,1.0878
284,184,0.6479,1194.2,1100.9,1.0847
284,186,0.6549,1204.8,1145.4,1.0519
284,188,0.6620,1213.3,1150.3,1.0548
284,190,0.6690,1223.8,1150.1,1.0641
284,192,0.6761,1224.8,1130.3,1.0836
284,194,0.6831,1234.1,1161.0,1.0629
284,196,0.6901,1247.2,1193.7,1.0448
284,198,0.6972,1257.9,1232.3,1.0208
284,200,0.7042,1265.5,1221.6,1.0359
284,202,0.7113,1263.4,1237.7,1.0208
284,204,0.7183,1274.0,1248.7,1.0202
284,206,0.7254,1287.2,1259.4,1.0221
284,208,0.7324,1286.6,1220.0,1.0546
284,210,0.7394,1289.5,1256.1,1.0266
284,212,0.7465,1302.6,1270.9,1.0250
288,144,0.5000,1149.5,988.8,1.1624
288,146,0.5069,1048.0,1003.3,1.0446
288,148,0.5139,1051.0,1007.3,1.0434
288,150,0.5208,1058.9,1015.0,1.0433
288,152,0.5278,1069.0,1023.6,1.0443
288,154,0.5347,1087.8,1021.2,1.0652
288,156,0.5417,1094.1,1027.1,1.0652
288,158,0.5486,1096.9,1037.6,1.0572
288,160,0.5556,1101.3,1036.8,1.0621
288,162,0.5625,1109.0,1042.2,1.0641
288,164,0.5694,1117.4,1052.4,1.0617
288,166,0.5764,1121.6,1100.5,1.0191
288,168,0.5833,1139.5,1058.2,1.0768
288,170,0.5903,1136.4,1062.1,1.0700
288,172,0.5972,1144.5,1071.7,1.0679
288,174,0.6042,1151.8,1085.3,1.0613
288,176,0.6111,1163.5,1089.4,1.0681
288,178,0.6181,1165.7,1084.7,1.0747
288,180,0.6250,1171.6,1126.4,1.0401
288,182,0.6319,1183.2,1097.7,1.0780
288,184,0.6389,1187.8,1095.8,1.0839
288,186,0.6458,1206.6,1102.6,1.0943
288,188,0.6528,1205.7,1104.3,1.0919
288,190,0.6597,1215.4,1105.8,1.0991
288,192,0.6667,1222.1,1112.9,1.0981
288,194,0.6736,1236.9,1177.0,1.0509
288,196,0.6806,1247.9,1268.6,0.9837
288,198,0.6875,1250.6,1219.1,1.0258
288,200,0.6944,1271.5,1217.6,1.0443
288,202,0.7014,1271.9,1254.7,1.0138
288,204,0.7083,1274.6,1249.3,1.0203
288,206,0.7153,1283.5,1234.5,1.0397
288,208,0.7222,1303.7,1266.9,1.0291
288,210,0.7292,1297.7,1303.6,0.9955
288,212,0.7361,1304.8,1317.3,0.9906
288,214,0.7431,1313.9,1331.7,0.9867
288,216,0.7500,1325.3,1366.1,0.9701
292,146,0.5000,1183.4,1097.8,1.0780
292,148,0.5068,1116.9,1118.2,0.9989
292,150,0.5137,1126.4,1121.8,1.0041
292,152,0.5205,1137.2,1114.4,1.0205
292,154,0.5274,1150.4,1120.6,1.0266
292,156,0.5342,1163.9,1132.4,1.0278
292,158,0.5411,1165.4,1129.3,1.0319
292,160,0.5479,1168.1,1151.9,1.0140
292,162,0.5548,1168.2,1141.5,1.0234
292,164,0.5616,1179.0,1158.8,1.0175
292,166,0.5685,1194.6,1161.3,1.0287
292,168,0.5753,1198.7,1175.9,1.0194
292,170,0.5822,1207.1,1166.4,1.0349
292,172,0.5890,1218.0,1174.4,1.0371
292,174,0.5959,1218.2,1175.5,1.0363
292,176,0.6027,1235.2,1202.5,1.0272
292,178,0.6096,1241.2,1190.1,1.0429
292,180,0.6164,1242.1,1199.2,1.0358
292,182,0.6233,1248.6,1205.2,1.0360
292,184,0.6301,1238.9,1214.4,1.0202
292,186,0.6370,1248.6,1213.3,1.0291
292,188,0.6438,1255.8,1211.9,1.0362
292,190,0.6507,1268.1,1210.0,1.0480
292,192,0.6575,1270.6,1222.6,1.0393
292,194,0.6644,1284.5,1225.9,1.0478
292,196,0.6712,1292.1,1271.1,1.0165
292,198,0.6781,1299.6,1243.6,1.0450
292,200,0.6849,1307.7,1238.6,1.0558
292,202,0.6918,1314.6,1270.3,1.0349
292,204,0.6986,1324.8,1293.5,1.0242
292,206,0.7055,1332.8,1250.8,1.0655
292,208,0.7123,1340.1,1281.5,1.0457
292,210,0.7192,1347.9,1282.4,1.0511
292,212,0.7260,1357.7,1334.2,1.0176
292,214,0.7329,1365.1,1338.6,1.0197
292,216,0.7397,1374.0,1333.6,1.0303
292,218,0.7466,1381.4,1332.3,1.0368
296,148,0.5000,1214.4,1090.3,1.1138
296,150,0.5068,1120.7,1120.1,1.0006
296,152,0.5135,1126.0,1102.0,1.0217
296,154,0.5203,1134.1,1125.7,1.0075
296,156,0.5270,1142.6,1118.8,1.0213
296,158,0.5338,1162.9,1118.2,1.0400
296,160,0.5405,1161.1,1123.7,1.0333
296,162,0.5473,1165.6,1149.2,1.0143
296,164,0.5541,1170.6,1137.6,1.0291
296,166,0.5608,1187.0,1142.5,1.0390
296,168,0.5676,1186.4,1170.0,1.0140
296,170,0.5743,1204.3,1145.0,1.0518
296,172,0.5811,1213.2,1158.3,1.0474
296,174,0.5878,1209.9,1162.5,1.0408
296,176,0.5946,1218.3,1193.0,1.0212
296,178,0.6014,1236.8,1194.8,1.0351
296,180,0.6081,1237.9,1177.3,1.0515
296,182,0.6149,1248.6,1212.7,1.0296
296,184,0.6216,1258.7,1213.2,1.0375
296,186,0.6284,1266.2,1217.8,1.0398
296,188,0.6351,1275.4,1232.1,1.0352
296,190,0.6419,1281.0,1235.2,1.0371
296,192,0.6486,1284.6,1235.5,1.0398
296,194,0.6554,1294.1,1214.2,1.0658
296,196,0.6622,1302.9,1215.0,1.0724
296,198,0.6689,1307.0,1221.7,1.0698
296,200,0.6757,1318.6,1225.4,1.0760
296,202,0.6824,1326.6,1245.4,1.0652
296,204,0.6892,1332.6,1318.7,1.0105
296,206,0.6959,1338.0,1298.2,1.0307
296,208,0.7027,1349.6,1291.7,1.0448
296,210,0.7095,1360.8,1290.8,1.0542
296,212,0.7162,1366.7,1373.7,0.9949
296,214,0.7230,1379.1,1354.0,1.0185
296,216,0.7297,1387.2,1352.0,1.0260
296,218,0.7365,1395.3,1383.9,1.0082
296,220,0.7432,1406.4,1389.0,1.0126
296,222,0.7500,1412.1,1393.3,1.0135
300,150,0.5000,1252.0,1122.3,1.1156
300,152,0.5067,1147.2,1127.0,1.0179
300,154,0.5133,1156.8,1135.2,1.0190
300,156,0.5200,1175.0,1138.9,1.0317
300,158,0.5267,1182.6,1143.2,1.0345
300,160,0.5333,1195.1,1158.2,1.0318
300,162,0.5400,1191.0,1158.3,1.0282
300,164,0.5467,1204.6,1151.2,1.0464
300,166,0.5533,1200.2,1161.9,1.0329
300,168,0.5600,1219.2,1180.7,1.0326
300,170,0.5667,1216.6,1179.7,1.0313
300,172,0.5733,1226.0,1179.2,1.0396
300,174,0.5800,1232.9,1184.0,1.0413
300,176,0.5867,1243.7,1208.2,1.0294
300,178,0.5933,1257.7,1208.2,1.0410
300,180,0.6000,1261.6,1212.7,1.0404
300,182,0.6067,1269.3,1211.3,1.0479
300,184,0.6133,1273.7,1216.2,1.0473
300,186,0.6200,1282.3,1228.3,1.0440
300,188,0.6267,1294.0,1240.1,1.0434
300,190,0.6333,1302.0,1245.2,1.0457
300,192,0.6400,1307.7,1240.7,1.0540
300,194,0.6467,1315.7,1241.0,1.0602
300,196,0.6533,1327.9,1254.4,1.0585
300,198,0.6600,1339.2,1254.7,1.0673
300,200,0.6667,1339.2,1283.5,1.0434
300,202,0.6733,1338.9,1282.6,1.0439
300,204,0.6800,1348.5,1295.4,1.0410
300,206,0.6867,1357.5,1275.1,1.0646
300,208,0.6933,1373.7,1301.8,1.0552
300,210,0.7000,1389.3,1338.0,1.0384
300,212,0.7067,1394.9,1364.1,1.0225
300,214,0.7133,1411.7,1367.2,1.0325
300,216,0.7200,1406.7,1360.7,1.0338
300,218,0.7267,1421.3,1381.5,1.0288
300,220,0.7333,1429.2,1399.0,1.0217
300,222,0.7400,1443.1,1395.2,1.0343
300,224,0.7467,1442.7,1349.5,1.0691
304,152,0.5000,1279.9,1155.5,1.1076
304,154,0.5066,1161.6,1150.5,1.0096
304,156,0.5132,1172.8,1159.5,1.0115
304,158,0.5197,1184.6,1159.1,1.0220
304,160,0.5263,1190.6,1175.8,1.0126
304,162,0.5329,1199.8,1167.1,1.0280
304,164,0.5395,1205.1,1180.5,1.0209
304,166,0.5461,1210.7,1188.7,1.0185
304,168,0.5526,1221.9,1197.6,1.0203
304,170,0.5592,1222.3,1203.3,1.0158
304,172,0.5658,1235.7,1208.7,1.0224
304,174,0.5724,1240.7,1221.4,1.0158
304,176,0.5789,1248.3,1218.2,1.0247
304,178,0.5855,1256.0,1219.1,1.0303
304,180,0.5921,1272.2,1238.8,1.0270
304,182,0.5987,1281.1,1233.3,1.0388
304,184,0.6053,1286.5,1245.2,1.0332
304,186,0.6118,1289.1,1240.9,1.0388
304,188,0.6184,1295.8,1261.4,1.0272
304,190,0.6250,1304.7,1265.9,1.0306
304,192,0.6316,1311.6,1270.6,1.0323
304,194,0.6382,1322.0,1268.1,1.0425
304,196,0.6447,1328.9,1269.3,1.0469
304,198,0.6513,1340.2,1280.5,1.0467
304,200,0.6579,1350.3,1298.2,1.0402
304,202,0.6645,1358.9,1286.6,1.0563
304,204,0.6711,1367.6,1310.1,1.0439
304,206,0.6776,1375.3,1315.6,1.0454
304,208,0.6842,1385.1,1308.1,1.0589
304,210,0.6908,1396.7,1323.3,1.0555
304,212,0.6974,1403.3,1408.5,0.9963
304,214,0.7039,1412.8,1393.5,1.0139
304,216,0.7105,1420.8,1413.0,1.0055
304,218,0.7171,1426.4,1408.3,1.0128
304,220,0.7237,1436.3,1410.7,1.0181
304,222,0.7303,1446.2,1414.9,1.0221
304,224,0.7368,1455.2,1372.1,1.0606
304,226,0.7434,1460.0,1461.4,0.9990
304,228,0.7500,1470.2,1467.4,1.0019
308,154,0.5000,1322.5,1158.9,1.1411
308,156,0.5065,1198.5,1139.9,1.0513
308,158,0.5130,1219.2,1171.3,1.0409
308,160,0.5195,1228.6,1181.8,1.0397
308,162,0.5260,1229.7,1154.3,1.0653
308,164,0.5325,1238.5,1159.9,1.0677
308,166,0.5390,1244.3,1167.0,1.0663
308,168,0.5455,1250.7,1178.9,1.0609
308,170,0.5519,1251.6,1177.5,1.0629
308,172,0.5584,1254.6,1187.5,1.0565
308,174,0.5649,1261.6,1226.9,1.0282
308,176,0.5714,1271.9,1203.1,1.0571
308,178,0.5779,1278.4,1235.9,1.0343
308,180,0.5844,1288.1,1213.8,1.0612
308,182,0.5909,1295.9,1247.8,1.0386
308,184,0.5974,1303.9,1253.7,1.0401
308,186,0.6039,1312.2,1258.4,1.0428
308,188,0.6104,1323.9,1265.7,1.0460
308,190,0.6169,1328.8,1271.7,1.0449
308,192,0.6234,1337.4,1289.7,1.0370
308,194,0.6299,1348.7,1267.2,1.0643
308,196,0.6364,1365.8,1294.0,1.0555
308,198,0.6429,1371.9,1266.1,1.0836
308,200,0.6494,1379.2,1271.9,1.0844
308,202,0.6558,1392.5,1303.8,1.0680
308,204,0.6623,1399.9,1271.5,1.1010
308,206,0.6688,1407.5,1281.1,1.0987
308,208,0.6753,1414.6,1271.7,1.1124
308,210,0.6818,1430.6,1356.6,1.0545
308,212,0.6883,1431.3,1417.3,1.0099
308,214,0.6948,1443.2,1354.1,1.0658
308,216,0.7013,1450.6,1421.0,1.0208
308,218,0.7078,1467.1,1380.1,1.0630
308,220,0.7143,1467.4,1427.7,1.0278
308,222,0.7208,1475.8,1417.6,1.0410
308,224,0.7273,1485.2,1368.4,1.0854
308,226,0.7338,1495.3,1424.8,1.0495
308,228,0.7403,1501.2,1437.1,1.0446
308,230,0.7468,1509.0,1504.2,1.0032
312,156,0.5000,1350.9,1182.8,1.1422
312,158,0.5064,1228.7,1151.7,1.0668
312,160,0.5128,1240.1,1193.7,1.0389
312,162,0.5192,1256.1,1193.5,1.0525
312,164,0.5256,1258.7,1161.1,1.0840
312,166,0.5321,1274.9,1212.0,1.0519
312,168,0.5385,1280.9,1207.7,1.0607
312,170,0.5449,1276.3,1222.0,1.0445
312,172,0.5513,1283.2,1221.8,1.0503
312,174,0.5577,1291.7,1236.3,1.0448
312,176,0.5641,1300.5,1241.8,1.0472
312,178,0.5705,1309.2,1251.6,1.0460
312,180,0.5769,1316.3,1256.2,1.0478
312,182,0.5833,1325.4,1258.1,1.0535
312,184,0.5897,1336.4,1264.5,1.0569
312,186,0.5962,1344.3,1225.2,1.0972
312,188,0.6026,1350.3,1275.3,1.0588
312,190,0.6090,1361.2,1299.6,1.0474
312,192,0.6154,1371.0,1246.5,1.0998
312,194,0.6218,1378.0,1296.1,1.0632
312,196,0.6282,1384.6,1295.5,1.0687
312,198,0.6346,1395.6,1257.2,1.1101
312,200,0.6410,1405.0,1261.4,1.1139
312,202,0.6474,1418.8,1267.4,1.1195
312,204,0.6538,1427.0,1272.7,1.1213
312,206,0.6603,1436.5,1313.5,1.0937
312,208,0.6667,1445.2,1306.2,1.1064
312,210,0.6731,1452.1,1354.8,1.0718
312,212,0.6795,1460.4,1375.2,1.0620
312,214,0.6859,1469.7,1390.8,1.0567
312,216,0.6923,1478.9,1357.6,1.0893
312,218,0.6987,1486.1,1427.5,1.0410
312,220,0.7051,1494.1,1434.2,1.0418
312,222,0.7115,1504.1,1423.4,1.0567
312,224,0.7179,1514.8,1384.3,1.0943
312,226,0.7244,1520.3,1475.2,1.0306
312,228,0.7308,1528.9,1489.4,1.0266
312,230,0.7372,1537.9,1508.9,1.0192
312,232,0.7436,1546.9,1505.9,1.0272
312,234,0.7500,1556.4,1529.5,1.0176
316,158,0.5000,1389.4,1213.4,1.1451
316,160,0.5063,1251.5,1222.4,1.0238
316,162,0.5127,1254.0,1237.4,1.0134
316,164,0.5190,1264.3,1241.0,1.0188
316,166,0.5253,1274.9,1241.2,1.0271
316,168,0.5316,1285.0,1252.8,1.0257
316,170,0.5380,1290.2,1256.6,1.0267
316,172,0.5443,1296.9,1268.7,1.0222
316,174,0.5506,1302.0,1264.1,1.0299
316,176,0.5570,1308.2,1287.6,1.0160
316,178,0.5633,1318.9,1289.8,1.0226
316,180,0.5696,1328.1,1286.9,1.0320
316,182,0.5759,1335.0,1304.4,1.0234
316,184,0.5823,1344.2,1310.7,1.0255
316,186,0.5886,1353.5,1317.0,1.0277
316,188,0.5949,1373.6,1310.0,1.0486
316,190,0.6013,1372.5,1326.3,1.0348
316,192,0.6076,1381.7,1342.6,1.0291
316,194,0.6139,1388.8,1344.3,1.0331
316,196,0.6203,1407.7,1356.3,1.0379
316,198,0.6266,1408.4,1364.0,1.0326
316,200,0.6329,1413.1,1353.4,1.0441
316,202,0.6392,1422.5,1366.7,1.0408
316,204,0.6456,1444.2,1377.5,1.0484
316,206,0.6519,1451.4,1374.4,1.0560
316,208,0.6582,1448.2,1376.1,1.0525
316,210,0.6646,1457.0,1369.1,1.0642
316,212,0.6709,1470.5,1385.9,1.0611
316,214,0.6772,1484.1,1403.1,1.0577
316,216,0.6835,1482.9,1401.6,1.0580
316,218,0.6899,1492.4,1387.8,1.0754
316,220,0.6962,1511.7,1397.9,1.0814
316,222,0.7025,1519.4,1434.7,1.0591
316,224,0.7089,1518.1,1430.8,1.0610
316,226,0.7152,1529.3,1480.5,1.0330
316,228,0.7215,1540.2,1570.3,0.9808
316,230,0.7278,1554.4,1529.9,1.0160
316,232,0.7342,1553.3,1518.1,1.0232
316,234,0.7405,1568.0,1487.7,1.0540
316,236,0.7468,1584.1,1498.6,1.0571
320,160,0.5000,1426.6,1246.2,1.1448
320,162,0.5062,1255.5,1220.2,1.0289
320,164,0.5125,1265.0,1264.3,1.0006
320,166,0.5188,1273.7,1266.1,1.0060
320,168,0.5250,1279.2,1270.0,1.0072
320,170,0.5312,1293.8,1276.6,1.0134
320,172,0.5375,1302.2,1285.3,1.0132
320,174,0.5437,1305.6,1258.5,1.0375
320,176,0.5500,1312.3,1263.5,1.0386
320,178,0.5563,1318.6,1270.3,1.0380
320,180,0.5625,1331.1,1281.9,1.0384
320,182,0.5687,1337.4,1320.5,1.0128
320,184,0.5750,1347.0,1325.7,1.0161
320,186,0.5813,1359.2,1302.6,1.0435
320,188,0.5875,1367.9,1343.1,1.0185
320,190,0.5938,1374.4,1312.2,1.0473
320,192,0.6000,1383.9,1351.1,1.0243
320,194,0.6062,1399.2,1358.6,1.0299
320,196,0.6125,1406.3,1371.4,1.0254
320,198,0.6188,1414.2,1377.9,1.0264
320,200,0.6250,1423.8,1343.2,1.0600
320,202,0.6312,1433.5,1377.7,1.0405
320,204,0.6375,1440.8,1380.8,1.0435
320,206,0.6438,1449.3,1390.1,1.0426
320,208,0.6500,1460.3,1358.5,1.0750
320,210,0.6562,1467.8,1394.7,1.0524
320,212,0.6625,1475.2,1399.6,1.0540
320,214,0.6687,1483.6,1407.3,1.0542
320,216,0.6750,1500.5,1401.2,1.0709
320,218,0.6813,1505.4,1428.6,1.0538
320,220,0.6875,1513.6,1402.5,1.0792
320,222,0.6937,1523.9,1408.6,1.0818
320,224,0.7000,1533.6,1394.3,1.0999
320,226,0.7063,1539.2,1483.6,1.0375
320,228,0.7125,1549.8,1599.3,0.9691
320,230,0.7188,1559.6,1507.2,1.0348
320,232,0.7250,1566.9,1566.5,1.0003
320,234,0.7312,1576.1,1555.7,1.0131
320,236,0.7375,1587.5,1513.2,1.0491
320,238,0.7438,1596.2,1533.7,1.0407
320,240,0.7500,1606.7,1532.8,1.0482
324,162,0.5000,1460.3,1241.7,1.1761
324,164,0.5062,1301.7,1257.6,1.0350
324,166,0.5123,1313.1,1257.7,1.0440
324,168,0.5185,1323.1,1267.5,1.0438
324,170,0.5247,1334.5,1274.3,1.0472
324,172,0.5309,1348.1,1274.7,1.0576
324,174,0.5370,1354.4,1290.9,1.0492
324,176,0.5432,1358.0,1297.9,1.0463
324,178,0.5494,1367.1,1298.6,1.0527
324,180,0.5556,1375.1,1305.1,1.0536
324,182,0.5617,1384.0,1319.2,1.0492
324,184,0.5679,1391.0,1333.8,1.0429
324,186,0.5741,1404.6,1334.1,1.0529
324,188,0.5802,1427.1,1336.1,1.0681
324,190,0.5864,1423.8,1341.1,1.0616
324,192,0.5926,1441.8,1350.3,1.0677
324,194,0.5988,1443.0,1361.5,1.0599
324,196,0.6049,1454.6,1378.2,1.0554
324,198,0.6111,1460.2,1385.2,1.0541
324,200,0.6173,1474.3,1386.8,1.0631
324,202,0.6235,1475.3,1380.7,1.0685
324,204,0.6296,1485.2,1385.9,1.0716
324,206,0.6358,1492.0,1385.5,1.0769
324,208,0.6420,1501.0,1395.7,1.0755
324,210,0.6481,1509.1,1391.4,1.0846
324,212,0.6543,1518.7,1402.9,1.0826
324,214,0.6605,1528.8,1409.3,1.0848
324,216,0.6667,1538.3,1438.4,1.0694
324,218,0.6728,1550.2,1404.5,1.1037
324,220,0.6790,1559.0,1445.6,1.0784
324,222,0.6852,1571.2,1419.0,1.1072
324,224,0.6914,1580.9,1398.0,1.1308
324,226,0.6975,1586.8,1450.7,1.0938
324,228,0.7037,1597.9,1486.9,1.0746
324,230,0.7099,1606.8,1522.2,1.0556
324,232,0.7160,1613.6,1509.6,1.0689
324,234,0.7222,1619.1,1585.1,1.0215
324,236,0.7284,1632.8,1597.8,1.0219
324,238,0.7346,1641.5,1550.9,1.0584
324,240,0.7407,1649.1,1597.9,1.0321
324,242,0.7469,1657.0,1574.8,1.0522
328,164,0.5000,1491.7,1255.6,1.1881
328,166,0.5061,1335.3,1297.6,1.0290
328,168,0.5122,1350.9,1301.2,1.0381
328,170,0.5183,1356.3,1308.9,1.0362
328,172,0.5244,1364.5,1314.0,1.0384
328,174,0.5305,1381.4,1317.5,1.0485
328,176,0.5366,1385.3,1323.2,1.0469
328,178,0.5427,1390.9,1306.1,1.0649
328,180,0.5488,1397.0,1343.9,1.0395
328,182,0.5549,1403.2,1347.2,1.0416
328,184,0.5610,1414.4,1357.2,1.0421
328,186,0.5671,1422.0,1364.2,1.0424
328,188,0.5732,1437.5,1376.1,1.0446
328,190,0.5793,1453.8,1382.8,1.0514
328,192,0.5854,1461.0,1380.1,1.0586
328,194,0.5915,1467.6,1396.9,1.0506
328,196,0.5976,1475.0,1400.6,1.0531
328,198,0.6037,1482.6,1419.3,1.0446
328,200,0.6098,1493.2,1376.7,1.0846
328,202,0.6159,1505.6,1425.9,1.0559
328,204,0.6220,1509.7,1385.8,1.0894
328,206,0.6280,1520.6,1387.3,1.0961
328,208,0.6341,1527.3,1429.8,1.0682
328,210,0.6402,1538.8,1403.6,1.0964
328,212,0.6463,1544.8,1439.3,1.0733
328,214,0.6524,1553.6,1436.5,1.0816
328,216,0.6585,1563.1,1442.8,1.0834
328,218,0.6646,1567.1,1415.7,1.1070
328,220,0.6707,1574.6,1415.9,1.1121
328,222,0.6768,1586.9,1460.6,1.0865
328,224,0.6829,1595.0,1404.2,1.1359
328,226,0.6890,1602.4,1497.5,1.0701
328,228,0.6951,1610.7,1528.4,1.0538
328,230,0.7012,1623.0,1558.1,1.0416
328,232,0.7073,1630.9,1572.0,1.0374
328,234,0.7134,1638.0,1589.5,1.0305
328,236,0.7195,1646.2,1659.0,0.9923
328,238,0.7256,1657.0,1576.3,1.0512
328,240,0.7317,1669.5,1573.5,1.0610
328,242,0.7378,1677.5,1601.3,1.0476
328,244,0.7439,1686.9,1675.2,1.0070
328,246,0.7500,1694.5,1616.4,1.0483
332,166,0.5000,1528.9,1317.0,1.1608
332,168,0.5060,1357.4,1328.9,1.0214
332,170,0.5120,1371.3,1312.6,1.0447
332,172,0.5181,1377.8,1320.9,1.0430
332,174,0.5241,1389.3,1288.0,1.0786
332,176,0.5301,1402.8,1293.7,1.0843
332,178,0.5361,1404.2,1316.2,1.0668
332,180,0.5422,1411.7,1323.7,1.0665
332,182,0.5482,1415.3,1364.7,1.0371
332,184,0.5542,1423.0,1379.5,1.0315
332,186,0.5602,1433.2,1348.7,1.0627
332,188,0.5663,1442.9,1358.2,1.0624
332,190,0.5723,1452.6,1366.9,1.0627
332,192,0.5783,1473.5,1388.2,1.0615
332,194,0.5843,1472.8,1356.1,1.0860
332,196,0.5904,1483.7,1364.3,1.0875
332,198,0.5964,1489.5,1369.4,1.0877
332,200,0.6024,1501.7,1420.1,1.0575
332,202,0.6084,1513.9,1387.5,1.0911
332,204,0.6145,1522.5,1434.5,1.0613
332,206,0.6205,1533.2,1396.3,1.0981
332,208,0.6265,1542.3,1435.8,1.0742
332,210,0.6325,1551.2,1440.5,1.0768
332,212,0.6386,1560.3,1409.0,1.1074
332,214,0.6446,1567.0,1450.6,1.0803
332,216,0.6506,1577.2,1417.6,1.1125
332,218,0.6566,1586.1,1459.5,1.0868
332,220,0.6627,1595.4,1432.4,1.1138
332,222,0.6687,1606.5,1432.3,1.1217
332,224,0.6747,1612.7,1465.0,1.1008
332,226,0.6807,1623.9,1469.6,1.1050
332,228,0.6867,1633.6,1550.4,1.0536
332,230,0.6928,1642.0,1531.7,1.0720
332,232,0.6988,1651.6,1579.8,1.0455
332,234,0.7048,1668.0,1600.4,1.0423
332,236,0.7108,1674.5,1603.6,1.0442
332,238,0.7169,1683.3,1620.0,1.0391
332,240,0.7229,1696.1,1580.7,1.0730
332,242,0.7289,1698.6,1662.7,1.0216
332,244,0.7349,1710.4,1619.3,1.0562
332,246,0.7410,1717.2,1669.6,1.0285
332,248,0.7470,1725.0,1713.0,1.0070
336,168,0.5000,1563.4,1265.0,1.2359
336,170,0.5060,1388.0,1307.3,1.0617
336,172,0.5119,1406.2,1275.8,1.1022
336,174,0.5179,1416.2,1281.6,1.1050
336,176,0.5238,1426.9,1287.5,1.1082
336,178,0.5298,1437.9,1294.2,1.1110
336,180,0.5357,1441.3,1350.1,1.0676
336,182,0.5417,1450.7,1312.9,1.1050
336,184,0.5476,1454.6,1315.5,1.1057
336,186,0.5536,1467.2,1327.0,1.1057
336,188,0.5595,1476.6,1334.2,1.1068
336,190,0.5655,1486.8,1347.4,1.1034
336,192,0.5714,1494.9,1349.3,1.1079
336,194,0.5774,1508.1,1349.0,1.1179
336,196,0.5833,1518.7,1363.5,1.1138
336,198,0.5893,1526.0,1371.5,1.1126
336,200,0.5952,1535.3,1367.9,1.1224
336,202,0.6012,1546.1,1427.2,1.0833
336,204,0.6071,1556.4,1379.0,1.1286
336,206,0.6131,1563.0,1392.6,1.1224
336,208,0.6190,1565.0,1435.1,1.0905
336,210,0.6250,1548.0,1361.1,1.1373
336,212,0.6310,1551.6,1368.0,1.1342
336,214,0.6369,1557.6,1371.4,1.1357
336,216,0.6429,1568.1,1376.7,1.1390
336,218,0.6488,1577.2,1383.1,1.1403
336,220,0.6548,1587.1,1384.5,1.1463
336,222,0.6607,1596.8,1389.2,1.1494
336,224,0.6667,1606.8,1391.5,1.1547
336,226,0.6726,1616.4,1493.4,1.0824
336,228,0.6786,1626.1,1516.7,1.0721
336,230,0.6845,1635.4,1509.7,1.0833
336,232,0.6905,1642.6,1554.3,1.0568
336,234,0.6964,1653.8,1567.8,1.0549
336,236,0.7024,1662.2,1582.2,1.0506
336,238,0.7083,1672.4,1568.9,1.0659
336,240,0.7143,1681.7,1598.7,1.0519
336,242,0.7202,1690.4,1592.1,1.0617
336,244,0.7262,1698.2,1686.9,1.0067
336,246,0.7321,1706.5,1629.2,1.0474
336,248,0.7381,1715.0,1672.2,1.0256
336,250,0.7440,1727.8,1671.9,1.0334
336,252,0.7500,1737.5,1640.6,1.0591
340,170,0.5000,1583.0,1361.0,1.1631
340,172,0.5059,1398.0,1367.1,1.0226
340,174,0.5118,1406.2,1389.6,1.0120
340,176,0.5176,1423.3,1385.6,1.0272
340,178,0.5235,1430.9,1413.1,1.0126
340,180,0.5294,1448.5,1398.9,1.0355
340,182,0.5353,1449.3,1428.9,1.0143
340,184,0.5412,1453.7,1442.4,1.0078
340,186,0.5471,1458.3,1418.2,1.0283
340,188,0.5529,1474.8,1420.1,1.0386
340,190,0.5588,1477.5,1421.9,1.0391
340,192,0.5647,1492.3,1438.4,1.0375
340,194,0.5706,1501.7,1481.6,1.0136
340,196,0.5765,1511.4,1462.0,1.0338
340,198,0.5824,1527.5,1490.9,1.0245
340,200,0.5882,1535.5,1473.2,1.0423
340,202,0.5941,1542.7,1486.5,1.0378
340,204,0.6000,1551.6,1486.3,1.0440
340,206,0.6059,1557.1,1473.8,1.0566
340,208,0.6118,1559.3,1476.3,1.0563
340,210,0.6176,1570.6,1484.1,1.0583
340,212,0.6235,1578.2,1510.0,1.0452
340,214,0.6294,1586.4,1485.3,1.0681
340,216,0.6353,1595.5,1502.0,1.0623
340,218,0.6412,1615.4,1506.5,1.0723
340,220,0.6471,1626.8,1506.6,1.0798
340,222,0.6529,1625.7,1505.1,1.0801
340,224,0.6588,1632.1,1535.8,1.0627
340,226,0.6647,1646.2,1524.2,1.0800
340,228,0.6706,1654.0,1527.3,1.0830
340,230,0.6765,1665.9,1557.9,1.0694
340,232,0.6824,1675.5,1554.3,1.0780
340,234,0.6882,1678.6,1534.2,1.0942
340,236,0.6941,1692.4,1582.5,1.0695
340,238,0.7000,1698.8,1559.5,1.0894
340,240,0.7059,1711.8,1620.4,1.0564
340,242,0.7118,1720.8,1642.3,1.0478
340,244,0.7176,1730.4,1659.7,1.0426
340,246,0.7235,1742.0,1693.7,1.0286
340,248,0.7294,1750.3,1691.3,1.0349
340,250,0.7353,1753.1,1666.5,1.0520
340,252,0.7412,1772.1,1675.1,1.0579
340,254,0.7471,1775.5,1665.6,1.0660
344,172,0.5000,1615.1,1387.3,1.1642
344,174,0.5058,1426.8,1392.4,1.0247
344,176,0.5116,1439.7,1400.7,1.0278
344,178,0.5174,1455.3,1384.3,1.0513
344,180,0.5233,1472.6,1392.9,1.0573
344,182,0.5291,1481.1,1397.8,1.0596
344,184,0.5349,1483.5,1440.6,1.0297
344,186,0.5407,1477.6,1407.8,1.0496
344,188,0.5465,1488.0,1452.5,1.0244
344,190,0.5523,1498.1,1422.3,1.0533
344,192,0.5581,1504.6,1425.5,1.0555
344,194,0.5640,1516.2,1434.5,1.0569
344,196,0.5698,1525.7,1476.3,1.0334
344,198,0.5756,1533.5,1449.0,1.0584
344,200,0.5814,1553.6,1488.5,1.0437
344,202,0.5872,1559.4,1496.1,1.0423
344,204,0.5930,1574.8,1477.6,1.0657
344,206,0.5988,1577.1,1524.0,1.0348
344,208,0.6047,1586.7,1521.9,1.0425
344,210,0.6105,1593.6,1533.5,1.0392
344,212,0.6163,1602.2,1532.4,1.0455
344,214,0.6221,1612.2,1527.6,1.0554
344,216,0.6279,1622.6,1494.1,1.0860
344,218,0.6337,1630.1,1503.2,1.0844
344,220,0.6395,1640.6,1506.3,1.0892
344,222,0.6453,1640.2,1543.2,1.0629
344,224,0.6512,1650.9,1547.7,1.0667
344,226,0.6570,1660.9,1516.0,1.0956
344,228,0.6628,1671.6,1520.7,1.0992
344,230,0.6686,1678.5,1565.3,1.0723
344,232,0.6744,1690.6,1569.1,1.0774
344,234,0.6802,1698.8,1536.6,1.1056
344,236,0.6860,1706.5,1617.9,1.0548
344,238,0.6919,1718.2,1571.0,1.0937
344,240,0.6977,1727.7,1617.1,1.0684
344,242,0.7035,1738.1,1632.0,1.0650
344,244,0.7093,1747.2,1710.8,1.0213
344,246,0.7151,1756.6,1639.8,1.0712
344,248,0.7209,1773.3,1647.9,1.0761
344,250,0.7267,1784.0,1662.6,1.0730
344,252,0.7326,1792.1,1720.3,1.0418
344,254,0.7384,1809.9,1738.3,1.0412
344,256,0.7442,1817.4,1726.1,1.0529
344,258,0.7500,1823.8,1749.4,1.0425
348,174,0.5000,1654.0,1419.6,1.1651
348,176,0.5057,1456.3,1433.7,1.0158
348,178,0.5115,1471.1,1420.3,1.0357
348,180,0.5172,1486.6,1431.2,1.0387
348,182,0.5230,1494.0,1443.9,1.0347
348,184,0.5287,1510.1,1435.0,1.0524
348,186,0.5345,1509.7,1477.0,1.0221
348,188,0.5402,1513.8,1453.5,1.0415
348,190,0.5460,1522.5,1466.7,1.0380
348,192,0.5517,1533.5,1485.4,1.0323
348,194,0.5575,1538.5,1486.4,1.0350
348,196,0.5632,1546.0,1501.6,1.0296
348,198,0.5690,1555.7,1518.2,1.0247
348,200,0.5747,1571.1,1500.2,1.0473
348,202,0.5805,1581.9,1508.7,1.0485
348,204,0.5862,1592.2,1538.0,1.0353
348,206,0.5920,1598.3,1544.3,1.0350
348,208,0.5977,1605.9,1530.5,1.0493
348,210,0.6034,1617.8,1548.5,1.0448
348,212,0.6092,1624.4,1563.4,1.0390
348,214,0.6149,1634.4,1569.1,1.0417
348,216,0.6207,1640.9,1551.7,1.0575
348,218,0.6264,1650.5,1556.9,1.0601
348,220,0.6322,1666.3,1562.8,1.0662
348,222,0.6379,1674.2,1559.2,1.0737
348,224,0.6437,1678.2,1566.5,1.0713
348,226,0.6494,1689.3,1551.6,1.0887
348,228,0.6552,1702.9,1566.2,1.0873
348,230,0.6609,1710.4,1597.4,1.0708
348,232,0.6667,1719.9,1549.4,1.1100
348,234,0.6724,1730.1,1548.1,1.1176
348,236,0.6782,1739.2,1557.4,1.1167
348,238,0.6839,1751.6,1621.6,1.0801
348,240,0.6897,1760.3,1635.7,1.0762
348,242,0.6954,1767.0,1649.5,1.0712
348,244,0.7011,1779.5,1620.2,1.0983
348,246,0.7069,1784.7,1650.8,1.0811
348,248,0.7126,1796.5,1683.7,1.0670
348,250,0.7184,1803.0,1715.5,1.0510
348,252,0.7241,1816.1,1729.6,1.0500
348,254,0.7299,1829.0,1743.0,1.0493
348,256,0.7356,1838.5,1689.5,1.0882
348,258,0.7414,1847.0,1771.7,1.0425
348,260,0.7471,1861.1,1815.4,1.0252
352,176,0.5000,1697.7,1475.2,1.1509
352,178,0.5057,1441.5,1443.1,0.9989
352,180,0.5114,1489.9,1451.6,1.0264
352,182,0.5170,1484.3,1457.8,1.0182
352,184,0.5227,1487.3,1471.0,1.0111
352,186,0.5284,1505.9,1470.4,1.0241
352,188,0.5341,1510.5,1478.0,1.0220
352,190,0.5398,1514.3,1504.6,1.0064
352,192,0.5455,1516.2,1496.0,1.0135
352,194,0.5511,1513.6,1499.8,1.0092
352,196,0.5568,1524.1,1502.0,1.0147
352,198,0.5625,1544.0,1511.8,1.0213
352,200,0.5682,1549.2,1514.1,1.0232
352,202,0.5739,1564.7,1526.9,1.0248
352,204,0.5795,1566.6,1530.6,1.0235
352,206,0.5852,1610.4,1550.5,1.0386
352,208,0.5909,1616.2,1563.4,1.0338
352,210,0.5966,1611.8,1557.2,1.0351
352,212,0.6023,1616.9,1566.2,1.0323
352,214,0.6080,1634.8,1570.4,1.0410
352,216,0.6136,1657.2,1564.5,1.0592
352,218,0.6193,1667.3,1578.1,1.0565
352,220,0.6250,1653.3,1574.4,1.0501
352,222,0.6307,1688.5,1584.4,1.0657
352,224,0.6364,1679.3,1591.3,1.0553
352,226,0.6420,1699.0,1580.5,1.0750
352,228,0.6477,1704.5,1586.1,1.0746
352,230,0.6534,1726.9,1595.2,1.0825
352,232,0.6591,1724.2,1601.4,1.0767
352,234,0.6648,1734.6,1597.4,1.0859
352,236,0.6705,1752.2,1659.1,1.0561
352,238,0.6761,1755.4,1633.9,1.0744
352,240,0.6818,1759.0,1581.2,1.1125
352,242,0.6875,1770.0,1615.7,1.0955
352,244,0.6932,1777.2,1740.6,1.0210
352,246,0.6989,1798.8,1707.7,1.0534
352,248,0.7045,1791.3,1741.7,1.0285
352,250,0.7102,1796.2,1726.8,1.0402
352,252,0.7159,1813.5,1679.7,1.0796
352,254,0.7216,1841.2,1750.6,1.0517
352,256,0.7273,1828.7,1699.1,1.0763
352,258,0.7330,1853.2,1795.7,1.0320
352,260,0.7386,1866.6,1816.4,1.0276
352,262,0.7443,1865.6,1827.1,1.0211
352,264,0.7500,1876.1,1893.8,0.9907
356,178,0.5000,1733.1,1430.7,1.2114
356,180,0.5056,1505.7,1474.0,1.0215
356,182,0.5112,1517.7,1483.3,1.0232
356,184,0.5169,1527.4,1491.9,1.0238
356,186,0.5225,1539.5,1456.5,1.0570
356,188,0.5281,1555.4,1464.2,1.0623
356,190,0.5337,1560.5,1471.7,1.0603
356,192,0.5393,1566.7,1476.9,1.0608
356,194,0.5449,1566.7,1524.2,1.0278
356,196,0.5506,1588.7,1529.2,1.0389
356,198,0.5562,1592.9,1538.2,1.0356
356,200,0.5618,1609.3,1503.4,1.0704
356,202,0.5674,1627.2,1556.2,1.0456
356,204,0.5730,1637.6,1559.5,1.0501
356,206,0.5787,1645.6,1569.6,1.0484
356,208,0.5843,1653.2,1592.1,1.0384
356,210,0.5899,1656.8,1542.9,1.0738
356,212,0.5955,1672.5,1552.9,1.0770
356,214,0.6011,1679.6,1600.2,1.0496
356,216,0.6067,1687.6,1608.9,1.0489
356,218,0.6124,1694.7,1609.3,1.0531
356,220,0.6180,1710.7,1601.2,1.0684
356,222,0.6236,1719.3,1562.7,1.1002
356,224,0.6292,1727.2,1566.5,1.1026
356,226,0.6348,1733.1,1618.4,1.0709
356,228,0.6404,1746.7,1571.3,1.1116
356,230,0.6461,1756.0,1573.1,1.1162
356,232,0.6517,1763.5,1625.3,1.0850
356,234,0.6573,1768.5,1583.1,1.1171
356,236,0.6629,1781.9,1628.9,1.0940
356,238,0.6685,1791.9,1592.5,1.1252
356,240,0.6742,1801.8,1631.9,1.1041
356,242,0.6798,1819.9,1615.1,1.1268
356,244,0.6854,1834.5,1673.8,1.0960
356,246,0.6910,1844.1,1668.7,1.1051
356,248,0.6966,1851.4,1743.2,1.0621
356,250,0.7022,1847.3,1685.3,1.0961
356,252,0.7079,1861.9,1693.4,1.0995
356,254,0.7135,1873.3,1720.2,1.0890
356,256,0.7191,1884.1,1700.0,1.1083
356,258,0.7247,1887.3,1791.1,1.0537
356,260,0.7303,1901.6,1822.0,1.0437
356,262,0.7360,1908.4,1870.6,1.0202
356,264,0.7416,1916.3,1882.2,1.0181
356,266,0.7472,1927.2,1921.0,1.0032
360,180,0.5000,1770.4,1473.7,1.2013
360,182,0.5056,1515.8,1482.4,1.0225
360,184,0.5111,1535.0,1485.5,1.0333
360,186,0.5167,1549.0,1498.9,1.0335
360,188,0.5222,1550.4,1497.2,1.0356
360,190,0.5278,1575.6,1525.5,1.0328
360,192,0.5333,1573.8,1520.8,1.0348
360,194,0.5389,1599.9,1483.1,1.0788
360,196,0.5444,1599.7,1487.7,1.0753
360,198,0.5500,1615.6,1493.5,1.0818
360,200,0.5556,1614.6,1551.6,1.0406
360,202,0.5611,1627.9,1552.6,1.0485
360,204,0.5667,1662.9,1559.0,1.0666
360,206,0.5722,1655.7,1580.2,1.0478
360,208,0.5778,1667.6,1578.8,1.0562
360,210,0.5833,1674.0,1603.8,1.0437
360,212,0.5889,1671.7,1609.6,1.0386
360,214,0.5944,1678.1,1549.3,1.0831
360,216,0.6000,1690.8,1552.0,1.0894
360,218,0.6056,1710.3,1595.1,1.0722
360,220,0.6111,1722.0,1561.2,1.1030
360,222,0.6167,1725.5,1616.9,1.0672
360,224,0.6222,1729.4,1608.8,1.0750
360,226,0.6278,1747.0,1615.8,1.0812
360,228,0.6333,1750.7,1569.9,1.1151
360,230,0.6389,1757.7,1567.5,1.1214
360,232,0.6444,1775.9,1632.1,1.0881
360,234,0.6500,1792.6,1582.4,1.1328
360,236,0.6556,1784.6,1632.7,1.0930
360,238,0.6611,1791.9,1587.1,1.1290
360,240,0.6667,1818.5,1635.1,1.1121
360,242,0.6722,1821.0,1675.2,1.0870
360,244,0.6778,1832.6,1688.3,1.0854
360,246,0.6833,1852.2,1673.2,1.1069
360,248,0.6889,1853.6,1672.5,1.1083
360,250,0.6944,1864.3,1744.2,1.0689
360,252,0.7000,1872.8,1717.0,1.0908
360,254,0.7056,1879.1,1706.7,1.1010
360,256,0.7111,1899.1,1749.2,1.0857
360,258,0.7167,1900.4,1795.4,1.0585
360,260,0.7222,1913.5,1794.8,1.0661
360,262,0.7278,1920.1,1830.0,1.0492
360,264,0.7333,1929.6,1846.3,1.0451
360,266,0.7389,1939.8,1916.2,1.0123
360,268,0.7444,1945.4,1885.0,1.0320
360,270,0.7500,1950.2,1897.2,1.0279
364,182,0.5000,1810.5,1520.3,1.1909
364,184,0.5055,1559.0,1515.4,1.0288
364,186,0.5110,1578.2,1546.6,1.0204
364,188,0.5165,1590.6,1530.9,1.0390
364,190,0.5220,1602.7,1538.9,1.0415
364,192,0.5275,1620.5,1547.6,1.0471
364,194,0.5330,1621.7,1562.3,1.0380
364,196,0.5385,1627.0,1563.5,1.0407
364,198,0.5440,1631.0,1576.2,1.0348
364,200,0.5495,1642.9,1585.3,1.0363
364,202,0.5549,1662.2,1587.3,1.0472
364,204,0.5604,1663.1,1592.8,1.0441
364,206,0.5659,1678.5,1588.5,1.0566
364,208,0.5714,1682.2,1603.5,1.0491
364,210,0.5769,1695.2,1626.9,1.0420
364,212,0.5824,1706.6,1630.6,1.0466
364,214,0.5879,1713.1,1633.2,1.0490
364,216,0.5934,1723.4,1633.1,1.0553
364,218,0.5989,1732.7,1649.0,1.0508
364,220,0.6044,1742.8,1654.8,1.0532
364,222,0.6099,1751.7,1664.1,1.0526
364,224,0.6154,1762.2,1654.7,1.0649
364,226,0.6209,1782.0,1652.4,1.0785
364,228,0.6264,1792.7,1658.0,1.0813
364,230,0.6319,1801.3,1654.3,1.0889
364,232,0.6374,1810.8,1664.7,1.0878
364,234,0.6429,1817.8,1664.3,1.0922
364,236,0.6484,1827.7,1669.2,1.0949
364,238,0.6538,1834.7,1669.4,1.0990
364,240,0.6593,1842.0,1673.9,1.1004
364,242,0.6648,1850.9,1678.9,1.1025
364,244,0.6703,1862.7,1689.3,1.1026
364,246,0.6758,1872.0,1674.1,1.1183
364,248,0.6813,1879.2,1752.6,1.0723
364,250,0.6868,1888.6,1743.9,1.0830
364,252,0.6923,1901.1,1714.0,1.1092
364,254,0.6978,1915.2,1724.6,1.1105
364,256,0.7033,1925.7,1752.1,1.0991
364,258,0.7088,1929.1,1750.1,1.1023
364,260,0.7143,1941.9,1832.8,1.0595
364,262,0.7198,1952.8,1868.1,1.0454
364,264,0.7253,1959.5,1849.4,1.0595
364,266,0.7308,1969.2,1885.4,1.0445
364,268,0.7363,1980.7,1894.0,1.0457
364,270,0.7418,1991.0,1908.4,1.0433
364,272,0.7473,1997.6,1895.6,1.0538
368,184,0.5000,1859.0,1507.5,1.2332
368,186,0.5054,1568.5,1556.4,1.0078
368,188,0.5109,1586.0,1524.2,1.0405
368,190,0.5163,1596.4,1573.3,1.0146
368,192,0.5217,1614.7,1578.5,1.0230
368,194,0.5272,1631.7,1546.2,1.0553
368,196,0.5326,1634.8,1595.5,1.0246
368,198,0.5380,1636.4,1564.1,1.0462
368,200,0.5435,1646.3,1609.4,1.0229
368,202,0.5489,1654.9,1614.8,1.0249
368,204,0.5543,1673.3,1618.1,1.0341
368,206,0.5598,1672.0,1585.1,1.0548
368,208,0.5652,1683.3,1593.9,1.0561
368,210,0.5707,1723.0,1598.5,1.0778
368,212,0.5761,1698.8,1629.3,1.0427
368,214,0.5815,1713.1,1631.1,1.0502
368,216,0.5870,1725.7,1636.4,1.0545
368,218,0.5924,1737.3,1678.4,1.0351
368,220,0.5978,1749.6,1675.5,1.0442
368,222,0.6033,1750.3,1691.2,1.0350
368,224,0.6087,1779.6,1692.3,1.0515
368,226,0.6141,1780.4,1682.0,1.0585
368,228,0.6196,1789.7,1649.9,1.0848
368,230,0.6250,1793.5,1656.8,1.0825
368,232,0.6304,1827.7,1699.0,1.0757
368,234,0.6359,1834.6,1657.8,1.1067
368,236,0.6413,1832.2,1658.4,1.1048
368,238,0.6467,1832.9,1705.7,1.0746
368,240,0.6522,1842.1,1665.3,1.1061
368,242,0.6576,1860.2,1710.3,1.0876
368,244,0.6630,1866.3,1678.8,1.1117
368,246,0.6685,1883.6,1681.2,1.1204
368,248,0.6739,1884.5,1735.7,1.0857
368,250,0.6793,1904.8,1750.8,1.0880
368,252,0.6848,1901.2,1758.1,1.0814
368,254,0.6902,1924.5,1771.8,1.0862
368,256,0.6957,1935.6,1722.0,1.1240
368,258,0.7011,1948.1,1773.7,1.0983
368,260,0.7065,1957.0,1862.3,1.0509
368,262,0.7120,1963.0,1908.1,1.0288
368,264,0.7174,1975.8,1870.2,1.0564
368,266,0.7228,1989.0,1908.9,1.0420
368,268,0.7283,1993.7,1944.9,1.0251
368,270,0.7337,2009.1,1963.4,1.0233
368,272,0.7391,2019.9,1876.6,1.0763
368,274,0.7446,2027.5,1923.2,1.0542
368,276,0.7500,2034.0,1947.7,1.0443
372,186,0.5000,1891.7,1548.5,1.2216
372,188,0.5054,1632.3,1549.0,1.0538
372,190,0.5108,1648.1,1574.1,1.0470
372,192,0.5161,1659.7,1588.4,1.0449
372,194,0.5215,1678.2,1591.2,1.0547
372,196,0.5269,1685.1,1613.1,1.0446
372,198,0.5323,1689.1,1598.0,1.0571
372,200,0.5376,1700.4,1602.4,1.0612
372,202,0.5430,1703.9,1608.3,1.0595
372,204,0.5484,1719.0,1619.6,1.0614
372,206,0.5538,1729.7,1621.6,1.0667
372,208,0.5591,1738.2,1622.4,1.0714
372,210,0.5645,1750.3,1654.7,1.0577
372,212,0.5699,1759.8,1659.2,1.0607
372,214,0.5753,1769.1,1662.4,1.0642
372,216,0.5806,1778.0,1686.4,1.0543
372,218,0.5860,1789.1,1694.4,1.0559
372,220,0.5914,1804.6,1665.6,1.0834
372,222,0.5968,1809.6,1668.0,1.0849
372,224,0.6022,1821.8,1679.7,1.0846
372,226,0.6075,1825.1,1699.7,1.0737
372,228,0.6129,1841.3,1700.3,1.0829
372,230,0.6183,1848.3,1714.1,1.0783
372,232,0.6237,1856.5,1708.8,1.0864
372,234,0.6290,1864.7,1694.3,1.1006
372,236,0.6344,1878.9,1727.4,1.0877
372,238,0.6398,1886.3,1704.3,1.1068
372,240,0.6452,1894.6,1711.3,1.1071
372,242,0.6505,1907.2,1716.5,1.1111
372,244,0.6559,1918.8,1729.3,1.1096
372,246,0.6613,1925.9,1735.9,1.1094
372,248,0.6667,1934.1,1758.1,1.1001
372,250,0.6720,1948.3,1711.4,1.1384
372,252,0.6774,1963.9,1773.8,1.1071
372,254,0.6828,1970.8,1776.0,1.1097
372,256,0.6882,1979.9,1713.6,1.1554
372,258,0.6935,1992.1,1757.8,1.1332
372,260,0.6989,2006.3,1798.4,1.1156
372,262,0.7043,2014.7,1862.0,1.0821
372,264,0.7097,2023.4,1861.5,1.0870
372,266,0.7151,2030.0,1908.7,1.0636
372,268,0.7204,2041.7,1952.8,1.0455
372,270,0.7258,2053.1,1973.7,1.0402
372,272,0.7312,2061.9,1938.6,1.0636
372,274,0.7366,2071.0,1978.0,1.0470
372,276,0.7419,2083.8,1949.6,1.0688
372,278,0.7473,2093.6,1977.1,1.0589
376,188,0.5000,1933.4,1597.7,1.2101
376,190,0.5053,1641.0,1558.2,1.0531
376,192,0.5106,1654.4,1569.5,1.0541
376,194,0.5160,1668.9,1617.8,1.0316
376,196,0.5213,1683.6,1588.0,1.0602
376,198,0.5266,1694.8,1629.8,1.0399
376,200,0.5319,1707.0,1636.7,1.0429
376,202,0.5372,1710.7,1654.0,1.0343
376,204,0.5426,1712.0,1653.8,1.0352
376,206,0.5479,1740.0,1621.4,1.0731
376,208,0.5532,1748.6,1630.3,1.0726
376,210,0.5585,1749.7,1640.7,1.0664
376,212,0.5638,1766.3,1639.6,1.0773
376,214,0.5691,1777.4,1653.6,1.0748
376,216,0.5745,1786.3,1715.7,1.0411
376,218,0.5798,1783.3,1725.0,1.0338
376,220,0.5851,1792.2,1720.3,1.0418
376,222,0.5904,1814.8,1719.1,1.0557
376,224,0.5957,1816.7,1677.6,1.0829
376,226,0.6011,1818.7,1727.3,1.0529
376,228,0.6064,1828.9,1737.9,1.0524
376,230,0.6117,1851.4,1732.5,1.0686
376,232,0.6170,1854.9,1739.2,1.0665
376,234,0.6223,1863.7,1750.6,1.0646
376,236,0.6277,1868.6,1702.8,1.0973
376,238,0.6330,1895.6,1699.9,1.1151
376,240,0.6383,1897.7,1703.6,1.1139
376,242,0.6436,1899.0,1712.9,1.1086
376,244,0.6489,1916.6,1717.3,1.1160
376,246,0.6543,1924.9,1717.6,1.1207
376,248,0.6596,1935.8,1767.7,1.0951
376,250,0.6649,1952.1,1731.8,1.1272
376,252,0.6702,1959.8,1733.2,1.1307
376,254,0.6755,1969.0,1741.3,1.1308
376,256,0.6809,1988.4,1725.3,1.1525
376,258,0.6862,1994.6,1781.2,1.1199
376,260,0.6915,1999.0,1893.3,1.0558
376,262,0.6968,2016.9,1888.0,1.0682
376,264,0.7021,2024.8,1856.6,1.0906
376,266,0.7074,2025.1,1869.5,1.0832
376,268,0.7128,2042.1,1862.7,1.0963
376,270,0.7181,2052.2,1900.9,1.0796
376,272,0.7234,2061.1,1909.5,1.0794
376,274,0.7287,2066.1,1982.4,1.0423
376,276,0.7340,2085.6,1946.3,1.0716
376,278,0.7394,2095.2,1990.0,1.0529
376,280,0.7447,2095.5,2001.3,1.0471
376,282,0.7500,2109.7,2062.1,1.0231
380,190,0.5000,1973.2,1613.1,1.2232
380,192,0.5053,1670.1,1582.0,1.0557
380,194,0.5105,1695.8,1580.7,1.0728
380,196,0.5158,1701.0,1640.9,1.0366
380,198,0.5211,1721.8,1600.3,1.0759
380,200,0.5263,1724.3,1656.0,1.0412
380,202,0.5316,1742.2,1656.6,1.0517
380,204,0.5368,1756.0,1669.8,1.0517
380,206,0.5421,1755.5,1673.1,1.0493
380,208,0.5474,1772.3,1684.2,1.0523
380,210,0.5526,1777.2,1677.5,1.0594
380,212,0.5579,1784.4,1640.9,1.0875
380,214,0.5632,1792.3,1691.2,1.0598
380,216,0.5684,1805.8,1721.9,1.0487
380,218,0.5737,1817.1,1680.0,1.0816
380,220,0.5789,1822.8,1732.2,1.0523
380,222,0.5842,1830.9,1689.3,1.0838
380,224,0.5895,1844.3,1685.5,1.0942
380,226,0.5947,1852.0,1693.4,1.0936
380,228,0.6000,1865.8,1701.0,1.0969
380,230,0.6053,1868.5,1752.9,1.0660
380,232,0.6105,1884.4,1700.0,1.1085
380,234,0.6158,1896.3,1712.4,1.1074
380,236,0.6211,1906.3,1716.3,1.1107
380,238,0.6263,1909.8,1767.6,1.0804
380,240,0.6316,1920.0,1758.4,1.0919
380,242,0.6368,1932.0,1766.1,1.0939
380,244,0.6421,1950.8,1771.8,1.1010
380,246,0.6474,1959.1,1727.8,1.1339
380,248,0.6526,1970.7,1776.2,1.1095
380,250,0.6579,1974.9,1775.8,1.1121
380,252,0.6632,1990.4,1740.6,1.1435
380,254,0.6684,2000.1,1743.6,1.1471
380,256,0.6737,2012.8,1769.9,1.1372
380,258,0.6789,2019.0,1814.1,1.1130
380,260,0.6842,2033.3,1854.9,1.0962
380,262,0.6895,2040.5,1892.7,1.0781
380,264,0.6947,2051.2,1898.3,1.0805
380,266,0.7000,2063.9,1874.4,1.1011
380,268,0.7053,2074.3,1871.0,1.1087
380,270,0.7105,2079.2,1978.7,1.0508
380,272,0.7158,2096.6,1890.6,1.1090
380,274,0.7211,2101.1,1991.8,1.0549
380,276,0.7263,2114.1,2034.7,1.0390
380,278,0.7316,2123.3,2038.0,1.0418
380,280,0.7368,2133.7,2058.1,1.0368
380,282,0.7421,2144.3,2050.1,1.0460
380,284,0.7474,2157.3,2035.7,1.0597
384,192,0.5000,2019.7,1565.5,1.2902
384,194,0.5052,1583.1,1578.3,1.0031
384,196,0.5104,1589.6,1585.5,1.0026
384,198,0.5156,1615.2,1592.3,1.0144
384,200,0.5208,1619.7,1611.1,1.0054
384,202,0.5260,1644.2,1613.6,1.0190
384,204,0.5312,1654.0,1616.6,1.0232
384,206,0.5365,1654.8,1627.1,1.0170
384,208,0.5417,1673.6,1633.7,1.0244
384,210,0.5469,1690.2,1636.1,1.0330
384,212,0.5521,1684.0,1634.7,1.0302
384,214,0.5573,1687.8,1646.3,1.0252
384,216,0.5625,1707.6,1670.6,1.0221
384,218,0.5677,1711.5,1666.5,1.0270
384,220,0.5729,1728.2,1665.7,1.0375
384,222,0.5781,1725.4,1669.5,1.0335
384,224,0.5833,1731.7,1673.7,1.0346
384,226,0.5885,1766.2,1683.6,1.0490
384,228,0.5938,1764.6,1682.2,1.0490
384,230,0.5990,1779.9,1688.9,1.0539
384,232,0.6042,1794.1,1695.7,1.0581
384,234,0.6094,1799.6,1704.8,1.0556
384,236,0.6146,1808.8,1692.7,1.0686
384,238,0.6198,1815.9,1761.4,1.0309
384,240,0.6250,1826.7,1758.2,1.0389
384,242,0.6302,1842.7,1703.4,1.0818
384,244,0.6354,1850.2,1708.1,1.0832
384,246,0.6406,1859.5,1760.9,1.0560
384,248,0.6458,1871.5,1720.4,1.0878
384,250,0.6510,1899.2,1718.9,1.1049
384,252,0.6562,1896.3,1722.1,1.1011
384,254,0.6615,1891.6,1732.3,1.0919
384,256,0.6667,1925.6,1727.2,1.1149
384,258,0.6719,1932.1,1789.8,1.0795
384,260,0.6771,1933.3,1883.5,1.0264
384,262,0.6823,1941.0,1955.2,0.9927
384,264,0.6875,1950.7,1872.8,1.0416
384,266,0.6927,1960.7,1978.6,0.9909
384,268,0.6979,1965.0,1995.9,0.9845
384,270,0.7031,1977.2,1916.1,1.0319
384,272,0.7083,2002.4,1967.3,1.0179
384,274,0.7135,2002.2,2052.7,0.9754
384,276,0.7188,2013.6,2061.7,0.9766
384,278,0.7240,2013.9,2087.7,0.9647
384,280,0.7292,2043.7,2040.0,1.0018
384,282,0.7344,2056.2,2116.1,0.9717
384,284,0.7396,2067.5,2048.1,1.0095
384,286,0.7448,2068.2,2049.4,1.0092
384,288,0.7500,2081.9,2110.0,0.9867
388,194,0.5000,2057.5,1713.2,1.2010
388,196,0.5052,1675.4,1708.1,0.9808
388,198,0.5103,1690.0,1694.3,0.9974
388,200,0.5155,1692.8,1697.9,0.9970
388,202,0.5206,1701.7,1727.6,0.9850
388,204,0.5258,1727.6,1730.4,0.9984
388,206,0.5309,1729.2,1721.4,1.0045
388,208,0.5361,1732.9,1751.4,0.9894
388,210,0.5412,1743.6,1772.8,0.9836
388,212,0.5464,1750.4,1748.5,1.0011
388,214,0.5515,1757.7,1765.4,0.9957
388,216,0.5567,1775.4,1781.2,0.9967
388,218,0.5619,1782.5,1779.3,1.0018
388,220,0.5670,1800.0,1798.3,1.0010
388,222,0.5722,1803.0,1797.0,1.0034
388,224,0.5773,1816.3,1834.5,0.9900
388,226,0.5825,1828.6,1843.0,0.9922
388,228,0.5876,1835.7,1809.8,1.0143
388,230,0.5928,1850.1,1814.5,1.0196
388,232,0.5979,1860.1,1816.1,1.0243
388,234,0.6031,1867.2,1807.9,1.0328
388,236,0.6082,1879.6,1811.9,1.0373
388,238,0.6134,1894.8,1835.3,1.0324
388,240,0.6186,1901.0,1843.1,1.0314
388,242,0.6237,1908.0,1856.6,1.0277
388,244,0.6289,1909.8,1872.5,1.0199
388,246,0.6340,1920.9,1830.6,1.0493
388,248,0.6392,1938.2,1859.1,1.0425
388,250,0.6443,1944.2,1843.2,1.0548
388,252,0.6495,1960.3,1845.6,1.0622
388,254,0.6546,1970.5,1868.6,1.0545
388,256,0.6598,1978.3,1887.2,1.0483
388,258,0.6649,1984.5,1855.6,1.0695
388,260,0.6701,2001.0,1974.8,1.0133
388,262,0.6753,2007.1,1940.9,1.0341
388,264,0.6804,2024.7,1891.8,1.0702
388,266,0.6856,2035.6,1930.8,1.0543
388,268,0.6907,2038.4,1997.6,1.0204
388,270,0.6959,2053.2,1949.6,1.0532
388,272,0.7010,2069.6,1910.7,1.0832
388,274,0.7062,2072.2,2029.5,1.0210
388,276,0.7113,2091.0,1996.2,1.0475
388,278,0.7165,2093.6,2047.9,1.0223
388,280,0.7216,2103.6,2117.1,0.9937
388,282,0.7268,2131.2,2125.4,1.0027
388,284,0.7320,2146.0,2044.0,1.0499
388,286,0.7371,2149.1,2056.2,1.0452
388,288,0.7423,2162.7,2107.6,1.0261
388,290,0.7474,2167.4,2115.9,1.0244
392,196,0.5000,2098.8,1720.4,1.2200
392,198,0.5051,1759.3,1698.8,1.0356
392,200,0.5102,1772.8,1708.3,1.0377
392,202,0.5153,1782.7,1710.2,1.0424
392,204,0.5204,1790.9,1720.2,1.0411
392,206,0.5255,1824.5,1753.2,1.0407
392,208,0.5306,1827.0,1761.3,1.0373
392,210,0.5357,1833.3,1767.3,1.0373
392,212,0.5408,1841.1,1760.7,1.0456
392,214,0.5459,1841.4,1788.5,1.0295
392,216,0.5510,1855.8,1780.4,1.0424
392,218,0.5561,1863.1,1773.8,1.0504
392,220,0.5612,1872.8,1832.8,1.0219
392,222,0.5663,1882.2,1827.6,1.0299
392,224,0.5714,1896.9,1833.9,1.0343
392,226,0.5765,1909.5,1810.2,1.0548
392,228,0.5816,1915.5,1810.3,1.0581
392,230,0.5867,1933.3,1811.4,1.0673
392,232,0.5918,1933.2,1815.7,1.0647
392,234,0.5969,1944.1,1854.7,1.0482
392,236,0.6020,1948.2,1823.0,1.0687
392,238,0.6071,1965.5,1855.7,1.0592
392,240,0.6122,1970.1,1828.1,1.0777
392,242,0.6173,1977.4,1836.4,1.0768
392,244,0.6224,2008.5,1869.9,1.0742
392,246,0.6276,2007.3,1840.0,1.0909
392,248,0.6327,2014.6,1843.2,1.0930
392,250,0.6378,2030.0,1882.1,1.0786
392,252,0.6429,2039.2,1856.7,1.0983
392,254,0.6480,2051.7,1883.1,1.0895
392,256,0.6531,2058.3,1887.9,1.0902
392,258,0.6582,2066.6,1869.3,1.1056
392,260,0.6633,2094.0,1866.7,1.1218
392,262,0.6684,2097.7,1893.0,1.1081
392,264,0.6735,2105.1,1866.6,1.1278
392,266,0.6786,2118.2,1965.5,1.0777
392,268,0.6837,2124.0,1906.4,1.1141
392,270,0.6888,2131.4,1945.5,1.0956
392,272,0.6939,2145.9,1936.1,1.1084
392,274,0.6990,2154.7,2028.2,1.0624
392,276,0.7041,2170.2,2067.3,1.0498
392,278,0.7092,2177.9,2044.7,1.0651
392,280,0.7143,2189.4,2059.3,1.0632
392,282,0.7194,2209.0,2077.3,1.0634
392,284,0.7245,2220.3,2111.5,1.0515
392,286,0.7296,2231.2,2053.4,1.0866
392,288,0.7347,2237.0,2108.7,1.0609
392,290,0.7398,2251.3,2119.0,1.0624
392,292,0.7449,2263.9,2170.8,1.0429
392,294,0.7500,2271.1,2193.6,1.0354
396,198,0.5000,2145.1,1725.7,1.2430
396,200,0.5051,1813.0,1762.0,1.0289
396,202,0.5101,1833.6,1736.6,1.0558
396,204,0.5152,1844.8,1764.6,1.0455
396,206,0.5202,1853.5,1770.6,1.0468
396,208,0.5253,1869.0,1784.2,1.0475
396,210,0.5303,1875.2,1781.7,1.0525
396,212,0.5354,1890.4,1786.2,1.0583
396,214,0.5404,1888.8,1775.8,1.0636
396,216,0.5455,1904.3,1776.9,1.0717
396,218,0.5505,1908.5,1809.9,1.0545
396,220,0.5556,1920.2,1847.1,1.0396
396,222,0.5606,1939.5,1877.9,1.0328
396,224,0.5657,1947.7,1840.8,1.0580
396,226,0.5707,1945.7,1865.5,1.0430
396,228,0.5758,1955.7,1884.5,1.0377
396,230,0.5808,1973.9,1876.6,1.0519
396,232,0.5859,1979.4,1827.8,1.0830
396,234,0.5909,1991.1,1858.8,1.0712
396,236,0.5960,2006.7,1847.0,1.0864
396,238,0.6010,2015.6,1851.1,1.0888
396,240,0.6061,2014.8,1867.4,1.0790
396,242,0.6111,2038.0,1877.9,1.0853
396,244,0.6162,2043.4,1857.3,1.1002
396,246,0.6212,2052.2,1894.6,1.0832
396,248,0.6263,2068.5,1902.1,1.0875
396,250,0.6313,2075.2,1882.3,1.1025
396,252,0.6364,2092.3,1910.9,1.0950
396,254,0.6414,2096.0,1894.5,1.1064
396,256,0.6465,2108.9,1893.8,1.1136
396,258,0.6515,2118.7,1911.0,1.1087
396,260,0.6566,2137.3,1884.8,1.1340
396,262,0.6616,2148.6,1944.1,1.1052
396,264,0.6667,2155.1,1920.8,1.1220
396,266,0.6717,2169.4,1977.8,1.0969
396,268,0.6768,2173.9,1971.6,1.1026
396,270,0.6818,2192.3,2006.0,1.0928
396,272,0.6869,2193.5,1992.8,1.1007
396,274,0.6919,2210.2,2027.1,1.0903
396,276,0.6970,2221.8,1998.8,1.1115
396,278,0.7020,2227.6,2063.8,1.0794
396,280,0.7071,2233.4,2074.2,1.0768
396,282,0.7121,2250.4,2106.5,1.0683
396,284,0.7172,2255.4,2120.7,1.0635
396,286,0.7222,2272.8,2125.8,1.0691
396,288,0.7273,2286.5,2130.7,1.0731
396,290,0.7323,2297.0,2117.0,1.0851
396,292,0.7374,2310.6,2147.7,1.0759
396,294,0.7424,2331.6,2212.9,1.0536
396,296,0.7475,2338.9,2238.9,1.0447
400,200,0.5000,2192.0,1746.9,1.2548
400,202,0.5050,1827.6,1756.9,1.0402
400,204,0.5100,1843.9,1784.7,1.0332
400,206,0.5150,1855.1,1812.0,1.0238
400,208,0.5200,1861.7,1818.2,1.0239
400,210,0.5250,1897.6,1792.2,1.0588
400,212,0.5300,1890.3,1823.7,1.0365
400,214,0.5350,1894.0,1845.2,1.0264
400,216,0.5400,1904.5,1813.9,1.0499
400,218,0.5450,1917.5,1825.3,1.0505
400,220,0.5500,1919.1,1828.0,1.0498
400,222,0.5550,1945.3,1873.7,1.0382
400,224,0.5600,1948.8,1884.8,1.0339
400,226,0.5650,1946.2,1883.7,1.0332
400,228,0.5700,1958.3,1865.8,1.0495
400,230,0.5750,1969.7,1882.7,1.0462
400,232,0.5800,1977.0,1871.4,1.0564
400,234,0.5850,1991.2,1913.9,1.0403
400,236,0.5900,1995.5,1897.3,1.0518
400,238,0.5950,2023.2,1904.8,1.0621
400,240,0.6000,2019.4,1905.6,1.0597
400,242,0.6050,2026.6,1917.4,1.0570
400,244,0.6100,2041.9,1908.4,1.0699
400,246,0.6150,2056.5,1910.4,1.0765
400,248,0.6200,2060.7,1927.5,1.0691
400,250,0.6250,2076.3,1918.8,1.0821
400,252,0.6300,2085.3,1915.9,1.0884
400,254,0.6350,2089.9,1939.2,1.0778
400,256,0.6400,2099.8,1938.8,1.0830
400,258,0.6450,2120.1,1925.4,1.1011
400,260,0.6500,2130.9,1951.0,1.0922
400,262,0.6550,2144.6,1933.8,1.1090
400,264,0.6600,2150.3,1948.7,1.1034
400,266,0.6650,2154.0,1965.8,1.0957
400,268,0.6700,2183.0,2010.2,1.0860
400,270,0.6750,2181.7,1949.5,1.1191
400,272,0.6800,2193.7,1952.7,1.1234
400,274,0.6850,2200.7,2034.0,1.0819
400,276,0.6900,2215.4,2063.5,1.0736
400,278,0.6950,2226.0,2065.6,1.0777
400,280,0.7000,2247.0,2078.1,1.0813
400,282,0.7050,2246.5,2160.5,1.0398
400,284,0.7100,2251.9,2081.9,1.0817
400,286,0.7150,2268.0,2128.7,1.0655
400,288,0.7200,2279.4,2132.6,1.0688
400,290,0.7250,2298.6,2121.1,1.0837
400,292,0.7300,2302.6,2295.6,1.0031
400,294,0.7350,2323.9,2265.0,1.0260
400,296,0.7400,2333.8,2314.9,1.0082
400,298,0.7450,2350.7,2247.6,1.0459
400,300,0.7500,2357.1,2255.1,1.0452
